2026-02-05 19:55:33,873 - uplink - INFO - Data saved to DB for device AABBCC01020307: {'Type': 1, 'Battery': 3.65, 'Temperature': 20.1, 'T_min': 15.6, 'T_max': 22.6, 'Humidity': 36.0, 'Pressure': 1014.55, 'Irradiation': 758, 'Irr_max': 790, 'Rain': 0.0, 'Rain_min_time': 0.0}
2026-02-05 19:55:43,887 - uplink - INFO - Data saved to DB for device AABBCC01020307: {'Type': 1, 'Battery': 3.6, 'Temperature': 28.0, 'T_min': 25.4, 'T_max': 30.1, 'Humidity': 51.4, 'Pressure': 1004.65, 'Irradiation': 318, 'Irr_max': 396, 'Rain': 0.0, 'Rain_min_time': 0.0}
2026-02-05 19:55:53,907 - uplink - INFO - Data saved to DB for device AABBCC01020307: {'Type': 1, 'Battery': 4.2, 'Temperature': 16.0, 'T_min': 15.2, 'T_max': 20.3, 'Humidity': 54.2, 'Pressure': 1027.85, 'Irradiation': 720, 'Irr_max': 810, 'Rain': 0.0, 'Rain_min_time': 0.0}
2026-02-05 19:56:03,938 - uplink - INFO - Data saved to DB for device AABBCC01020307: {'Type': 1, 'Battery': 4.05, 'Temperature': 23.1, 'T_min': 20.7, 'T_max': 24.6, 'Humidity': 78.8, 'Pressure': 1016.65, 'Irradiation': 198, 'Irr_max': 208, 'Rain': 0.0, 'Rain_min_time': 0.0}
2026-02-05 19:56:13,969 - uplink - INFO - Data saved to DB for device AABBCC01020307: {'Type': 1, 'Battery': 3.95, 'Temperature': 21.6, 'T_min': 21.1, 'T_max': 26.1, 'Humidity': 72.6, 'Pressure': 986.05, 'Irradiation': 296, 'Irr_max': 352, 'Rain': 0.0, 'Rain_min_time': 0.0}
2026-02-17 07:34:01,436 - uplink - INFO - Processing uplink for device: LoraSense-Alpha-01
2026-02-17 07:34:01,443 - uplink - INFO - Data saved to DB for device LoraSense-Alpha-01: {'Type': 1, 'Battery': 3.85, 'Temperature': 27.7, 'T_min': 24.2, 'T_max': 32.6, 'Humidity': 59.2, 'Pressure': 1010.25, 'Irradiation': 608, 'Irr_max': 650, 'Rain': 0.0, 'Rain_min_time': 0.0}
2026-02-17 07:34:01,448 - uplink - INFO - Processing uplink for device: LoraSense-Beta-02
2026-02-17 07:34:01,454 - uplink - INFO - Data saved to DB for device LoraSense-Beta-02: {'Type': 1, 'Battery': 3.8, 'Temperature': 20.8, 'T_min': 20.4, 'T_max': 22.5, 'Humidity': 63.2, 'Pressure': 1003.6, 'Irradiation': 54, 'Irr_max': 138, 'Rain': 0.0, 'Rain_min_time': 0.0}
2026-02-17 07:34:01,457 - uplink - INFO - Processing uplink for device: LoraSense-Gamma-03
2026-02-17 07:34:01,460 - uplink - INFO - Data saved to DB for device LoraSense-Gamma-03: {'Type': 1, 'Battery': 3.65, 'Temperature': 26.8, 'T_min': 24.5, 'T_max': 30.8, 'Humidity': 53.4, 'Pressure': 996.65, 'Irradiation': 728, 'Irr_max': 736, 'Rain': 0.0, 'Rain_min_time': 0.0}
2026-02-17 07:34:01,462 - uplink - INFO - Processing uplink for device: LoraSense-Delta-04
2026-02-17 07:34:01,464 - uplink - INFO - Data saved to DB for device LoraSense-Delta-04: {'Type': 1, 'Battery': 3.75, 'Temperature': 15.6, 'T_min': 11.9, 'T_max': 16.5, 'Humidity': 46.0, 'Pressure': 1000.1, 'Irradiation': 132, 'Irr_max': 206, 'Rain': 0.0, 'Rain_min_time': 0.0}
2026-02-17 07:43:02,996 - uplink - INFO - Processing uplink for device: LoraSense-Alpha-01
2026-02-17 07:43:03,003 - uplink - INFO - Data saved to DB for device LoraSense-Alpha-01: {'Type': 1, 'Battery': 4.05, 'Temperature': 29.5, 'T_min': 26.3, 'T_max': 32.1, 'Humidity': 46.4, 'Pressure': 1005.0, 'Irradiation': 272, 'Irr_max': 324, 'Rain': 0.0, 'Rain_min_time': 0.0}
2026-02-17 07:43:03,008 - uplink - INFO - Processing uplink for device: LoraSense-Beta-02
2026-02-17 07:43:03,014 - uplink - INFO - Data saved to DB for device LoraSense-Beta-02: {'Type': 1, 'Battery': 4.05, 'Temperature': 23.1, 'T_min': 20.7, 'T_max': 25.0, 'Humidity': 46.8, 'Pressure': 1003.55, 'Irradiation': 88, 'Irr_max': 90, 'Rain': 0.0, 'Rain_min_time': 0.0}
2026-02-17 07:43:03,016 - uplink - INFO - Processing uplink for device: LoraSense-Gamma-03
2026-02-17 07:43:03,019 - uplink - INFO - Data saved to DB for device LoraSense-Gamma-03: {'Type': 1, 'Battery': 3.7, 'Temperature': 26.5, 'T_min': 25.3, 'T_max': 28.7, 'Humidity': 59.0, 'Pressure': 1008.1, 'Irradiation': 370, 'Irr_max': 378, 'Rain': 0.0, 'Rain_min_time': 0.0}
2026-02-17 07:43:03,021 - uplink - INFO - Processing uplink for device: LoraSense-Delta-04
2026-02-17 07:43:03,023 - uplink - INFO - Data saved to DB for device LoraSense-Delta-04: {'Type': 1, 'Battery': 3.9, 'Temperature': 28.0, 'T_min': 24.5, 'T_max': 30.9, 'Humidity': 63.4, 'Pressure': 1022.15, 'Irradiation': 710, 'Irr_max': 746, 'Rain': 0.0, 'Rain_min_time': 0.0}
2026-02-23 08:06:55,950 - uplink - INFO - Verarbeite Uplink für Gerät: LoraSense-Alpha-01
2026-02-23 08:06:55,958 - uplink - INFO - Daten erfolgreich in DB gespeichert für LoraSense-Alpha-01: {'Type': 1, 'Battery': 3.65, 'Temperature': 21.7, 'T_min': 17.3, 'T_max': 26.5, 'Humidity': 40.2, 'Pressure': 1018.9, 'Irradiation': 750, 'Irr_max': 822, 'Rain': 9.0, 'Rain_min_time': 0.0}
2026-02-23 08:06:55,963 - uplink - INFO - Verarbeite Uplink für Gerät: LoraSense-Beta-02
2026-02-23 08:06:55,968 - uplink - INFO - Daten erfolgreich in DB gespeichert für LoraSense-Beta-02: {'Type': 1, 'Battery': 4.0, 'Temperature': 20.7, 'T_min': 18.3, 'T_max': 21.1, 'Humidity': 46.4, 'Pressure': 1027.2, 'Irradiation': 112, 'Irr_max': 140, 'Rain': 0.0, 'Rain_min_time': 0.0}
2026-02-23 08:06:55,971 - uplink - INFO - Verarbeite Uplink für Gerät: LoraSense-Gamma-03
2026-02-23 08:06:55,974 - uplink - INFO - Daten erfolgreich in DB gespeichert für LoraSense-Gamma-03: {'Type': 1, 'Battery': 3.95, 'Temperature': 18.8, 'T_min': 16.0, 'T_max': 19.7, 'Humidity': 59.4, 'Pressure': 983.5, 'Irradiation': 466, 'Irr_max': 506, 'Rain': 0.0, 'Rain_min_time': 0.0}
2026-02-23 08:06:55,976 - uplink - INFO - Verarbeite Uplink für Gerät: LoraSense-Delta-04
2026-02-23 08:06:55,979 - uplink - INFO - Daten erfolgreich in DB gespeichert für LoraSense-Delta-04: {'Type': 1, 'Battery': 4.05, 'Temperature': 17.9, 'T_min': 16.7, 'T_max': 18.6, 'Humidity': 57.4, 'Pressure': 1027.9, 'Irradiation': 52, 'Irr_max': 78, 'Rain': 0.0, 'Rain_min_time': 0.0}
2026-02-23 08:07:10,987 - uplink - INFO - Verarbeite Uplink für Gerät: LoraSense-Alpha-01
2026-02-23 08:07:10,993 - uplink - INFO - Daten erfolgreich in DB gespeichert für LoraSense-Alpha-01: {'Type': 1, 'Battery': 4.15, 'Temperature': 17.3, 'T_min': 15.2, 'T_max': 21.8, 'Humidity': 37.8, 'Pressure': 1008.9, 'Irradiation': 86, 'Irr_max': 152, 'Rain': 9.0, 'Rain_min_time': 0.0}
2026-02-23 08:07:10,997 - uplink - INFO - Verarbeite Uplink für Gerät: LoraSense-Beta-02
2026-02-23 08:07:11,001 - uplink - INFO - Daten erfolgreich in DB gespeichert für LoraSense-Beta-02: {'Type': 1, 'Battery': 4.05, 'Temperature': 25.9, 'T_min': 22.8, 'T_max': 27.4, 'Humidity': 78.0, 'Pressure': 980.15, 'Irradiation': 614, 'Irr_max': 626, 'Rain': 0.0, 'Rain_min_time': 0.0}
2026-02-23 08:07:11,030 - uplink - INFO - Verarbeite Uplink für Gerät: LoraSense-Gamma-03
2026-02-23 08:07:11,034 - uplink - INFO - Daten erfolgreich in DB gespeichert für LoraSense-Gamma-03: {'Type': 1, 'Battery': 3.8, 'Temperature': 20.8, 'T_min': 16.0, 'T_max': 24.0, 'Humidity': 35.2, 'Pressure': 1029.1, 'Irradiation': 126, 'Irr_max': 138, 'Rain': 0.0, 'Rain_min_time': 0.0}
2026-02-23 08:07:11,040 - uplink - INFO - Verarbeite Uplink für Gerät: LoraSense-Delta-04
2026-02-23 08:07:11,044 - uplink - INFO - Daten erfolgreich in DB gespeichert für LoraSense-Delta-04: {'Type': 1, 'Battery': 4.2, 'Temperature': 21.4, 'T_min': 18.2, 'T_max': 21.7, 'Humidity': 55.4, 'Pressure': 1025.9, 'Irradiation': 404, 'Irr_max': 426, 'Rain': 2.0, 'Rain_min_time': 0.0}
2026-02-23 08:07:26,056 - uplink - INFO - Verarbeite Uplink für Gerät: LoraSense-Alpha-01
2026-02-23 08:07:26,066 - uplink - INFO - Daten erfolgreich in DB gespeichert für LoraSense-Alpha-01: {'Type': 1, 'Battery': 3.8, 'Temperature': 19.9, 'T_min': 17.0, 'T_max': 21.4, 'Humidity': 61.6, 'Pressure': 1005.45, 'Irradiation': 682, 'Irr_max': 722, 'Rain': 0.0, 'Rain_min_time': 0.0}
2026-02-23 08:07:26,073 - uplink - INFO - Verarbeite Uplink für Gerät: LoraSense-Beta-02
2026-02-23 08:07:26,084 - uplink - INFO - Daten erfolgreich in DB gespeichert für LoraSense-Beta-02: {'Type': 1, 'Battery': 3.85, 'Temperature': 19.6, 'T_min': 15.1, 'T_max': 22.8, 'Humidity': 76.8, 'Pressure': 981.25, 'Irradiation': 218, 'Irr_max': 264, 'Rain': 0.0, 'Rain_min_time': 0.0}
2026-02-23 08:07:26,091 - uplink - INFO - Verarbeite Uplink für Gerät: LoraSense-Gamma-03
2026-02-23 08:07:26,095 - uplink - INFO - Daten erfolgreich in DB gespeichert für LoraSense-Gamma-03: {'Type': 1, 'Battery': 3.9, 'Temperature': 24.3, 'T_min': 20.4, 'T_max': 25.5, 'Humidity': 33.0, 'Pressure': 989.35, 'Irradiation': 790, 'Irr_max': 822, 'Rain': 0.0, 'Rain_min_time': 0.0}
2026-02-23 08:07:26,102 - uplink - INFO - Verarbeite Uplink für Gerät: LoraSense-Delta-04
2026-02-23 08:07:26,107 - uplink - INFO - Daten erfolgreich in DB gespeichert für LoraSense-Delta-04: {'Type': 1, 'Battery': 3.85, 'Temperature': 28.6, 'T_min': 26.6, 'T_max': 30.2, 'Humidity': 55.0, 'Pressure': 990.9, 'Irradiation': 570, 'Irr_max': 596, 'Rain': 0.0, 'Rain_min_time': 0.0}
2026-02-23 08:07:41,121 - uplink - INFO - Verarbeite Uplink für Gerät: LoraSense-Alpha-01
2026-02-23 08:07:41,133 - uplink - INFO - Daten erfolgreich in DB gespeichert für LoraSense-Alpha-01: {'Type': 1, 'Battery': 4.0, 'Temperature': 29.6, 'T_min': 26.7, 'T_max': 33.0, 'Humidity': 75.8, 'Pressure': 1010.6, 'Irradiation': 78, 'Irr_max': 172, 'Rain': 0.0, 'Rain_min_time': 0.0}
2026-02-23 08:07:41,143 - uplink - INFO - Verarbeite Uplink für Gerät: LoraSense-Beta-02
2026-02-23 08:07:41,150 - uplink - INFO - Daten erfolgreich in DB gespeichert für LoraSense-Beta-02: {'Type': 1, 'Battery': 4.05, 'Temperature': 26.5, 'T_min': 21.5, 'T_max': 30.5, 'Humidity': 70.2, 'Pressure': 981.8, 'Irradiation': 438, 'Irr_max': 516, 'Rain': 1.0, 'Rain_min_time': 0.0}
2026-02-23 08:07:41,157 - uplink - INFO - Verarbeite Uplink für Gerät: LoraSense-Gamma-03
2026-02-23 08:07:41,162 - uplink - INFO - Daten erfolgreich in DB gespeichert für LoraSense-Gamma-03: {'Type': 1, 'Battery': 4.15, 'Temperature': 24.5, 'T_min': 22.1, 'T_max': 25.2, 'Humidity': 46.4, 'Pressure': 1013.55, 'Irradiation': 790, 'Irr_max': 884, 'Rain': 0.0, 'Rain_min_time': 0.0}
2026-02-23 08:07:41,167 - uplink - INFO - Verarbeite Uplink für Gerät: LoraSense-Delta-04
2026-02-23 08:07:41,173 - uplink - INFO - Daten erfolgreich in DB gespeichert für LoraSense-Delta-04: {'Type': 1, 'Battery': 3.6, 'Temperature': 20.5, 'T_min': 18.3, 'T_max': 22.8, 'Humidity': 43.0, 'Pressure': 1025.45, 'Irradiation': 364, 'Irr_max': 378, 'Rain': 0.0, 'Rain_min_time': 0.0}
2026-02-23 08:07:56,186 - uplink - INFO - Verarbeite Uplink für Gerät: LoraSense-Alpha-01
2026-02-23 08:07:56,197 - uplink - INFO - Daten erfolgreich in DB gespeichert für LoraSense-Alpha-01: {'Type': 1, 'Battery': 3.6, 'Temperature': 23.1, 'T_min': 22.7, 'T_max': 25.0, 'Humidity': 68.2, 'Pressure': 1005.4, 'Irradiation': 322, 'Irr_max': 370, 'Rain': 0.0, 'Rain_min_time': 0.0}
2026-02-23 08:07:56,206 - uplink - INFO - Verarbeite Uplink für Gerät: LoraSense-Beta-02
2026-02-23 08:07:56,215 - uplink - INFO - Daten erfolgreich in DB gespeichert für LoraSense-Beta-02: {'Type': 1, 'Battery': 3.6, 'Temperature': 21.2, 'T_min': 19.9, 'T_max': 23.0, 'Humidity': 61.6, 'Pressure': 1017.75, 'Irradiation': 6, 'Irr_max': 14, 'Rain': 0.0, 'Rain_min_time': 0.0}
2026-02-23 08:07:56,222 - uplink - INFO - Verarbeite Uplink für Gerät: LoraSense-Gamma-03
2026-02-23 08:07:56,228 - uplink - INFO - Daten erfolgreich in DB gespeichert für LoraSense-Gamma-03: {'Type': 1, 'Battery': 3.8, 'Temperature': 17.0, 'T_min': 14.9, 'T_max': 20.7, 'Humidity': 62.4, 'Pressure': 989.8, 'Irradiation': 316, 'Irr_max': 372, 'Rain': 0.0, 'Rain_min_time': 0.0}
2026-02-23 08:07:56,234 - uplink - INFO - Verarbeite Uplink für Gerät: LoraSense-Delta-04
2026-02-23 08:07:56,240 - uplink - INFO - Daten erfolgreich in DB gespeichert für LoraSense-Delta-04: {'Type': 1, 'Battery': 3.8, 'Temperature': 22.6, 'T_min': 22.6, 'T_max': 27.5, 'Humidity': 35.0, 'Pressure': 1028.05, 'Irradiation': 232, 'Irr_max': 288, 'Rain': 0.0, 'Rain_min_time': 0.0}
2026-02-23 08:08:11,253 - uplink - INFO - Verarbeite Uplink für Gerät: LoraSense-Alpha-01
2026-02-23 08:08:11,266 - uplink - INFO - Daten erfolgreich in DB gespeichert für LoraSense-Alpha-01: {'Type': 1, 'Battery': 4.15, 'Temperature': 29.9, 'T_min': 29.0, 'T_max': 30.3, 'Humidity': 78.2, 'Pressure': 1009.55, 'Irradiation': 396, 'Irr_max': 484, 'Rain': 0.0, 'Rain_min_time': 0.0}
2026-02-23 08:08:11,273 - uplink - INFO - Verarbeite Uplink für Gerät: LoraSense-Beta-02
2026-02-23 08:08:11,281 - uplink - INFO - Daten erfolgreich in DB gespeichert für LoraSense-Beta-02: {'Type': 1, 'Battery': 3.95, 'Temperature': 23.6, 'T_min': 19.8, 'T_max': 23.9, 'Humidity': 74.6, 'Pressure': 982.6, 'Irradiation': 360, 'Irr_max': 438, 'Rain': 8.0, 'Rain_min_time': 0.0}
2026-02-23 08:08:11,289 - uplink - INFO - Verarbeite Uplink für Gerät: LoraSense-Gamma-03
2026-02-23 08:08:11,295 - uplink - INFO - Daten erfolgreich in DB gespeichert für LoraSense-Gamma-03: {'Type': 1, 'Battery': 3.6, 'Temperature': 23.2, 'T_min': 20.3, 'T_max': 24.5, 'Humidity': 73.8, 'Pressure': 995.0, 'Irradiation': 216, 'Irr_max': 314, 'Rain': 0.0, 'Rain_min_time': 0.0}
2026-02-23 08:08:11,301 - uplink - INFO - Verarbeite Uplink für Gerät: LoraSense-Delta-04
2026-02-23 08:08:11,307 - uplink - INFO - Daten erfolgreich in DB gespeichert für LoraSense-Delta-04: {'Type': 1, 'Battery': 3.75, 'Temperature': 24.3, 'T_min': 22.7, 'T_max': 25.1, 'Humidity': 67.8, 'Pressure': 1012.95, 'Irradiation': 250, 'Irr_max': 306, 'Rain': 0.0, 'Rain_min_time': 0.0}
2026-02-23 08:08:26,320 - uplink - INFO - Verarbeite Uplink für Gerät: LoraSense-Alpha-01
2026-02-23 08:08:26,327 - uplink - INFO - Daten erfolgreich in DB gespeichert für LoraSense-Alpha-01: {'Type': 1, 'Battery': 4.1, 'Temperature': 26.0, 'T_min': 25.8, 'T_max': 29.6, 'Humidity': 54.8, 'Pressure': 987.45, 'Irradiation': 116, 'Irr_max': 210, 'Rain': 0.0, 'Rain_min_time': 0.0}
2026-02-23 08:08:26,334 - uplink - INFO - Verarbeite Uplink für Gerät: LoraSense-Beta-02
2026-02-23 08:08:26,341 - uplink - INFO - Daten erfolgreich in DB gespeichert für LoraSense-Beta-02: {'Type': 1, 'Battery': 3.75, 'Temperature': 27.2, 'T_min': 24.0, 'T_max': 32.0, 'Humidity': 33.2, 'Pressure': 1000.9, 'Irradiation': 44, 'Irr_max': 128, 'Rain': 2.0, 'Rain_min_time': 0.0}
2026-02-23 08:08:26,348 - uplink - INFO - Verarbeite Uplink für Gerät: LoraSense-Gamma-03
2026-02-23 08:08:26,355 - uplink - INFO - Daten erfolgreich in DB gespeichert für LoraSense-Gamma-03: {'Type': 1, 'Battery': 4.15, 'Temperature': 28.2, 'T_min': 25.2, 'T_max': 32.1, 'Humidity': 51.0, 'Pressure': 983.5, 'Irradiation': 534, 'Irr_max': 548, 'Rain': 0.0, 'Rain_min_time': 0.0}
2026-02-23 08:08:26,360 - uplink - INFO - Verarbeite Uplink für Gerät: LoraSense-Delta-04
2026-02-23 08:08:26,364 - uplink - INFO - Daten erfolgreich in DB gespeichert für LoraSense-Delta-04: {'Type': 1, 'Battery': 3.75, 'Temperature': 20.7, 'T_min': 20.1, 'T_max': 20.9, 'Humidity': 54.2, 'Pressure': 989.2, 'Irradiation': 710, 'Irr_max': 734, 'Rain': 0.0, 'Rain_min_time': 0.0}
2026-02-23 08:08:41,378 - uplink - INFO - Verarbeite Uplink für Gerät: LoraSense-Alpha-01
2026-02-23 08:08:41,387 - uplink - INFO - Daten erfolgreich in DB gespeichert für LoraSense-Alpha-01: {'Type': 1, 'Battery': 3.8, 'Temperature': 26.9, 'T_min': 22.0, 'T_max': 27.4, 'Humidity': 55.0, 'Pressure': 982.05, 'Irradiation': 370, 'Irr_max': 442, 'Rain': 0.0, 'Rain_min_time': 0.0}
2026-02-23 08:08:41,395 - uplink - INFO - Verarbeite Uplink für Gerät: LoraSense-Beta-02
2026-02-23 08:08:41,401 - uplink - INFO - Daten erfolgreich in DB gespeichert für LoraSense-Beta-02: {'Type': 1, 'Battery': 3.65, 'Temperature': 23.9, 'T_min': 20.5, 'T_max': 26.8, 'Humidity': 58.8, 'Pressure': 986.85, 'Irradiation': 90, 'Irr_max': 136, 'Rain': 0.0, 'Rain_min_time': 0.0}
2026-02-23 08:08:41,408 - uplink - INFO - Verarbeite Uplink für Gerät: LoraSense-Gamma-03
2026-02-23 08:08:41,414 - uplink - INFO - Daten erfolgreich in DB gespeichert für LoraSense-Gamma-03: {'Type': 1, 'Battery': 3.95, 'Temperature': 16.1, 'T_min': 11.3, 'T_max': 18.7, 'Humidity': 64.0, 'Pressure': 1017.9, 'Irradiation': 580, 'Irr_max': 666, 'Rain': 0.0, 'Rain_min_time': 0.0}
2026-02-23 08:08:41,418 - uplink - INFO - Verarbeite Uplink für Gerät: LoraSense-Delta-04
2026-02-23 08:08:41,422 - uplink - INFO - Daten erfolgreich in DB gespeichert für LoraSense-Delta-04: {'Type': 1, 'Battery': 4.0, 'Temperature': 19.8, 'T_min': 15.6, 'T_max': 24.0, 'Humidity': 61.2, 'Pressure': 1020.45, 'Irradiation': 252, 'Irr_max': 338, 'Rain': 0.0, 'Rain_min_time': 0.0}
2026-02-23 08:08:56,435 - uplink - INFO - Verarbeite Uplink für Gerät: LoraSense-Alpha-01
2026-02-23 08:08:56,444 - uplink - INFO - Daten erfolgreich in DB gespeichert für LoraSense-Alpha-01: {'Type': 1, 'Battery': 3.9, 'Temperature': 27.0, 'T_min': 24.2, 'T_max': 29.9, 'Humidity': 30.4, 'Pressure': 1020.5, 'Irradiation': 560, 'Irr_max': 594, 'Rain': 0.0, 'Rain_min_time': 0.0}
2026-02-23 08:08:56,452 - uplink - INFO - Verarbeite Uplink für Gerät: LoraSense-Beta-02
2026-02-23 08:08:56,462 - uplink - INFO - Daten erfolgreich in DB gespeichert für LoraSense-Beta-02: {'Type': 1, 'Battery': 3.95, 'Temperature': 25.4, 'T_min': 23.4, 'T_max': 26.0, 'Humidity': 66.4, 'Pressure': 1013.35, 'Irradiation': 440, 'Irr_max': 474, 'Rain': 0.0, 'Rain_min_time': 0.0}
2026-02-23 08:08:56,468 - uplink - INFO - Verarbeite Uplink für Gerät: LoraSense-Gamma-03
2026-02-23 08:08:56,474 - uplink - INFO - Daten erfolgreich in DB gespeichert für LoraSense-Gamma-03: {'Type': 1, 'Battery': 4.0, 'Temperature': 24.6, 'T_min': 19.7, 'T_max': 26.4, 'Humidity': 72.4, 'Pressure': 1006.5, 'Irradiation': 764, 'Irr_max': 834, 'Rain': 0.0, 'Rain_min_time': 0.0}
2026-02-23 08:08:56,479 - uplink - INFO - Verarbeite Uplink für Gerät: LoraSense-Delta-04
2026-02-23 08:08:56,484 - uplink - INFO - Daten erfolgreich in DB gespeichert für LoraSense-Delta-04: {'Type': 1, 'Battery': 4.05, 'Temperature': 25.2, 'T_min': 22.3, 'T_max': 27.1, 'Humidity': 76.4, 'Pressure': 1005.75, 'Irradiation': 702, 'Irr_max': 746, 'Rain': 5.0, 'Rain_min_time': 0.0}
2026-02-23 08:09:11,498 - uplink - INFO - Verarbeite Uplink für Gerät: LoraSense-Alpha-01
2026-02-23 08:09:11,506 - uplink - INFO - Daten erfolgreich in DB gespeichert für LoraSense-Alpha-01: {'Type': 1, 'Battery': 3.8, 'Temperature': 29.0, 'T_min': 25.1, 'T_max': 32.5, 'Humidity': 43.0, 'Pressure': 984.25, 'Irradiation': 26, 'Irr_max': 50, 'Rain': 0.0, 'Rain_min_time': 0.0}
2026-02-23 08:09:11,515 - uplink - INFO - Verarbeite Uplink für Gerät: LoraSense-Beta-02
2026-02-23 08:09:11,521 - uplink - INFO - Daten erfolgreich in DB gespeichert für LoraSense-Beta-02: {'Type': 1, 'Battery': 3.6, 'Temperature': 18.0, 'T_min': 17.3, 'T_max': 19.9, 'Humidity': 40.2, 'Pressure': 994.65, 'Irradiation': 262, 'Irr_max': 318, 'Rain': 0.0, 'Rain_min_time': 0.0}
2026-02-23 08:09:11,528 - uplink - INFO - Verarbeite Uplink für Gerät: LoraSense-Gamma-03
2026-02-23 08:09:11,534 - uplink - INFO - Daten erfolgreich in DB gespeichert für LoraSense-Gamma-03: {'Type': 1, 'Battery': 3.65, 'Temperature': 23.0, 'T_min': 21.2, 'T_max': 23.4, 'Humidity': 54.4, 'Pressure': 993.7, 'Irradiation': 502, 'Irr_max': 536, 'Rain': 0.0, 'Rain_min_time': 0.0}
2026-02-23 08:09:11,539 - uplink - INFO - Verarbeite Uplink für Gerät: LoraSense-Delta-04
2026-02-23 08:09:11,542 - uplink - INFO - Daten erfolgreich in DB gespeichert für LoraSense-Delta-04: {'Type': 1, 'Battery': 3.95, 'Temperature': 15.7, 'T_min': 12.6, 'T_max': 19.3, 'Humidity': 64.8, 'Pressure': 1009.05, 'Irradiation': 336, 'Irr_max': 404, 'Rain': 0.0, 'Rain_min_time': 0.0}
2026-02-23 08:09:26,546 - uplink - INFO - Verarbeite Uplink für Gerät: LoraSense-Alpha-01
2026-02-23 08:09:26,549 - uplink - INFO - Daten erfolgreich in DB gespeichert für LoraSense-Alpha-01: {'Type': 1, 'Battery': 3.7, 'Temperature': 26.8, 'T_min': 22.0, 'T_max': 27.4, 'Humidity': 58.2, 'Pressure': 1004.65, 'Irradiation': 56, 'Irr_max': 106, 'Rain': 0.0, 'Rain_min_time': 0.0}
2026-02-23 08:09:26,553 - uplink - INFO - Verarbeite Uplink für Gerät: LoraSense-Beta-02
2026-02-23 08:09:26,555 - uplink - INFO - Daten erfolgreich in DB gespeichert für LoraSense-Beta-02: {'Type': 1, 'Battery': 4.1, 'Temperature': 25.7, 'T_min': 23.2, 'T_max': 29.7, 'Humidity': 56.8, 'Pressure': 1009.5, 'Irradiation': 542, 'Irr_max': 542, 'Rain': 0.0, 'Rain_min_time': 0.0}
2026-02-23 08:09:26,557 - uplink - INFO - Verarbeite Uplink für Gerät: LoraSense-Gamma-03
2026-02-23 08:09:26,560 - uplink - INFO - Daten erfolgreich in DB gespeichert für LoraSense-Gamma-03: {'Type': 1, 'Battery': 3.9, 'Temperature': 18.6, 'T_min': 17.2, 'T_max': 22.2, 'Humidity': 77.2, 'Pressure': 1026.75, 'Irradiation': 418, 'Irr_max': 438, 'Rain': 10.0, 'Rain_min_time': 0.0}
2026-02-23 08:09:26,563 - uplink - INFO - Verarbeite Uplink für Gerät: LoraSense-Delta-04
2026-02-23 08:09:26,565 - uplink - INFO - Daten erfolgreich in DB gespeichert für LoraSense-Delta-04: {'Type': 1, 'Battery': 3.75, 'Temperature': 17.8, 'T_min': 17.1, 'T_max': 20.4, 'Humidity': 74.0, 'Pressure': 1013.5, 'Irradiation': 526, 'Irr_max': 618, 'Rain': 0.0, 'Rain_min_time': 0.0}
2026-02-23 08:09:41,574 - uplink - INFO - Verarbeite Uplink für Gerät: LoraSense-Alpha-01
2026-02-23 08:09:41,583 - uplink - INFO - Daten erfolgreich in DB gespeichert für LoraSense-Alpha-01: {'Type': 1, 'Battery': 3.9, 'Temperature': 19.7, 'T_min': 15.3, 'T_max': 20.6, 'Humidity': 36.8, 'Pressure': 1022.4, 'Irradiation': 416, 'Irr_max': 470, 'Rain': 0.0, 'Rain_min_time': 0.0}
2026-02-23 08:09:41,588 - uplink - INFO - Verarbeite Uplink für Gerät: LoraSense-Beta-02
2026-02-23 08:09:41,595 - uplink - INFO - Daten erfolgreich in DB gespeichert für LoraSense-Beta-02: {'Type': 1, 'Battery': 4.05, 'Temperature': 24.2, 'T_min': 23.8, 'T_max': 26.0, 'Humidity': 49.8, 'Pressure': 1014.5, 'Irradiation': 428, 'Irr_max': 442, 'Rain': 7.0, 'Rain_min_time': 0.0}
2026-02-23 08:09:41,598 - uplink - INFO - Verarbeite Uplink für Gerät: LoraSense-Gamma-03
2026-02-23 08:09:41,602 - uplink - INFO - Daten erfolgreich in DB gespeichert für LoraSense-Gamma-03: {'Type': 1, 'Battery': 4.15, 'Temperature': 19.6, 'T_min': 19.5, 'T_max': 20.7, 'Humidity': 64.0, 'Pressure': 980.3, 'Irradiation': 26, 'Irr_max': 52, 'Rain': 0.0, 'Rain_min_time': 0.0}
2026-02-23 08:09:41,605 - uplink - INFO - Verarbeite Uplink für Gerät: LoraSense-Delta-04
2026-02-23 08:09:41,608 - uplink - INFO - Daten erfolgreich in DB gespeichert für LoraSense-Delta-04: {'Type': 1, 'Battery': 4.1, 'Temperature': 29.8, 'T_min': 25.8, 'T_max': 33.2, 'Humidity': 66.2, 'Pressure': 993.8, 'Irradiation': 56, 'Irr_max': 116, 'Rain': 0.0, 'Rain_min_time': 0.0}
2026-02-23 08:09:56,619 - uplink - INFO - Verarbeite Uplink für Gerät: LoraSense-Alpha-01
2026-02-23 08:09:56,624 - uplink - INFO - Daten erfolgreich in DB gespeichert für LoraSense-Alpha-01: {'Type': 1, 'Battery': 4.1, 'Temperature': 23.8, 'T_min': 21.6, 'T_max': 28.4, 'Humidity': 41.6, 'Pressure': 1006.65, 'Irradiation': 72, 'Irr_max': 152, 'Rain': 0.0, 'Rain_min_time': 0.0}
2026-02-23 08:09:56,630 - uplink - INFO - Verarbeite Uplink für Gerät: LoraSense-Beta-02
2026-02-23 08:09:56,633 - uplink - INFO - Daten erfolgreich in DB gespeichert für LoraSense-Beta-02: {'Type': 1, 'Battery': 3.9, 'Temperature': 29.7, 'T_min': 29.4, 'T_max': 31.9, 'Humidity': 51.8, 'Pressure': 980.45, 'Irradiation': 794, 'Irr_max': 816, 'Rain': 0.0, 'Rain_min_time': 0.0}
2026-02-23 08:09:56,638 - uplink - INFO - Verarbeite Uplink für Gerät: LoraSense-Gamma-03
2026-02-23 08:09:56,650 - uplink - INFO - Daten erfolgreich in DB gespeichert für LoraSense-Gamma-03: {'Type': 1, 'Battery': 3.7, 'Temperature': 23.6, 'T_min': 20.5, 'T_max': 24.9, 'Humidity': 61.4, 'Pressure': 998.35, 'Irradiation': 758, 'Irr_max': 806, 'Rain': 0.0, 'Rain_min_time': 0.0}
2026-02-23 08:09:56,657 - uplink - INFO - Verarbeite Uplink für Gerät: LoraSense-Delta-04
2026-02-23 08:09:56,664 - uplink - INFO - Daten erfolgreich in DB gespeichert für LoraSense-Delta-04: {'Type': 1, 'Battery': 3.9, 'Temperature': 20.0, 'T_min': 19.2, 'T_max': 22.2, 'Humidity': 43.6, 'Pressure': 999.85, 'Irradiation': 24, 'Irr_max': 110, 'Rain': 0.0, 'Rain_min_time': 0.0}
2026-02-23 08:10:11,676 - uplink - INFO - Verarbeite Uplink für Gerät: LoraSense-Alpha-01
2026-02-23 08:10:11,685 - uplink - INFO - Daten erfolgreich in DB gespeichert für LoraSense-Alpha-01: {'Type': 1, 'Battery': 3.75, 'Temperature': 24.5, 'T_min': 19.9, 'T_max': 27.2, 'Humidity': 70.8, 'Pressure': 1015.25, 'Irradiation': 206, 'Irr_max': 302, 'Rain': 0.0, 'Rain_min_time': 0.0}
2026-02-23 08:10:11,693 - uplink - INFO - Verarbeite Uplink für Gerät: LoraSense-Beta-02
2026-02-23 08:10:11,700 - uplink - INFO - Daten erfolgreich in DB gespeichert für LoraSense-Beta-02: {'Type': 1, 'Battery': 3.7, 'Temperature': 17.3, 'T_min': 16.7, 'T_max': 18.6, 'Humidity': 65.0, 'Pressure': 996.6, 'Irradiation': 736, 'Irr_max': 740, 'Rain': 0.0, 'Rain_min_time': 0.0}
2026-02-23 08:10:11,707 - uplink - INFO - Verarbeite Uplink für Gerät: LoraSense-Gamma-03
2026-02-23 08:10:11,712 - uplink - INFO - Daten erfolgreich in DB gespeichert für LoraSense-Gamma-03: {'Type': 1, 'Battery': 4.05, 'Temperature': 27.1, 'T_min': 24.7, 'T_max': 30.3, 'Humidity': 62.0, 'Pressure': 1009.75, 'Irradiation': 190, 'Irr_max': 260, 'Rain': 0.0, 'Rain_min_time': 0.0}
2026-02-23 08:10:11,718 - uplink - INFO - Verarbeite Uplink für Gerät: LoraSense-Delta-04
2026-02-23 08:10:11,724 - uplink - INFO - Daten erfolgreich in DB gespeichert für LoraSense-Delta-04: {'Type': 1, 'Battery': 3.95, 'Temperature': 19.3, 'T_min': 14.8, 'T_max': 21.4, 'Humidity': 55.6, 'Pressure': 1020.2, 'Irradiation': 330, 'Irr_max': 414, 'Rain': 0.0, 'Rain_min_time': 0.0}
2026-02-23 08:10:26,732 - uplink - INFO - Verarbeite Uplink für Gerät: LoraSense-Alpha-01
2026-02-23 08:10:26,739 - uplink - INFO - Daten erfolgreich in DB gespeichert für LoraSense-Alpha-01: {'Type': 1, 'Battery': 4.05, 'Temperature': 24.3, 'T_min': 19.9, 'T_max': 28.7, 'Humidity': 72.2, 'Pressure': 981.85, 'Irradiation': 388, 'Irr_max': 398, 'Rain': 0.0, 'Rain_min_time': 0.0}
2026-02-23 08:10:26,746 - uplink - INFO - Verarbeite Uplink für Gerät: LoraSense-Beta-02
2026-02-23 08:10:26,752 - uplink - INFO - Daten erfolgreich in DB gespeichert für LoraSense-Beta-02: {'Type': 1, 'Battery': 3.65, 'Temperature': 24.5, 'T_min': 20.0, 'T_max': 26.0, 'Humidity': 72.2, 'Pressure': 1001.2, 'Irradiation': 668, 'Irr_max': 670, 'Rain': 2.0, 'Rain_min_time': 0.0}
2026-02-23 08:10:26,759 - uplink - INFO - Verarbeite Uplink für Gerät: LoraSense-Gamma-03
2026-02-23 08:10:26,764 - uplink - INFO - Daten erfolgreich in DB gespeichert für LoraSense-Gamma-03: {'Type': 1, 'Battery': 4.15, 'Temperature': 26.5, 'T_min': 25.3, 'T_max': 26.5, 'Humidity': 74.6, 'Pressure': 1023.15, 'Irradiation': 650, 'Irr_max': 662, 'Rain': 0.0, 'Rain_min_time': 0.0}
2026-02-23 08:10:26,769 - uplink - INFO - Verarbeite Uplink für Gerät: LoraSense-Delta-04
2026-02-23 08:10:26,775 - uplink - INFO - Daten erfolgreich in DB gespeichert für LoraSense-Delta-04: {'Type': 1, 'Battery': 3.65, 'Temperature': 20.9, 'T_min': 20.0, 'T_max': 25.1, 'Humidity': 72.4, 'Pressure': 985.4, 'Irradiation': 206, 'Irr_max': 296, 'Rain': 0.0, 'Rain_min_time': 0.0}
2026-02-23 08:10:41,789 - uplink - INFO - Verarbeite Uplink für Gerät: LoraSense-Alpha-01
2026-02-23 08:10:41,798 - uplink - INFO - Daten erfolgreich in DB gespeichert für LoraSense-Alpha-01: {'Type': 1, 'Battery': 3.7, 'Temperature': 22.6, 'T_min': 20.0, 'T_max': 23.3, 'Humidity': 46.4, 'Pressure': 995.5, 'Irradiation': 586, 'Irr_max': 618, 'Rain': 0.0, 'Rain_min_time': 0.0}
2026-02-23 08:10:41,806 - uplink - INFO - Verarbeite Uplink für Gerät: LoraSense-Beta-02
2026-02-23 08:10:41,816 - uplink - INFO - Daten erfolgreich in DB gespeichert für LoraSense-Beta-02: {'Type': 1, 'Battery': 4.05, 'Temperature': 19.8, 'T_min': 18.7, 'T_max': 23.1, 'Humidity': 61.0, 'Pressure': 1028.55, 'Irradiation': 42, 'Irr_max': 108, 'Rain': 0.0, 'Rain_min_time': 0.0}
2026-02-23 08:10:41,823 - uplink - INFO - Verarbeite Uplink für Gerät: LoraSense-Gamma-03
2026-02-23 08:10:41,828 - uplink - INFO - Daten erfolgreich in DB gespeichert für LoraSense-Gamma-03: {'Type': 1, 'Battery': 3.85, 'Temperature': 24.0, 'T_min': 22.0, 'T_max': 28.8, 'Humidity': 64.0, 'Pressure': 1018.5, 'Irradiation': 112, 'Irr_max': 120, 'Rain': 3.0, 'Rain_min_time': 0.0}
2026-02-23 08:10:41,834 - uplink - INFO - Verarbeite Uplink für Gerät: LoraSense-Delta-04
2026-02-23 08:10:41,840 - uplink - INFO - Daten erfolgreich in DB gespeichert für LoraSense-Delta-04: {'Type': 1, 'Battery': 4.2, 'Temperature': 17.1, 'T_min': 13.3, 'T_max': 20.1, 'Humidity': 48.4, 'Pressure': 1015.9, 'Irradiation': 326, 'Irr_max': 334, 'Rain': 0.0, 'Rain_min_time': 0.0}
2026-02-23 08:10:56,853 - uplink - INFO - Verarbeite Uplink für Gerät: LoraSense-Alpha-01
2026-02-23 08:10:56,863 - uplink - INFO - Daten erfolgreich in DB gespeichert für LoraSense-Alpha-01: {'Type': 1, 'Battery': 3.7, 'Temperature': 25.3, 'T_min': 25.1, 'T_max': 28.4, 'Humidity': 51.0, 'Pressure': 998.1, 'Irradiation': 308, 'Irr_max': 380, 'Rain': 7.0, 'Rain_min_time': 0.0}
2026-02-23 08:10:56,870 - uplink - INFO - Verarbeite Uplink für Gerät: LoraSense-Beta-02
2026-02-23 08:10:56,875 - uplink - INFO - Daten erfolgreich in DB gespeichert für LoraSense-Beta-02: {'Type': 1, 'Battery': 4.1, 'Temperature': 19.5, 'T_min': 15.4, 'T_max': 19.9, 'Humidity': 54.2, 'Pressure': 1015.85, 'Irradiation': 534, 'Irr_max': 606, 'Rain': 0.0, 'Rain_min_time': 0.0}
2026-02-23 08:10:56,881 - uplink - INFO - Verarbeite Uplink für Gerät: LoraSense-Gamma-03
2026-02-23 08:10:56,885 - uplink - INFO - Daten erfolgreich in DB gespeichert für LoraSense-Gamma-03: {'Type': 1, 'Battery': 3.85, 'Temperature': 18.4, 'T_min': 14.4, 'T_max': 20.5, 'Humidity': 60.0, 'Pressure': 996.8, 'Irradiation': 0, 'Irr_max': 70, 'Rain': 4.0, 'Rain_min_time': 0.0}
2026-02-23 08:10:56,891 - uplink - INFO - Verarbeite Uplink für Gerät: LoraSense-Delta-04
2026-02-23 08:10:56,895 - uplink - INFO - Daten erfolgreich in DB gespeichert für LoraSense-Delta-04: {'Type': 1, 'Battery': 3.7, 'Temperature': 19.1, 'T_min': 17.4, 'T_max': 22.9, 'Humidity': 40.4, 'Pressure': 1009.3, 'Irradiation': 82, 'Irr_max': 180, 'Rain': 0.0, 'Rain_min_time': 0.0}
2026-02-23 08:11:11,909 - uplink - INFO - Verarbeite Uplink für Gerät: LoraSense-Alpha-01
2026-02-23 08:11:11,919 - uplink - INFO - Daten erfolgreich in DB gespeichert für LoraSense-Alpha-01: {'Type': 1, 'Battery': 4.0, 'Temperature': 18.5, 'T_min': 16.9, 'T_max': 19.1, 'Humidity': 75.4, 'Pressure': 1006.0, 'Irradiation': 226, 'Irr_max': 252, 'Rain': 0.0, 'Rain_min_time': 0.0}
2026-02-23 08:11:11,927 - uplink - INFO - Verarbeite Uplink für Gerät: LoraSense-Beta-02
2026-02-23 08:11:11,935 - uplink - INFO - Daten erfolgreich in DB gespeichert für LoraSense-Beta-02: {'Type': 1, 'Battery': 3.8, 'Temperature': 29.0, 'T_min': 28.1, 'T_max': 29.1, 'Humidity': 57.4, 'Pressure': 980.0, 'Irradiation': 106, 'Irr_max': 204, 'Rain': 0.0, 'Rain_min_time': 0.0}
2026-02-23 08:11:11,941 - uplink - INFO - Verarbeite Uplink für Gerät: LoraSense-Gamma-03
2026-02-23 08:11:11,947 - uplink - INFO - Daten erfolgreich in DB gespeichert für LoraSense-Gamma-03: {'Type': 1, 'Battery': 4.2, 'Temperature': 20.4, 'T_min': 19.2, 'T_max': 25.4, 'Humidity': 51.8, 'Pressure': 989.35, 'Irradiation': 564, 'Irr_max': 630, 'Rain': 0.0, 'Rain_min_time': 0.0}
2026-02-23 08:11:11,953 - uplink - INFO - Verarbeite Uplink für Gerät: LoraSense-Delta-04
2026-02-23 08:11:11,958 - uplink - INFO - Daten erfolgreich in DB gespeichert für LoraSense-Delta-04: {'Type': 1, 'Battery': 4.1, 'Temperature': 21.1, 'T_min': 20.0, 'T_max': 25.7, 'Humidity': 69.8, 'Pressure': 1024.9, 'Irradiation': 292, 'Irr_max': 332, 'Rain': 0.0, 'Rain_min_time': 0.0}
2026-02-23 08:11:26,968 - uplink - INFO - Verarbeite Uplink für Gerät: LoraSense-Alpha-01
2026-02-23 08:11:26,974 - uplink - INFO - Daten erfolgreich in DB gespeichert für LoraSense-Alpha-01: {'Type': 1, 'Battery': 3.8, 'Temperature': 29.6, 'T_min': 27.1, 'T_max': 32.7, 'Humidity': 77.8, 'Pressure': 1015.3, 'Irradiation': 382, 'Irr_max': 422, 'Rain': 0.0, 'Rain_min_time': 0.0}
2026-02-23 08:11:26,978 - uplink - INFO - Verarbeite Uplink für Gerät: LoraSense-Beta-02
2026-02-23 08:11:26,982 - uplink - INFO - Daten erfolgreich in DB gespeichert für LoraSense-Beta-02: {'Type': 1, 'Battery': 4.0, 'Temperature': 21.8, 'T_min': 18.5, 'T_max': 24.6, 'Humidity': 42.6, 'Pressure': 982.25, 'Irradiation': 286, 'Irr_max': 338, 'Rain': 0.0, 'Rain_min_time': 0.0}
2026-02-23 08:11:26,986 - uplink - INFO - Verarbeite Uplink für Gerät: LoraSense-Gamma-03
2026-02-23 08:11:26,990 - uplink - INFO - Daten erfolgreich in DB gespeichert für LoraSense-Gamma-03: {'Type': 1, 'Battery': 3.65, 'Temperature': 27.8, 'T_min': 26.6, 'T_max': 31.5, 'Humidity': 73.4, 'Pressure': 997.05, 'Irradiation': 256, 'Irr_max': 352, 'Rain': 0.0, 'Rain_min_time': 0.0}
2026-02-23 08:11:26,993 - uplink - INFO - Verarbeite Uplink für Gerät: LoraSense-Delta-04
2026-02-23 08:11:26,995 - uplink - INFO - Daten erfolgreich in DB gespeichert für LoraSense-Delta-04: {'Type': 1, 'Battery': 3.8, 'Temperature': 29.3, 'T_min': 27.0, 'T_max': 34.3, 'Humidity': 33.6, 'Pressure': 1020.25, 'Irradiation': 116, 'Irr_max': 190, 'Rain': 0.0, 'Rain_min_time': 0.0}
2026-02-23 08:11:42,008 - uplink - INFO - Verarbeite Uplink für Gerät: LoraSense-Alpha-01
2026-02-23 08:11:42,017 - uplink - INFO - Daten erfolgreich in DB gespeichert für LoraSense-Alpha-01: {'Type': 1, 'Battery': 4.1, 'Temperature': 21.5, 'T_min': 16.7, 'T_max': 26.0, 'Humidity': 74.8, 'Pressure': 1026.45, 'Irradiation': 598, 'Irr_max': 640, 'Rain': 0.0, 'Rain_min_time': 0.0}
2026-02-23 08:11:42,025 - uplink - INFO - Verarbeite Uplink für Gerät: LoraSense-Beta-02
2026-02-23 08:11:42,033 - uplink - INFO - Daten erfolgreich in DB gespeichert für LoraSense-Beta-02: {'Type': 1, 'Battery': 3.95, 'Temperature': 26.8, 'T_min': 26.4, 'T_max': 30.3, 'Humidity': 36.6, 'Pressure': 997.95, 'Irradiation': 600, 'Irr_max': 604, 'Rain': 0.0, 'Rain_min_time': 0.0}
2026-02-23 08:11:42,040 - uplink - INFO - Verarbeite Uplink für Gerät: LoraSense-Gamma-03
2026-02-23 08:11:42,045 - uplink - INFO - Daten erfolgreich in DB gespeichert für LoraSense-Gamma-03: {'Type': 1, 'Battery': 3.75, 'Temperature': 17.0, 'T_min': 12.2, 'T_max': 19.9, 'Humidity': 53.2, 'Pressure': 1010.5, 'Irradiation': 260, 'Irr_max': 356, 'Rain': 0.0, 'Rain_min_time': 0.0}
2026-02-23 08:11:42,051 - uplink - INFO - Verarbeite Uplink für Gerät: LoraSense-Delta-04
2026-02-23 08:11:42,057 - uplink - INFO - Daten erfolgreich in DB gespeichert für LoraSense-Delta-04: {'Type': 1, 'Battery': 3.95, 'Temperature': 25.6, 'T_min': 23.6, 'T_max': 30.5, 'Humidity': 42.4, 'Pressure': 1027.3, 'Irradiation': 316, 'Irr_max': 398, 'Rain': 3.0, 'Rain_min_time': 0.0}
2026-02-23 08:11:57,071 - uplink - INFO - Verarbeite Uplink für Gerät: LoraSense-Alpha-01
2026-02-23 08:11:57,080 - uplink - INFO - Daten erfolgreich in DB gespeichert für LoraSense-Alpha-01: {'Type': 1, 'Battery': 4.0, 'Temperature': 19.6, 'T_min': 15.0, 'T_max': 24.0, 'Humidity': 61.0, 'Pressure': 998.8, 'Irradiation': 70, 'Irr_max': 110, 'Rain': 2.0, 'Rain_min_time': 0.0}
2026-02-23 08:11:57,087 - uplink - INFO - Verarbeite Uplink für Gerät: LoraSense-Beta-02
2026-02-23 08:11:57,094 - uplink - INFO - Daten erfolgreich in DB gespeichert für LoraSense-Beta-02: {'Type': 1, 'Battery': 3.75, 'Temperature': 28.1, 'T_min': 24.1, 'T_max': 30.0, 'Humidity': 49.4, 'Pressure': 1015.2, 'Irradiation': 192, 'Irr_max': 250, 'Rain': 0.0, 'Rain_min_time': 0.0}
2026-02-23 08:11:57,100 - uplink - INFO - Verarbeite Uplink für Gerät: LoraSense-Gamma-03
2026-02-23 08:11:57,107 - uplink - INFO - Daten erfolgreich in DB gespeichert für LoraSense-Gamma-03: {'Type': 1, 'Battery': 4.0, 'Temperature': 20.2, 'T_min': 15.3, 'T_max': 21.2, 'Humidity': 61.8, 'Pressure': 1022.95, 'Irradiation': 490, 'Irr_max': 546, 'Rain': 0.0, 'Rain_min_time': 0.0}
2026-02-23 08:11:57,112 - uplink - INFO - Verarbeite Uplink für Gerät: LoraSense-Delta-04
2026-02-23 08:11:57,116 - uplink - INFO - Daten erfolgreich in DB gespeichert für LoraSense-Delta-04: {'Type': 1, 'Battery': 3.95, 'Temperature': 25.0, 'T_min': 24.9, 'T_max': 29.5, 'Humidity': 78.8, 'Pressure': 1015.4, 'Irradiation': 698, 'Irr_max': 770, 'Rain': 0.0, 'Rain_min_time': 0.0}
2026-02-23 08:12:12,130 - uplink - INFO - Verarbeite Uplink für Gerät: LoraSense-Alpha-01
2026-02-23 08:12:12,138 - uplink - INFO - Daten erfolgreich in DB gespeichert für LoraSense-Alpha-01: {'Type': 1, 'Battery': 4.05, 'Temperature': 16.5, 'T_min': 15.7, 'T_max': 18.5, 'Humidity': 75.4, 'Pressure': 983.6, 'Irradiation': 380, 'Irr_max': 448, 'Rain': 0.0, 'Rain_min_time': 0.0}
2026-02-23 08:12:12,147 - uplink - INFO - Verarbeite Uplink für Gerät: LoraSense-Beta-02
2026-02-23 08:12:12,154 - uplink - INFO - Daten erfolgreich in DB gespeichert für LoraSense-Beta-02: {'Type': 1, 'Battery': 3.9, 'Temperature': 16.5, 'T_min': 12.1, 'T_max': 17.3, 'Humidity': 50.8, 'Pressure': 982.8, 'Irradiation': 640, 'Irr_max': 718, 'Rain': 0.0, 'Rain_min_time': 0.0}
2026-02-23 08:12:12,161 - uplink - INFO - Verarbeite Uplink für Gerät: LoraSense-Gamma-03
2026-02-23 08:12:12,168 - uplink - INFO - Daten erfolgreich in DB gespeichert für LoraSense-Gamma-03: {'Type': 1, 'Battery': 3.7, 'Temperature': 29.8, 'T_min': 25.0, 'T_max': 30.2, 'Humidity': 41.2, 'Pressure': 1016.1, 'Irradiation': 542, 'Irr_max': 598, 'Rain': 0.0, 'Rain_min_time': 0.0}
2026-02-23 08:12:12,173 - uplink - INFO - Verarbeite Uplink für Gerät: LoraSense-Delta-04
2026-02-23 08:12:12,178 - uplink - INFO - Daten erfolgreich in DB gespeichert für LoraSense-Delta-04: {'Type': 1, 'Battery': 4.05, 'Temperature': 27.4, 'T_min': 26.9, 'T_max': 30.2, 'Humidity': 60.4, 'Pressure': 1027.05, 'Irradiation': 768, 'Irr_max': 846, 'Rain': 0.0, 'Rain_min_time': 0.0}
2026-02-23 08:12:24,687 - uplink - INFO - Verarbeite Uplink für Gerät: LoraSense-Alpha-01
2026-02-23 08:12:24,692 - uplink - INFO - Daten erfolgreich in DB gespeichert für LoraSense-Alpha-01: {'Type': 1, 'Battery': 3.6, 'Temperature': 22.3, 'T_min': 21.3, 'T_max': 24.0, 'Humidity': 60.6, 'Pressure': 983.25, 'Irradiation': 338, 'Irr_max': 378, 'Rain': 0.0, 'Rain_min_time': 0.0}
2026-02-23 08:12:24,696 - uplink - INFO - Verarbeite Uplink für Gerät: LoraSense-Beta-02
2026-02-23 08:12:24,701 - uplink - INFO - Daten erfolgreich in DB gespeichert für LoraSense-Beta-02: {'Type': 1, 'Battery': 3.65, 'Temperature': 17.5, 'T_min': 15.1, 'T_max': 20.6, 'Humidity': 67.8, 'Pressure': 1020.8, 'Irradiation': 608, 'Irr_max': 616, 'Rain': 0.0, 'Rain_min_time': 0.0}
2026-02-23 08:12:24,704 - uplink - INFO - Verarbeite Uplink für Gerät: LoraSense-Gamma-03
2026-02-23 08:12:24,708 - uplink - INFO - Daten erfolgreich in DB gespeichert für LoraSense-Gamma-03: {'Type': 1, 'Battery': 3.95, 'Temperature': 24.8, 'T_min': 20.2, 'T_max': 25.3, 'Humidity': 52.6, 'Pressure': 1019.75, 'Irradiation': 678, 'Irr_max': 776, 'Rain': 10.0, 'Rain_min_time': 0.0}
2026-02-23 08:12:24,711 - uplink - INFO - Verarbeite Uplink für Gerät: LoraSense-Delta-04
2026-02-23 08:12:24,714 - uplink - INFO - Daten erfolgreich in DB gespeichert für LoraSense-Delta-04: {'Type': 1, 'Battery': 4.1, 'Temperature': 18.1, 'T_min': 16.3, 'T_max': 18.1, 'Humidity': 67.2, 'Pressure': 1016.9, 'Irradiation': 18, 'Irr_max': 30, 'Rain': 8.0, 'Rain_min_time': 0.0}
2026-02-23 08:12:27,192 - uplink - INFO - Verarbeite Uplink für Gerät: LoraSense-Alpha-01
2026-02-23 08:12:27,202 - uplink - INFO - Daten erfolgreich in DB gespeichert für LoraSense-Alpha-01: {'Type': 1, 'Battery': 3.65, 'Temperature': 27.3, 'T_min': 23.3, 'T_max': 27.7, 'Humidity': 30.2, 'Pressure': 1015.95, 'Irradiation': 566, 'Irr_max': 624, 'Rain': 0.0, 'Rain_min_time': 0.0}
2026-02-23 08:12:27,211 - uplink - INFO - Verarbeite Uplink für Gerät: LoraSense-Beta-02
2026-02-23 08:12:27,218 - uplink - INFO - Daten erfolgreich in DB gespeichert für LoraSense-Beta-02: {'Type': 1, 'Battery': 3.65, 'Temperature': 21.2, 'T_min': 19.7, 'T_max': 24.0, 'Humidity': 54.8, 'Pressure': 1005.2, 'Irradiation': 614, 'Irr_max': 630, 'Rain': 1.0, 'Rain_min_time': 0.0}
2026-02-23 08:12:27,224 - uplink - INFO - Verarbeite Uplink für Gerät: LoraSense-Gamma-03
2026-02-23 08:12:27,229 - uplink - INFO - Daten erfolgreich in DB gespeichert für LoraSense-Gamma-03: {'Type': 1, 'Battery': 3.85, 'Temperature': 29.2, 'T_min': 26.2, 'T_max': 30.7, 'Humidity': 47.2, 'Pressure': 981.95, 'Irradiation': 138, 'Irr_max': 190, 'Rain': 0.0, 'Rain_min_time': 0.0}
2026-02-23 08:12:27,235 - uplink - INFO - Verarbeite Uplink für Gerät: LoraSense-Delta-04
2026-02-23 08:12:27,239 - uplink - INFO - Daten erfolgreich in DB gespeichert für LoraSense-Delta-04: {'Type': 1, 'Battery': 4.1, 'Temperature': 23.0, 'T_min': 21.5, 'T_max': 27.4, 'Humidity': 76.6, 'Pressure': 1012.6, 'Irradiation': 362, 'Irr_max': 444, 'Rain': 0.0, 'Rain_min_time': 0.0}
2026-02-23 09:06:00,337 - uplink - INFO - Verarbeite Uplink für Gerät: LoraSense-Alpha-01
2026-02-23 09:06:00,348 - uplink - INFO - Daten erfolgreich in DB gespeichert für LoraSense-Alpha-01: {'Type': 1, 'Battery': 4.0, 'Temperature': 20.5, 'T_min': 18.5, 'T_max': 24.3, 'Humidity': 53.0, 'Pressure': 992.25, 'Irradiation': 480, 'Irr_max': 552, 'Rain': 0.0, 'Rain_min_time': 0.0}
2026-02-23 09:06:00,353 - uplink - INFO - Verarbeite Uplink für Gerät: LoraSense-Beta-02
2026-02-23 09:06:00,357 - uplink - INFO - Daten erfolgreich in DB gespeichert für LoraSense-Beta-02: {'Type': 1, 'Battery': 3.95, 'Temperature': 23.2, 'T_min': 21.7, 'T_max': 27.8, 'Humidity': 62.2, 'Pressure': 997.65, 'Irradiation': 116, 'Irr_max': 170, 'Rain': 0.0, 'Rain_min_time': 0.0}
2026-02-23 09:06:00,360 - uplink - INFO - Verarbeite Uplink für Gerät: LoraSense-Gamma-03
2026-02-23 09:06:00,362 - uplink - INFO - Daten erfolgreich in DB gespeichert für LoraSense-Gamma-03: {'Type': 1, 'Battery': 3.7, 'Temperature': 29.5, 'T_min': 24.8, 'T_max': 32.5, 'Humidity': 72.4, 'Pressure': 989.8, 'Irradiation': 336, 'Irr_max': 390, 'Rain': 0.0, 'Rain_min_time': 0.0}
2026-02-23 09:06:00,365 - uplink - INFO - Verarbeite Uplink für Gerät: LoraSense-Delta-04
2026-02-23 09:06:00,368 - uplink - INFO - Daten erfolgreich in DB gespeichert für LoraSense-Delta-04: {'Type': 1, 'Battery': 3.95, 'Temperature': 25.6, 'T_min': 22.8, 'T_max': 27.0, 'Humidity': 41.4, 'Pressure': 999.0, 'Irradiation': 88, 'Irr_max': 136, 'Rain': 0.0, 'Rain_min_time': 0.0}
2026-02-23 09:06:15,382 - uplink - INFO - Verarbeite Uplink für Gerät: LoraSense-Alpha-01
2026-02-23 09:06:15,390 - uplink - INFO - Daten erfolgreich in DB gespeichert für LoraSense-Alpha-01: {'Type': 1, 'Battery': 3.7, 'Temperature': 24.0, 'T_min': 19.1, 'T_max': 27.1, 'Humidity': 77.2, 'Pressure': 1009.25, 'Irradiation': 250, 'Irr_max': 306, 'Rain': 0.0, 'Rain_min_time': 0.0}
2026-02-23 09:06:15,399 - uplink - INFO - Verarbeite Uplink für Gerät: LoraSense-Beta-02
2026-02-23 09:06:15,405 - uplink - INFO - Daten erfolgreich in DB gespeichert für LoraSense-Beta-02: {'Type': 1, 'Battery': 3.7, 'Temperature': 21.9, 'T_min': 19.1, 'T_max': 23.0, 'Humidity': 60.4, 'Pressure': 995.7, 'Irradiation': 612, 'Irr_max': 648, 'Rain': 0.0, 'Rain_min_time': 0.0}
2026-02-23 09:06:15,413 - uplink - INFO - Verarbeite Uplink für Gerät: LoraSense-Gamma-03
2026-02-23 09:06:15,419 - uplink - INFO - Daten erfolgreich in DB gespeichert für LoraSense-Gamma-03: {'Type': 1, 'Battery': 4.2, 'Temperature': 17.7, 'T_min': 12.9, 'T_max': 21.8, 'Humidity': 45.0, 'Pressure': 1002.9, 'Irradiation': 10, 'Irr_max': 50, 'Rain': 0.0, 'Rain_min_time': 0.0}
2026-02-23 09:06:15,424 - uplink - INFO - Verarbeite Uplink für Gerät: LoraSense-Delta-04
2026-02-23 09:06:15,428 - uplink - INFO - Daten erfolgreich in DB gespeichert für LoraSense-Delta-04: {'Type': 1, 'Battery': 3.95, 'Temperature': 18.8, 'T_min': 17.5, 'T_max': 20.1, 'Humidity': 79.6, 'Pressure': 1000.2, 'Irradiation': 26, 'Irr_max': 42, 'Rain': 0.0, 'Rain_min_time': 0.0}
2026-02-23 09:06:30,438 - uplink - INFO - Verarbeite Uplink für Gerät: LoraSense-Alpha-01
2026-02-23 09:06:30,447 - uplink - INFO - Daten erfolgreich in DB gespeichert für LoraSense-Alpha-01: {'Type': 1, 'Battery': 3.85, 'Temperature': 26.1, 'T_min': 24.0, 'T_max': 29.4, 'Humidity': 75.2, 'Pressure': 992.75, 'Irradiation': 468, 'Irr_max': 486, 'Rain': 0.0, 'Rain_min_time': 0.0}
2026-02-23 09:06:30,457 - uplink - INFO - Verarbeite Uplink für Gerät: LoraSense-Beta-02
2026-02-23 09:06:30,468 - uplink - INFO - Daten erfolgreich in DB gespeichert für LoraSense-Beta-02: {'Type': 1, 'Battery': 3.85, 'Temperature': 26.8, 'T_min': 22.3, 'T_max': 29.3, 'Humidity': 52.2, 'Pressure': 1010.05, 'Irradiation': 304, 'Irr_max': 360, 'Rain': 0.0, 'Rain_min_time': 0.0}
2026-02-23 09:06:30,475 - uplink - INFO - Verarbeite Uplink für Gerät: LoraSense-Gamma-03
2026-02-23 09:06:30,483 - uplink - INFO - Daten erfolgreich in DB gespeichert für LoraSense-Gamma-03: {'Type': 1, 'Battery': 3.65, 'Temperature': 26.4, 'T_min': 26.3, 'T_max': 30.2, 'Humidity': 49.8, 'Pressure': 1001.0, 'Irradiation': 242, 'Irr_max': 324, 'Rain': 3.0, 'Rain_min_time': 0.0}
2026-02-23 09:06:30,489 - uplink - INFO - Verarbeite Uplink für Gerät: LoraSense-Delta-04
2026-02-23 09:06:30,494 - uplink - INFO - Daten erfolgreich in DB gespeichert für LoraSense-Delta-04: {'Type': 1, 'Battery': 3.8, 'Temperature': 17.1, 'T_min': 16.7, 'T_max': 21.9, 'Humidity': 46.6, 'Pressure': 1017.25, 'Irradiation': 698, 'Irr_max': 708, 'Rain': 0.0, 'Rain_min_time': 0.0}
2026-02-23 09:06:45,509 - uplink - INFO - Verarbeite Uplink für Gerät: LoraSense-Alpha-01
2026-02-23 09:06:45,517 - uplink - INFO - Daten erfolgreich in DB gespeichert für LoraSense-Alpha-01: {'Type': 1, 'Battery': 4.1, 'Temperature': 28.6, 'T_min': 28.3, 'T_max': 30.3, 'Humidity': 33.4, 'Pressure': 997.35, 'Irradiation': 136, 'Irr_max': 220, 'Rain': 0.0, 'Rain_min_time': 0.0}
2026-02-23 09:06:45,525 - uplink - INFO - Verarbeite Uplink für Gerät: LoraSense-Beta-02
2026-02-23 09:06:45,536 - uplink - INFO - Daten erfolgreich in DB gespeichert für LoraSense-Beta-02: {'Type': 1, 'Battery': 4.15, 'Temperature': 20.7, 'T_min': 16.0, 'T_max': 25.5, 'Humidity': 55.2, 'Pressure': 1028.3, 'Irradiation': 514, 'Irr_max': 534, 'Rain': 0.0, 'Rain_min_time': 0.0}
2026-02-23 09:06:45,545 - uplink - INFO - Verarbeite Uplink für Gerät: LoraSense-Gamma-03
2026-02-23 09:06:45,549 - uplink - INFO - Daten erfolgreich in DB gespeichert für LoraSense-Gamma-03: {'Type': 1, 'Battery': 4.15, 'Temperature': 18.9, 'T_min': 14.6, 'T_max': 20.0, 'Humidity': 64.2, 'Pressure': 1020.35, 'Irradiation': 196, 'Irr_max': 276, 'Rain': 0.0, 'Rain_min_time': 0.0}
2026-02-23 09:06:45,555 - uplink - INFO - Verarbeite Uplink für Gerät: LoraSense-Delta-04
2026-02-23 09:06:45,560 - uplink - INFO - Daten erfolgreich in DB gespeichert für LoraSense-Delta-04: {'Type': 1, 'Battery': 3.8, 'Temperature': 28.9, 'T_min': 24.5, 'T_max': 29.7, 'Humidity': 30.8, 'Pressure': 999.4, 'Irradiation': 512, 'Irr_max': 512, 'Rain': 0.0, 'Rain_min_time': 0.0}
2026-02-23 09:07:00,575 - uplink - INFO - Verarbeite Uplink für Gerät: LoraSense-Alpha-01
2026-02-23 09:07:00,583 - uplink - INFO - Daten erfolgreich in DB gespeichert für LoraSense-Alpha-01: {'Type': 1, 'Battery': 4.2, 'Temperature': 27.6, 'T_min': 26.5, 'T_max': 31.8, 'Humidity': 36.0, 'Pressure': 1009.8, 'Irradiation': 574, 'Irr_max': 648, 'Rain': 0.0, 'Rain_min_time': 0.0}
2026-02-23 09:07:00,592 - uplink - INFO - Verarbeite Uplink für Gerät: LoraSense-Beta-02
2026-02-23 09:07:00,601 - uplink - INFO - Daten erfolgreich in DB gespeichert für LoraSense-Beta-02: {'Type': 1, 'Battery': 4.15, 'Temperature': 18.3, 'T_min': 17.2, 'T_max': 21.9, 'Humidity': 48.2, 'Pressure': 1005.25, 'Irradiation': 502, 'Irr_max': 544, 'Rain': 0.0, 'Rain_min_time': 0.0}
2026-02-23 09:07:00,608 - uplink - INFO - Verarbeite Uplink für Gerät: LoraSense-Gamma-03
2026-02-23 09:07:00,614 - uplink - INFO - Daten erfolgreich in DB gespeichert für LoraSense-Gamma-03: {'Type': 1, 'Battery': 4.0, 'Temperature': 29.9, 'T_min': 24.9, 'T_max': 34.2, 'Humidity': 31.0, 'Pressure': 1014.1, 'Irradiation': 726, 'Irr_max': 812, 'Rain': 0.0, 'Rain_min_time': 0.0}
2026-02-23 09:07:00,620 - uplink - INFO - Verarbeite Uplink für Gerät: LoraSense-Delta-04
2026-02-23 09:07:00,628 - uplink - INFO - Daten erfolgreich in DB gespeichert für LoraSense-Delta-04: {'Type': 1, 'Battery': 3.85, 'Temperature': 26.3, 'T_min': 24.6, 'T_max': 29.7, 'Humidity': 67.4, 'Pressure': 983.2, 'Irradiation': 456, 'Irr_max': 520, 'Rain': 9.0, 'Rain_min_time': 0.0}
2026-02-23 09:07:15,643 - uplink - INFO - Verarbeite Uplink für Gerät: LoraSense-Alpha-01
2026-02-23 09:07:15,651 - uplink - INFO - Daten erfolgreich in DB gespeichert für LoraSense-Alpha-01: {'Type': 1, 'Battery': 3.65, 'Temperature': 27.1, 'T_min': 25.4, 'T_max': 29.6, 'Humidity': 40.6, 'Pressure': 990.65, 'Irradiation': 258, 'Irr_max': 266, 'Rain': 0.0, 'Rain_min_time': 0.0}
2026-02-23 09:07:15,660 - uplink - INFO - Verarbeite Uplink für Gerät: LoraSense-Beta-02
2026-02-23 09:07:15,667 - uplink - INFO - Daten erfolgreich in DB gespeichert für LoraSense-Beta-02: {'Type': 1, 'Battery': 3.9, 'Temperature': 22.9, 'T_min': 20.7, 'T_max': 24.5, 'Humidity': 76.4, 'Pressure': 1021.95, 'Irradiation': 538, 'Irr_max': 564, 'Rain': 0.0, 'Rain_min_time': 0.0}
2026-02-23 09:07:15,673 - uplink - INFO - Verarbeite Uplink für Gerät: LoraSense-Gamma-03
2026-02-23 09:07:15,678 - uplink - INFO - Daten erfolgreich in DB gespeichert für LoraSense-Gamma-03: {'Type': 1, 'Battery': 3.9, 'Temperature': 21.1, 'T_min': 16.3, 'T_max': 24.1, 'Humidity': 31.4, 'Pressure': 995.4, 'Irradiation': 524, 'Irr_max': 586, 'Rain': 0.0, 'Rain_min_time': 0.0}
2026-02-23 09:07:15,683 - uplink - INFO - Verarbeite Uplink für Gerät: LoraSense-Delta-04
2026-02-23 09:07:15,689 - uplink - INFO - Daten erfolgreich in DB gespeichert für LoraSense-Delta-04: {'Type': 1, 'Battery': 3.6, 'Temperature': 15.5, 'T_min': 14.1, 'T_max': 19.0, 'Humidity': 39.6, 'Pressure': 1013.55, 'Irradiation': 34, 'Irr_max': 98, 'Rain': 0.0, 'Rain_min_time': 0.0}
2026-02-23 09:07:30,705 - uplink - INFO - Verarbeite Uplink für Gerät: LoraSense-Alpha-01
2026-02-23 09:07:30,713 - uplink - INFO - Daten erfolgreich in DB gespeichert für LoraSense-Alpha-01: {'Type': 1, 'Battery': 3.85, 'Temperature': 28.1, 'T_min': 25.6, 'T_max': 30.8, 'Humidity': 75.8, 'Pressure': 989.45, 'Irradiation': 618, 'Irr_max': 700, 'Rain': 0.0, 'Rain_min_time': 0.0}
2026-02-23 09:07:30,722 - uplink - INFO - Verarbeite Uplink für Gerät: LoraSense-Beta-02
2026-02-23 09:07:30,731 - uplink - INFO - Daten erfolgreich in DB gespeichert für LoraSense-Beta-02: {'Type': 1, 'Battery': 3.95, 'Temperature': 28.7, 'T_min': 27.6, 'T_max': 31.3, 'Humidity': 70.0, 'Pressure': 987.35, 'Irradiation': 680, 'Irr_max': 762, 'Rain': 0.0, 'Rain_min_time': 0.0}
2026-02-23 09:07:30,736 - uplink - INFO - Verarbeite Uplink für Gerät: LoraSense-Gamma-03
2026-02-23 09:07:30,743 - uplink - INFO - Daten erfolgreich in DB gespeichert für LoraSense-Gamma-03: {'Type': 1, 'Battery': 3.9, 'Temperature': 29.0, 'T_min': 26.7, 'T_max': 32.9, 'Humidity': 53.0, 'Pressure': 992.45, 'Irradiation': 564, 'Irr_max': 576, 'Rain': 0.0, 'Rain_min_time': 0.0}
2026-02-23 09:07:30,749 - uplink - INFO - Verarbeite Uplink für Gerät: LoraSense-Delta-04
2026-02-23 09:07:30,754 - uplink - INFO - Daten erfolgreich in DB gespeichert für LoraSense-Delta-04: {'Type': 1, 'Battery': 3.95, 'Temperature': 16.7, 'T_min': 14.7, 'T_max': 18.2, 'Humidity': 54.6, 'Pressure': 991.55, 'Irradiation': 708, 'Irr_max': 740, 'Rain': 0.0, 'Rain_min_time': 0.0}
2026-02-23 09:07:45,769 - uplink - INFO - Verarbeite Uplink für Gerät: LoraSense-Alpha-01
2026-02-23 09:07:45,777 - uplink - INFO - Daten erfolgreich in DB gespeichert für LoraSense-Alpha-01: {'Type': 1, 'Battery': 4.15, 'Temperature': 22.2, 'T_min': 20.6, 'T_max': 22.9, 'Humidity': 56.4, 'Pressure': 988.3, 'Irradiation': 198, 'Irr_max': 226, 'Rain': 0.0, 'Rain_min_time': 0.0}
2026-02-23 09:07:45,785 - uplink - INFO - Verarbeite Uplink für Gerät: LoraSense-Beta-02
2026-02-23 09:07:45,794 - uplink - INFO - Daten erfolgreich in DB gespeichert für LoraSense-Beta-02: {'Type': 1, 'Battery': 3.8, 'Temperature': 21.6, 'T_min': 18.7, 'T_max': 22.5, 'Humidity': 38.8, 'Pressure': 1013.35, 'Irradiation': 370, 'Irr_max': 398, 'Rain': 0.0, 'Rain_min_time': 0.0}
2026-02-23 09:07:45,801 - uplink - INFO - Verarbeite Uplink für Gerät: LoraSense-Gamma-03
2026-02-23 09:07:45,807 - uplink - INFO - Daten erfolgreich in DB gespeichert für LoraSense-Gamma-03: {'Type': 1, 'Battery': 3.85, 'Temperature': 25.0, 'T_min': 22.5, 'T_max': 28.9, 'Humidity': 55.0, 'Pressure': 999.7, 'Irradiation': 212, 'Irr_max': 308, 'Rain': 0.0, 'Rain_min_time': 0.0}
2026-02-23 09:07:45,813 - uplink - INFO - Verarbeite Uplink für Gerät: LoraSense-Delta-04
2026-02-23 09:07:45,818 - uplink - INFO - Daten erfolgreich in DB gespeichert für LoraSense-Delta-04: {'Type': 1, 'Battery': 3.75, 'Temperature': 15.4, 'T_min': 15.0, 'T_max': 18.4, 'Humidity': 36.0, 'Pressure': 986.6, 'Irradiation': 202, 'Irr_max': 258, 'Rain': 0.0, 'Rain_min_time': 0.0}
2026-02-23 09:08:00,833 - uplink - INFO - Verarbeite Uplink für Gerät: LoraSense-Alpha-01
2026-02-23 09:08:00,842 - uplink - INFO - Daten erfolgreich in DB gespeichert für LoraSense-Alpha-01: {'Type': 1, 'Battery': 3.75, 'Temperature': 29.9, 'T_min': 28.5, 'T_max': 30.0, 'Humidity': 51.2, 'Pressure': 1017.1, 'Irradiation': 212, 'Irr_max': 236, 'Rain': 0.0, 'Rain_min_time': 0.0}
2026-02-23 09:08:00,851 - uplink - INFO - Verarbeite Uplink für Gerät: LoraSense-Beta-02
2026-02-23 09:08:00,862 - uplink - INFO - Daten erfolgreich in DB gespeichert für LoraSense-Beta-02: {'Type': 1, 'Battery': 3.7, 'Temperature': 15.2, 'T_min': 15.0, 'T_max': 17.3, 'Humidity': 40.8, 'Pressure': 1006.45, 'Irradiation': 716, 'Irr_max': 776, 'Rain': 0.0, 'Rain_min_time': 0.0}
2026-02-23 09:08:00,868 - uplink - INFO - Verarbeite Uplink für Gerät: LoraSense-Gamma-03
2026-02-23 09:08:00,874 - uplink - INFO - Daten erfolgreich in DB gespeichert für LoraSense-Gamma-03: {'Type': 1, 'Battery': 3.7, 'Temperature': 28.5, 'T_min': 28.5, 'T_max': 32.8, 'Humidity': 34.4, 'Pressure': 1023.65, 'Irradiation': 260, 'Irr_max': 358, 'Rain': 0.0, 'Rain_min_time': 0.0}
2026-02-23 09:08:00,879 - uplink - INFO - Verarbeite Uplink für Gerät: LoraSense-Delta-04
2026-02-23 09:08:00,882 - uplink - INFO - Daten erfolgreich in DB gespeichert für LoraSense-Delta-04: {'Type': 1, 'Battery': 3.7, 'Temperature': 24.8, 'T_min': 22.6, 'T_max': 28.5, 'Humidity': 41.4, 'Pressure': 1003.2, 'Irradiation': 176, 'Irr_max': 270, 'Rain': 0.0, 'Rain_min_time': 0.0}
2026-02-23 09:08:15,896 - uplink - INFO - Verarbeite Uplink für Gerät: LoraSense-Alpha-01
2026-02-23 09:08:15,902 - uplink - INFO - Daten erfolgreich in DB gespeichert für LoraSense-Alpha-01: {'Type': 1, 'Battery': 3.9, 'Temperature': 21.8, 'T_min': 17.0, 'T_max': 23.1, 'Humidity': 73.6, 'Pressure': 1028.7, 'Irradiation': 320, 'Irr_max': 328, 'Rain': 0.0, 'Rain_min_time': 0.0}
2026-02-23 09:08:15,911 - uplink - INFO - Verarbeite Uplink für Gerät: LoraSense-Beta-02
2026-02-23 09:08:15,919 - uplink - INFO - Daten erfolgreich in DB gespeichert für LoraSense-Beta-02: {'Type': 1, 'Battery': 3.85, 'Temperature': 19.4, 'T_min': 15.9, 'T_max': 24.1, 'Humidity': 47.4, 'Pressure': 1018.15, 'Irradiation': 44, 'Irr_max': 94, 'Rain': 0.0, 'Rain_min_time': 0.0}
2026-02-23 09:08:15,925 - uplink - INFO - Verarbeite Uplink für Gerät: LoraSense-Gamma-03
2026-02-23 09:08:15,932 - uplink - INFO - Daten erfolgreich in DB gespeichert für LoraSense-Gamma-03: {'Type': 1, 'Battery': 3.8, 'Temperature': 26.1, 'T_min': 22.8, 'T_max': 27.3, 'Humidity': 53.0, 'Pressure': 1021.45, 'Irradiation': 550, 'Irr_max': 640, 'Rain': 0.0, 'Rain_min_time': 0.0}
2026-02-23 09:08:15,938 - uplink - INFO - Verarbeite Uplink für Gerät: LoraSense-Delta-04
2026-02-23 09:08:15,942 - uplink - INFO - Daten erfolgreich in DB gespeichert für LoraSense-Delta-04: {'Type': 1, 'Battery': 3.95, 'Temperature': 26.8, 'T_min': 26.8, 'T_max': 28.6, 'Humidity': 52.2, 'Pressure': 1003.05, 'Irradiation': 536, 'Irr_max': 590, 'Rain': 0.0, 'Rain_min_time': 0.0}
2026-02-23 09:08:30,956 - uplink - INFO - Verarbeite Uplink für Gerät: LoraSense-Alpha-01
2026-02-23 09:08:30,964 - uplink - INFO - Daten erfolgreich in DB gespeichert für LoraSense-Alpha-01: {'Type': 1, 'Battery': 3.65, 'Temperature': 19.7, 'T_min': 17.1, 'T_max': 22.8, 'Humidity': 74.2, 'Pressure': 989.6, 'Irradiation': 606, 'Irr_max': 656, 'Rain': 0.0, 'Rain_min_time': 0.0}
2026-02-23 09:08:30,972 - uplink - INFO - Verarbeite Uplink für Gerät: LoraSense-Beta-02
2026-02-23 09:08:30,979 - uplink - INFO - Daten erfolgreich in DB gespeichert für LoraSense-Beta-02: {'Type': 1, 'Battery': 4.1, 'Temperature': 22.4, 'T_min': 21.4, 'T_max': 23.1, 'Humidity': 37.2, 'Pressure': 989.45, 'Irradiation': 744, 'Irr_max': 770, 'Rain': 0.0, 'Rain_min_time': 0.0}
2026-02-23 09:08:30,986 - uplink - INFO - Verarbeite Uplink für Gerät: LoraSense-Gamma-03
2026-02-23 09:08:30,992 - uplink - INFO - Daten erfolgreich in DB gespeichert für LoraSense-Gamma-03: {'Type': 1, 'Battery': 4.2, 'Temperature': 18.4, 'T_min': 13.7, 'T_max': 23.1, 'Humidity': 63.2, 'Pressure': 992.45, 'Irradiation': 716, 'Irr_max': 778, 'Rain': 8.0, 'Rain_min_time': 0.0}
2026-02-23 09:08:30,998 - uplink - INFO - Verarbeite Uplink für Gerät: LoraSense-Delta-04
2026-02-23 09:08:31,002 - uplink - INFO - Daten erfolgreich in DB gespeichert für LoraSense-Delta-04: {'Type': 1, 'Battery': 4.2, 'Temperature': 21.4, 'T_min': 16.5, 'T_max': 23.1, 'Humidity': 77.8, 'Pressure': 1017.65, 'Irradiation': 534, 'Irr_max': 550, 'Rain': 0.0, 'Rain_min_time': 0.0}
2026-03-21 08:21:55,706 - uplink - INFO - Verarbeite Uplink für Gerät: AABBCC01020307
2026-03-21 08:21:55,714 - uplink - INFO - Daten erfolgreich in DB gespeichert für AABBCC01020307: {'Type': 1, 'Battery': 3.75, 'Temperature': 26.7, 'T_min': 24.9, 'T_max': 27.0, 'Humidity': 76.4, 'Pressure': 989.7, 'Irradiation': 132, 'Irr_max': 168, 'Rain': 0.0, 'Rain_min_time': 0.0}
2026-03-21 08:22:25,740 - uplink - INFO - Verarbeite Uplink für Gerät: AABBCC01020307
2026-03-21 08:22:25,750 - uplink - INFO - Daten erfolgreich in DB gespeichert für AABBCC01020307: {'Type': 1, 'Battery': 3.95, 'Temperature': 27.0, 'T_min': 25.8, 'T_max': 30.6, 'Humidity': 57.8, 'Pressure': 1026.7, 'Irradiation': 196, 'Irr_max': 234, 'Rain': 0.0, 'Rain_min_time': 0.0}
2026-03-21 08:22:55,767 - uplink - INFO - Verarbeite Uplink für Gerät: AABBCC01020307
2026-03-21 08:22:55,774 - uplink - INFO - Daten erfolgreich in DB gespeichert für AABBCC01020307: {'Type': 1, 'Battery': 3.8, 'Temperature': 16.7, 'T_min': 14.5, 'T_max': 20.3, 'Humidity': 52.0, 'Pressure': 1019.2, 'Irradiation': 734, 'Irr_max': 736, 'Rain': 0.0, 'Rain_min_time': 0.0}
2026-03-21 08:23:25,793 - uplink - INFO - Verarbeite Uplink für Gerät: AABBCC01020307
2026-03-21 08:23:25,804 - uplink - INFO - Daten erfolgreich in DB gespeichert für AABBCC01020307: {'Type': 1, 'Battery': 3.7, 'Temperature': 21.9, 'T_min': 18.5, 'T_max': 25.3, 'Humidity': 79.6, 'Pressure': 980.35, 'Irradiation': 362, 'Irr_max': 408, 'Rain': 0.0, 'Rain_min_time': 0.0}
2026-03-21 08:23:55,831 - uplink - INFO - Verarbeite Uplink für Gerät: AABBCC01020307
2026-03-21 08:23:55,838 - uplink - INFO - Daten erfolgreich in DB gespeichert für AABBCC01020307: {'Type': 1, 'Battery': 4.15, 'Temperature': 27.6, 'T_min': 24.2, 'T_max': 32.1, 'Humidity': 62.0, 'Pressure': 1002.3, 'Irradiation': 590, 'Irr_max': 648, 'Rain': 0.0, 'Rain_min_time': 0.0}
2026-03-21 08:24:25,866 - uplink - INFO - Verarbeite Uplink für Gerät: AABBCC01020307
2026-03-21 08:24:25,875 - uplink - INFO - Daten erfolgreich in DB gespeichert für AABBCC01020307: {'Type': 1, 'Battery': 3.9, 'Temperature': 18.8, 'T_min': 15.3, 'T_max': 23.5, 'Humidity': 39.6, 'Pressure': 1008.25, 'Irradiation': 750, 'Irr_max': 762, 'Rain': 0.0, 'Rain_min_time': 0.0}
2026-03-21 08:24:55,900 - uplink - INFO - Verarbeite Uplink für Gerät: AABBCC01020307
2026-03-21 08:24:55,909 - uplink - INFO - Daten erfolgreich in DB gespeichert für AABBCC01020307: {'Type': 1, 'Battery': 3.65, 'Temperature': 27.3, 'T_min': 23.6, 'T_max': 28.4, 'Humidity': 35.4, 'Pressure': 1009.05, 'Irradiation': 538, 'Irr_max': 638, 'Rain': 0.0, 'Rain_min_time': 0.0}
2026-03-21 08:25:25,932 - uplink - INFO - Verarbeite Uplink für Gerät: AABBCC01020307
2026-03-21 08:25:25,942 - uplink - INFO - Daten erfolgreich in DB gespeichert für AABBCC01020307: {'Type': 1, 'Battery': 3.9, 'Temperature': 26.1, 'T_min': 25.4, 'T_max': 30.6, 'Humidity': 61.0, 'Pressure': 1003.25, 'Irradiation': 572, 'Irr_max': 600, 'Rain': 1.0, 'Rain_min_time': 0.0}
2026-03-21 08:25:55,947 - uplink - INFO - Verarbeite Uplink für Gerät: AABBCC01020307
2026-03-21 08:25:55,954 - uplink - INFO - Daten erfolgreich in DB gespeichert für AABBCC01020307: {'Type': 1, 'Battery': 3.9, 'Temperature': 25.7, 'T_min': 25.3, 'T_max': 28.4, 'Humidity': 55.4, 'Pressure': 1029.75, 'Irradiation': 362, 'Irr_max': 394, 'Rain': 9.0, 'Rain_min_time': 0.0}
2026-03-21 08:26:25,958 - uplink - INFO - Verarbeite Uplink für Gerät: AABBCC01020307
2026-03-21 08:26:25,966 - uplink - INFO - Daten erfolgreich in DB gespeichert für AABBCC01020307: {'Type': 1, 'Battery': 3.95, 'Temperature': 27.6, 'T_min': 26.5, 'T_max': 30.2, 'Humidity': 72.2, 'Pressure': 988.25, 'Irradiation': 634, 'Irr_max': 652, 'Rain': 0.0, 'Rain_min_time': 0.0}
2026-03-21 08:26:55,993 - uplink - INFO - Verarbeite Uplink für Gerät: AABBCC01020307
2026-03-21 08:26:56,003 - uplink - INFO - Daten erfolgreich in DB gespeichert für AABBCC01020307: {'Type': 1, 'Battery': 3.8, 'Temperature': 23.7, 'T_min': 20.1, 'T_max': 24.5, 'Humidity': 73.2, 'Pressure': 1023.15, 'Irradiation': 328, 'Irr_max': 348, 'Rain': 0.0, 'Rain_min_time': 0.0}
2026-03-21 08:27:26,018 - uplink - INFO - Verarbeite Uplink für Gerät: AABBCC01020307
2026-03-21 08:27:26,026 - uplink - INFO - Daten erfolgreich in DB gespeichert für AABBCC01020307: {'Type': 1, 'Battery': 4.1, 'Temperature': 20.0, 'T_min': 18.7, 'T_max': 24.5, 'Humidity': 79.2, 'Pressure': 996.25, 'Irradiation': 490, 'Irr_max': 564, 'Rain': 7.0, 'Rain_min_time': 0.0}
2026-03-21 08:27:56,040 - uplink - INFO - Verarbeite Uplink für Gerät: AABBCC01020307
2026-03-21 08:27:56,048 - uplink - INFO - Daten erfolgreich in DB gespeichert für AABBCC01020307: {'Type': 1, 'Battery': 3.75, 'Temperature': 29.4, 'T_min': 25.7, 'T_max': 33.9, 'Humidity': 72.0, 'Pressure': 1013.4, 'Irradiation': 68, 'Irr_max': 86, 'Rain': 0.0, 'Rain_min_time': 0.0}
2026-03-21 08:28:26,053 - uplink - INFO - Verarbeite Uplink für Gerät: AABBCC01020307
2026-03-21 08:28:26,064 - uplink - INFO - Daten erfolgreich in DB gespeichert für AABBCC01020307: {'Type': 1, 'Battery': 3.6, 'Temperature': 26.4, 'T_min': 21.4, 'T_max': 29.1, 'Humidity': 39.4, 'Pressure': 1009.2, 'Irradiation': 410, 'Irr_max': 444, 'Rain': 0.0, 'Rain_min_time': 0.0}
2026-03-21 08:28:56,078 - uplink - INFO - Verarbeite Uplink für Gerät: AABBCC01020307
2026-03-21 08:28:56,086 - uplink - INFO - Daten erfolgreich in DB gespeichert für AABBCC01020307: {'Type': 1, 'Battery': 4.05, 'Temperature': 17.4, 'T_min': 12.8, 'T_max': 19.4, 'Humidity': 65.4, 'Pressure': 1013.9, 'Irradiation': 104, 'Irr_max': 130, 'Rain': 0.0, 'Rain_min_time': 0.0}
2026-03-21 08:29:26,106 - uplink - INFO - Verarbeite Uplink für Gerät: AABBCC01020307
2026-03-21 08:29:26,117 - uplink - INFO - Daten erfolgreich in DB gespeichert für AABBCC01020307: {'Type': 1, 'Battery': 3.85, 'Temperature': 25.1, 'T_min': 20.3, 'T_max': 25.1, 'Humidity': 76.6, 'Pressure': 997.75, 'Irradiation': 728, 'Irr_max': 750, 'Rain': 0.0, 'Rain_min_time': 0.0}
2026-03-21 08:29:56,142 - uplink - INFO - Verarbeite Uplink für Gerät: AABBCC01020307
2026-03-21 08:29:56,151 - uplink - INFO - Daten erfolgreich in DB gespeichert für AABBCC01020307: {'Type': 1, 'Battery': 3.85, 'Temperature': 28.7, 'T_min': 24.9, 'T_max': 29.6, 'Humidity': 44.2, 'Pressure': 1005.8, 'Irradiation': 556, 'Irr_max': 640, 'Rain': 8.0, 'Rain_min_time': 0.0}
2026-03-21 08:30:26,156 - uplink - INFO - Verarbeite Uplink für Gerät: AABBCC01020307
2026-03-21 08:30:26,165 - uplink - INFO - Daten erfolgreich in DB gespeichert für AABBCC01020307: {'Type': 1, 'Battery': 3.95, 'Temperature': 20.4, 'T_min': 16.4, 'T_max': 21.2, 'Humidity': 59.0, 'Pressure': 1022.0, 'Irradiation': 332, 'Irr_max': 388, 'Rain': 0.0, 'Rain_min_time': 0.0}
2026-03-21 08:30:56,187 - uplink - INFO - Verarbeite Uplink für Gerät: AABBCC01020307
2026-03-21 08:30:56,195 - uplink - INFO - Daten erfolgreich in DB gespeichert für AABBCC01020307: {'Type': 1, 'Battery': 3.75, 'Temperature': 17.3, 'T_min': 15.8, 'T_max': 18.3, 'Humidity': 60.6, 'Pressure': 1023.15, 'Irradiation': 560, 'Irr_max': 578, 'Rain': 0.0, 'Rain_min_time': 0.0}
2026-03-21 08:31:26,214 - uplink - INFO - Verarbeite Uplink für Gerät: AABBCC01020307
2026-03-21 08:31:26,221 - uplink - INFO - Daten erfolgreich in DB gespeichert für AABBCC01020307: {'Type': 1, 'Battery': 3.6, 'Temperature': 15.2, 'T_min': 13.3, 'T_max': 20.1, 'Humidity': 57.2, 'Pressure': 990.4, 'Irradiation': 726, 'Irr_max': 764, 'Rain': 0.0, 'Rain_min_time': 0.0}
2026-03-21 08:31:56,234 - uplink - INFO - Verarbeite Uplink für Gerät: AABBCC01020307
2026-03-21 08:31:56,243 - uplink - INFO - Daten erfolgreich in DB gespeichert für AABBCC01020307: {'Type': 1, 'Battery': 3.6, 'Temperature': 16.2, 'T_min': 15.4, 'T_max': 19.0, 'Humidity': 78.6, 'Pressure': 991.5, 'Irradiation': 336, 'Irr_max': 396, 'Rain': 8.0, 'Rain_min_time': 0.0}
2026-03-21 08:32:26,268 - uplink - INFO - Verarbeite Uplink für Gerät: AABBCC01020307
2026-03-21 08:32:26,277 - uplink - INFO - Daten erfolgreich in DB gespeichert für AABBCC01020307: {'Type': 1, 'Battery': 3.85, 'Temperature': 17.0, 'T_min': 12.3, 'T_max': 21.7, 'Humidity': 59.0, 'Pressure': 988.25, 'Irradiation': 508, 'Irr_max': 534, 'Rain': 0.0, 'Rain_min_time': 0.0}
2026-03-21 08:32:56,281 - uplink - INFO - Verarbeite Uplink für Gerät: AABBCC01020307
2026-03-21 08:32:56,290 - uplink - INFO - Daten erfolgreich in DB gespeichert für AABBCC01020307: {'Type': 1, 'Battery': 3.65, 'Temperature': 17.5, 'T_min': 13.4, 'T_max': 19.2, 'Humidity': 44.4, 'Pressure': 1007.75, 'Irradiation': 198, 'Irr_max': 288, 'Rain': 0.0, 'Rain_min_time': 0.0}
2026-03-21 08:33:26,296 - uplink - INFO - Verarbeite Uplink für Gerät: AABBCC01020307
2026-03-21 08:33:26,303 - uplink - INFO - Daten erfolgreich in DB gespeichert für AABBCC01020307: {'Type': 1, 'Battery': 3.7, 'Temperature': 18.6, 'T_min': 17.4, 'T_max': 19.4, 'Humidity': 61.6, 'Pressure': 1021.85, 'Irradiation': 100, 'Irr_max': 146, 'Rain': 0.0, 'Rain_min_time': 0.0}
2026-03-21 08:33:56,330 - uplink - INFO - Verarbeite Uplink für Gerät: AABBCC01020307
2026-03-21 08:33:56,338 - uplink - INFO - Daten erfolgreich in DB gespeichert für AABBCC01020307: {'Type': 1, 'Battery': 4.0, 'Temperature': 17.5, 'T_min': 17.3, 'T_max': 18.1, 'Humidity': 71.2, 'Pressure': 1004.85, 'Irradiation': 88, 'Irr_max': 152, 'Rain': 0.0, 'Rain_min_time': 0.0}
2026-03-21 08:34:26,361 - uplink - INFO - Verarbeite Uplink für Gerät: AABBCC01020307
2026-03-21 08:34:26,369 - uplink - INFO - Daten erfolgreich in DB gespeichert für AABBCC01020307: {'Type': 1, 'Battery': 3.7, 'Temperature': 28.1, 'T_min': 27.7, 'T_max': 32.6, 'Humidity': 77.4, 'Pressure': 1008.15, 'Irradiation': 34, 'Irr_max': 62, 'Rain': 0.0, 'Rain_min_time': 0.0}
2026-03-21 08:34:56,396 - uplink - INFO - Verarbeite Uplink für Gerät: AABBCC01020307
2026-03-21 08:34:56,403 - uplink - INFO - Daten erfolgreich in DB gespeichert für AABBCC01020307: {'Type': 1, 'Battery': 3.75, 'Temperature': 23.4, 'T_min': 20.0, 'T_max': 25.6, 'Humidity': 39.6, 'Pressure': 1020.75, 'Irradiation': 594, 'Irr_max': 634, 'Rain': 0.0, 'Rain_min_time': 0.0}
2026-03-21 08:35:26,429 - uplink - INFO - Verarbeite Uplink für Gerät: AABBCC01020307
2026-03-21 08:35:26,436 - uplink - INFO - Daten erfolgreich in DB gespeichert für AABBCC01020307: {'Type': 1, 'Battery': 3.75, 'Temperature': 17.9, 'T_min': 14.4, 'T_max': 19.5, 'Humidity': 52.0, 'Pressure': 998.6, 'Irradiation': 372, 'Irr_max': 394, 'Rain': 0.0, 'Rain_min_time': 0.0}
2026-03-21 08:35:56,454 - uplink - INFO - Verarbeite Uplink für Gerät: AABBCC01020307
2026-03-21 08:35:56,463 - uplink - INFO - Daten erfolgreich in DB gespeichert für AABBCC01020307: {'Type': 1, 'Battery': 3.7, 'Temperature': 24.8, 'T_min': 20.1, 'T_max': 29.5, 'Humidity': 53.6, 'Pressure': 981.45, 'Irradiation': 204, 'Irr_max': 226, 'Rain': 0.0, 'Rain_min_time': 0.0}
2026-03-21 08:36:26,468 - uplink - INFO - Verarbeite Uplink für Gerät: AABBCC01020307
2026-03-21 08:36:26,477 - uplink - INFO - Daten erfolgreich in DB gespeichert für AABBCC01020307: {'Type': 1, 'Battery': 3.85, 'Temperature': 26.8, 'T_min': 26.2, 'T_max': 31.5, 'Humidity': 52.4, 'Pressure': 1025.75, 'Irradiation': 276, 'Irr_max': 360, 'Rain': 0.0, 'Rain_min_time': 0.0}
2026-03-21 08:36:56,483 - uplink - INFO - Verarbeite Uplink für Gerät: AABBCC01020307
2026-03-21 08:36:56,492 - uplink - INFO - Daten erfolgreich in DB gespeichert für AABBCC01020307: {'Type': 1, 'Battery': 3.9, 'Temperature': 22.0, 'T_min': 17.5, 'T_max': 26.1, 'Humidity': 66.2, 'Pressure': 1013.45, 'Irradiation': 582, 'Irr_max': 616, 'Rain': 6.0, 'Rain_min_time': 0.0}
2026-03-21 08:37:26,519 - uplink - INFO - Verarbeite Uplink für Gerät: AABBCC01020307
2026-03-21 08:37:26,530 - uplink - INFO - Daten erfolgreich in DB gespeichert für AABBCC01020307: {'Type': 1, 'Battery': 3.7, 'Temperature': 23.6, 'T_min': 20.8, 'T_max': 28.0, 'Humidity': 79.4, 'Pressure': 988.15, 'Irradiation': 470, 'Irr_max': 494, 'Rain': 0.0, 'Rain_min_time': 0.0}
2026-03-21 08:37:56,549 - uplink - INFO - Verarbeite Uplink für Gerät: AABBCC01020307
2026-03-21 08:37:56,557 - uplink - INFO - Daten erfolgreich in DB gespeichert für AABBCC01020307: {'Type': 1, 'Battery': 4.15, 'Temperature': 22.9, 'T_min': 22.5, 'T_max': 27.7, 'Humidity': 76.0, 'Pressure': 1020.85, 'Irradiation': 144, 'Irr_max': 242, 'Rain': 0.0, 'Rain_min_time': 0.0}
2026-03-21 08:38:26,562 - uplink - INFO - Verarbeite Uplink für Gerät: AABBCC01020307
2026-03-21 08:38:26,570 - uplink - INFO - Daten erfolgreich in DB gespeichert für AABBCC01020307: {'Type': 1, 'Battery': 4.15, 'Temperature': 16.8, 'T_min': 15.6, 'T_max': 18.2, 'Humidity': 78.0, 'Pressure': 991.1, 'Irradiation': 486, 'Irr_max': 544, 'Rain': 0.0, 'Rain_min_time': 0.0}
2026-03-21 08:38:56,596 - uplink - INFO - Verarbeite Uplink für Gerät: AABBCC01020307
2026-03-21 08:38:56,604 - uplink - INFO - Daten erfolgreich in DB gespeichert für AABBCC01020307: {'Type': 1, 'Battery': 3.85, 'Temperature': 29.4, 'T_min': 24.7, 'T_max': 34.2, 'Humidity': 79.6, 'Pressure': 988.05, 'Irradiation': 608, 'Irr_max': 700, 'Rain': 0.0, 'Rain_min_time': 0.0}
2026-03-21 08:39:26,629 - uplink - INFO - Verarbeite Uplink für Gerät: AABBCC01020307
2026-03-21 08:39:26,638 - uplink - INFO - Daten erfolgreich in DB gespeichert für AABBCC01020307: {'Type': 1, 'Battery': 4.2, 'Temperature': 22.4, 'T_min': 17.9, 'T_max': 27.0, 'Humidity': 41.4, 'Pressure': 1004.45, 'Irradiation': 112, 'Irr_max': 178, 'Rain': 0.0, 'Rain_min_time': 0.0}
2026-03-21 08:39:56,642 - uplink - INFO - Verarbeite Uplink für Gerät: AABBCC01020307
2026-03-21 08:39:56,654 - uplink - INFO - Daten erfolgreich in DB gespeichert für AABBCC01020307: {'Type': 1, 'Battery': 4.1, 'Temperature': 28.6, 'T_min': 28.4, 'T_max': 31.0, 'Humidity': 34.8, 'Pressure': 1014.0, 'Irradiation': 212, 'Irr_max': 304, 'Rain': 0.0, 'Rain_min_time': 0.0}
2026-03-21 08:40:26,660 - uplink - INFO - Verarbeite Uplink für Gerät: AABBCC01020307
2026-03-21 08:40:26,668 - uplink - INFO - Daten erfolgreich in DB gespeichert für AABBCC01020307: {'Type': 1, 'Battery': 3.9, 'Temperature': 21.5, 'T_min': 18.4, 'T_max': 25.9, 'Humidity': 34.0, 'Pressure': 1008.95, 'Irradiation': 702, 'Irr_max': 798, 'Rain': 0.0, 'Rain_min_time': 0.0}
2026-03-21 08:40:56,680 - uplink - INFO - Verarbeite Uplink für Gerät: AABBCC01020307
2026-03-21 08:40:56,694 - uplink - INFO - Daten erfolgreich in DB gespeichert für AABBCC01020307: {'Type': 1, 'Battery': 3.65, 'Temperature': 16.9, 'T_min': 12.2, 'T_max': 20.8, 'Humidity': 75.8, 'Pressure': 981.65, 'Irradiation': 38, 'Irr_max': 104, 'Rain': 0.0, 'Rain_min_time': 0.0}
2026-03-21 08:41:26,722 - uplink - INFO - Verarbeite Uplink für Gerät: AABBCC01020307
2026-03-21 08:41:26,729 - uplink - INFO - Daten erfolgreich in DB gespeichert für AABBCC01020307: {'Type': 1, 'Battery': 4.1, 'Temperature': 26.1, 'T_min': 24.6, 'T_max': 26.8, 'Humidity': 64.4, 'Pressure': 1019.4, 'Irradiation': 770, 'Irr_max': 868, 'Rain': 7.0, 'Rain_min_time': 0.0}
2026-03-21 08:41:56,747 - uplink - INFO - Verarbeite Uplink für Gerät: AABBCC01020307
2026-03-21 08:41:56,754 - uplink - INFO - Daten erfolgreich in DB gespeichert für AABBCC01020307: {'Type': 1, 'Battery': 4.05, 'Temperature': 28.4, 'T_min': 28.3, 'T_max': 32.0, 'Humidity': 35.2, 'Pressure': 985.8, 'Irradiation': 162, 'Irr_max': 246, 'Rain': 0.0, 'Rain_min_time': 0.0}
2026-03-21 08:42:26,760 - uplink - INFO - Verarbeite Uplink für Gerät: AABBCC01020307
2026-03-21 08:42:26,767 - uplink - INFO - Daten erfolgreich in DB gespeichert für AABBCC01020307: {'Type': 1, 'Battery': 3.8, 'Temperature': 27.0, 'T_min': 26.4, 'T_max': 28.1, 'Humidity': 63.2, 'Pressure': 982.55, 'Irradiation': 676, 'Irr_max': 748, 'Rain': 3.0, 'Rain_min_time': 0.0}
2026-03-21 08:42:56,781 - uplink - INFO - Verarbeite Uplink für Gerät: AABBCC01020307
2026-03-21 08:42:56,788 - uplink - INFO - Daten erfolgreich in DB gespeichert für AABBCC01020307: {'Type': 1, 'Battery': 3.8, 'Temperature': 23.0, 'T_min': 19.7, 'T_max': 25.3, 'Humidity': 78.0, 'Pressure': 1008.8, 'Irradiation': 490, 'Irr_max': 512, 'Rain': 5.0, 'Rain_min_time': 0.0}
2026-03-21 08:43:26,794 - uplink - INFO - Verarbeite Uplink für Gerät: AABBCC01020307
2026-03-21 08:43:26,817 - uplink - INFO - Daten erfolgreich in DB gespeichert für AABBCC01020307: {'Type': 1, 'Battery': 3.65, 'Temperature': 15.3, 'T_min': 14.4, 'T_max': 17.6, 'Humidity': 70.0, 'Pressure': 1018.65, 'Irradiation': 178, 'Irr_max': 210, 'Rain': 0.0, 'Rain_min_time': 0.0}
2026-03-21 08:43:56,841 - uplink - INFO - Verarbeite Uplink für Gerät: AABBCC01020307
2026-03-21 08:43:56,867 - uplink - INFO - Daten erfolgreich in DB gespeichert für AABBCC01020307: {'Type': 1, 'Battery': 4.15, 'Temperature': 23.2, 'T_min': 21.6, 'T_max': 27.5, 'Humidity': 37.0, 'Pressure': 1002.55, 'Irradiation': 450, 'Irr_max': 480, 'Rain': 0.0, 'Rain_min_time': 0.0}
2026-03-21 08:44:26,872 - uplink - INFO - Verarbeite Uplink für Gerät: AABBCC01020307
2026-03-21 08:44:26,881 - uplink - INFO - Daten erfolgreich in DB gespeichert für AABBCC01020307: {'Type': 1, 'Battery': 3.65, 'Temperature': 27.5, 'T_min': 25.7, 'T_max': 29.6, 'Humidity': 39.4, 'Pressure': 995.4, 'Irradiation': 794, 'Irr_max': 838, 'Rain': 0.0, 'Rain_min_time': 0.0}
2026-03-21 08:44:56,896 - uplink - INFO - Verarbeite Uplink für Gerät: AABBCC01020307
2026-03-21 08:44:57,063 - uplink - INFO - Daten erfolgreich in DB gespeichert für AABBCC01020307: {'Type': 1, 'Battery': 4.15, 'Temperature': 23.9, 'T_min': 19.4, 'T_max': 25.6, 'Humidity': 36.8, 'Pressure': 991.4, 'Irradiation': 428, 'Irr_max': 478, 'Rain': 1.0, 'Rain_min_time': 0.0}
2026-03-21 08:45:27,085 - uplink - INFO - Verarbeite Uplink für Gerät: AABBCC01020307
2026-03-21 08:45:27,095 - uplink - INFO - Daten erfolgreich in DB gespeichert für AABBCC01020307: {'Type': 1, 'Battery': 4.05, 'Temperature': 15.7, 'T_min': 11.5, 'T_max': 20.1, 'Humidity': 47.6, 'Pressure': 1009.6, 'Irradiation': 350, 'Irr_max': 418, 'Rain': 0.0, 'Rain_min_time': 0.0}
2026-03-21 08:45:57,099 - uplink - INFO - Verarbeite Uplink für Gerät: AABBCC01020307
2026-03-21 08:45:57,108 - uplink - INFO - Daten erfolgreich in DB gespeichert für AABBCC01020307: {'Type': 1, 'Battery': 4.0, 'Temperature': 22.6, 'T_min': 20.9, 'T_max': 27.5, 'Humidity': 44.2, 'Pressure': 1029.55, 'Irradiation': 584, 'Irr_max': 650, 'Rain': 0.0, 'Rain_min_time': 0.0}
2026-03-21 08:46:27,113 - uplink - INFO - Verarbeite Uplink für Gerät: AABBCC01020307
2026-03-21 08:46:27,120 - uplink - INFO - Daten erfolgreich in DB gespeichert für AABBCC01020307: {'Type': 1, 'Battery': 4.15, 'Temperature': 26.6, 'T_min': 24.6, 'T_max': 28.5, 'Humidity': 42.0, 'Pressure': 995.1, 'Irradiation': 552, 'Irr_max': 586, 'Rain': 0.0, 'Rain_min_time': 0.0}
2026-03-21 08:46:57,147 - uplink - INFO - Verarbeite Uplink für Gerät: AABBCC01020307
2026-03-21 08:46:57,155 - uplink - INFO - Daten erfolgreich in DB gespeichert für AABBCC01020307: {'Type': 1, 'Battery': 4.15, 'Temperature': 21.8, 'T_min': 20.0, 'T_max': 23.8, 'Humidity': 66.2, 'Pressure': 993.15, 'Irradiation': 72, 'Irr_max': 164, 'Rain': 0.0, 'Rain_min_time': 0.0}
2026-03-21 08:47:27,161 - uplink - INFO - Verarbeite Uplink für Gerät: AABBCC01020307
2026-03-21 08:47:27,170 - uplink - INFO - Daten erfolgreich in DB gespeichert für AABBCC01020307: {'Type': 1, 'Battery': 3.8, 'Temperature': 24.6, 'T_min': 19.9, 'T_max': 26.6, 'Humidity': 36.0, 'Pressure': 1029.1, 'Irradiation': 144, 'Irr_max': 182, 'Rain': 0.0, 'Rain_min_time': 0.0}
2026-03-21 08:47:57,185 - uplink - INFO - Verarbeite Uplink für Gerät: AABBCC01020307
2026-03-21 08:47:57,193 - uplink - INFO - Daten erfolgreich in DB gespeichert für AABBCC01020307: {'Type': 1, 'Battery': 3.8, 'Temperature': 19.5, 'T_min': 17.1, 'T_max': 19.6, 'Humidity': 42.4, 'Pressure': 994.05, 'Irradiation': 406, 'Irr_max': 470, 'Rain': 0.0, 'Rain_min_time': 0.0}
2026-03-21 08:48:27,208 - uplink - INFO - Verarbeite Uplink für Gerät: AABBCC01020307
2026-03-21 08:48:27,217 - uplink - INFO - Daten erfolgreich in DB gespeichert für AABBCC01020307: {'Type': 1, 'Battery': 4.1, 'Temperature': 20.3, 'T_min': 15.7, 'T_max': 24.1, 'Humidity': 78.8, 'Pressure': 987.4, 'Irradiation': 648, 'Irr_max': 666, 'Rain': 0.0, 'Rain_min_time': 0.0}
2026-03-21 08:48:57,233 - uplink - INFO - Verarbeite Uplink für Gerät: AABBCC01020307
2026-03-21 08:48:57,240 - uplink - INFO - Daten erfolgreich in DB gespeichert für AABBCC01020307: {'Type': 1, 'Battery': 3.75, 'Temperature': 17.5, 'T_min': 14.5, 'T_max': 19.3, 'Humidity': 54.8, 'Pressure': 988.05, 'Irradiation': 228, 'Irr_max': 280, 'Rain': 0.0, 'Rain_min_time': 0.0}
2026-03-21 08:49:27,261 - uplink - INFO - Verarbeite Uplink für Gerät: AABBCC01020307
2026-03-21 08:49:27,269 - uplink - INFO - Daten erfolgreich in DB gespeichert für AABBCC01020307: {'Type': 1, 'Battery': 3.8, 'Temperature': 16.8, 'T_min': 14.6, 'T_max': 19.3, 'Humidity': 44.6, 'Pressure': 981.75, 'Irradiation': 430, 'Irr_max': 442, 'Rain': 0.0, 'Rain_min_time': 0.0}
2026-03-21 08:49:57,292 - uplink - INFO - Verarbeite Uplink für Gerät: AABBCC01020307
2026-03-21 08:49:57,300 - uplink - INFO - Daten erfolgreich in DB gespeichert für AABBCC01020307: {'Type': 1, 'Battery': 3.7, 'Temperature': 28.6, 'T_min': 27.9, 'T_max': 30.8, 'Humidity': 53.6, 'Pressure': 984.0, 'Irradiation': 58, 'Irr_max': 132, 'Rain': 0.0, 'Rain_min_time': 0.0}
2026-03-21 08:50:27,305 - uplink - INFO - Verarbeite Uplink für Gerät: AABBCC01020307
2026-03-21 08:50:27,313 - uplink - INFO - Daten erfolgreich in DB gespeichert für AABBCC01020307: {'Type': 1, 'Battery': 3.95, 'Temperature': 26.3, 'T_min': 23.5, 'T_max': 30.3, 'Humidity': 60.4, 'Pressure': 990.85, 'Irradiation': 66, 'Irr_max': 74, 'Rain': 0.0, 'Rain_min_time': 0.0}
2026-03-21 08:50:57,340 - uplink - INFO - Verarbeite Uplink für Gerät: AABBCC01020307
2026-03-21 08:50:57,347 - uplink - INFO - Daten erfolgreich in DB gespeichert für AABBCC01020307: {'Type': 1, 'Battery': 3.75, 'Temperature': 23.6, 'T_min': 18.6, 'T_max': 26.1, 'Humidity': 76.6, 'Pressure': 986.95, 'Irradiation': 210, 'Irr_max': 220, 'Rain': 6.0, 'Rain_min_time': 0.0}
2026-03-21 08:51:27,351 - uplink - INFO - Verarbeite Uplink für Gerät: AABBCC01020307
2026-03-21 08:51:27,455 - uplink - INFO - Daten erfolgreich in DB gespeichert für AABBCC01020307: {'Type': 1, 'Battery': 3.85, 'Temperature': 18.0, 'T_min': 17.7, 'T_max': 21.2, 'Humidity': 45.8, 'Pressure': 1029.85, 'Irradiation': 600, 'Irr_max': 638, 'Rain': 8.0, 'Rain_min_time': 0.0}
2026-03-21 08:51:57,483 - uplink - INFO - Verarbeite Uplink für Gerät: AABBCC01020307
2026-03-21 08:51:57,491 - uplink - INFO - Daten erfolgreich in DB gespeichert für AABBCC01020307: {'Type': 1, 'Battery': 4.05, 'Temperature': 17.7, 'T_min': 14.0, 'T_max': 19.4, 'Humidity': 53.0, 'Pressure': 1007.45, 'Irradiation': 288, 'Irr_max': 312, 'Rain': 1.0, 'Rain_min_time': 0.0}
2026-03-21 08:55:29,670 - uplink - INFO - Verarbeite Uplink für Gerät: LoraSense-Alpha-01
2026-03-21 08:55:29,678 - uplink - INFO - Daten erfolgreich in DB gespeichert für LoraSense-Alpha-01: {'Type': 1, 'Battery': 3.9, 'Temperature': 17.5, 'T_min': 16.7, 'T_max': 17.5, 'Humidity': 50.2, 'Pressure': 1010.3, 'Irradiation': 422, 'Irr_max': 440, 'Rain': 0.0, 'Rain_min_time': 0.0}
2026-03-21 08:55:29,681 - uplink - INFO - Verarbeite Uplink für Gerät: LoraSense-Beta-02
2026-03-21 08:55:29,688 - uplink - INFO - Daten erfolgreich in DB gespeichert für LoraSense-Beta-02: {'Type': 1, 'Battery': 4.2, 'Temperature': 20.5, 'T_min': 20.1, 'T_max': 21.9, 'Humidity': 47.4, 'Pressure': 1018.8, 'Irradiation': 0, 'Irr_max': 44, 'Rain': 0.0, 'Rain_min_time': 0.0}
2026-03-21 08:55:29,711 - uplink - INFO - Verarbeite Uplink für Gerät: LoraSense-Gamma-03
2026-03-21 08:55:29,718 - uplink - INFO - Daten erfolgreich in DB gespeichert für LoraSense-Gamma-03: {'Type': 1, 'Battery': 3.9, 'Temperature': 22.3, 'T_min': 21.5, 'T_max': 22.7, 'Humidity': 53.8, 'Pressure': 1013.4, 'Irradiation': 674, 'Irr_max': 696, 'Rain': 0.0, 'Rain_min_time': 0.0}
2026-03-21 08:55:29,721 - uplink - INFO - Verarbeite Uplink für Gerät: LoraSense-Delta-04
2026-03-21 08:55:29,728 - uplink - INFO - Daten erfolgreich in DB gespeichert für LoraSense-Delta-04: {'Type': 1, 'Battery': 3.85, 'Temperature': 20.2, 'T_min': 19.8, 'T_max': 21.2, 'Humidity': 55.8, 'Pressure': 1018.9, 'Irradiation': 132, 'Irr_max': 180, 'Rain': 0.0, 'Rain_min_time': 0.0}
2026-03-21 08:55:29,731 - uplink - INFO - Verarbeite Uplink für Gerät: LoraSense-Alpha-01
2026-03-21 08:55:29,737 - uplink - INFO - Daten erfolgreich in DB gespeichert für LoraSense-Alpha-01: {'Type': 1, 'Battery': 3.9, 'Temperature': 17.4, 'T_min': 16.4, 'T_max': 18.7, 'Humidity': 51.0, 'Pressure': 1010.4, 'Irradiation': 0, 'Irr_max': 2, 'Rain': 0.0, 'Rain_min_time': 0.0}
2026-03-21 08:55:29,740 - uplink - INFO - Verarbeite Uplink für Gerät: LoraSense-Beta-02
2026-03-21 08:55:29,750 - uplink - INFO - Daten erfolgreich in DB gespeichert für LoraSense-Beta-02: {'Type': 1, 'Battery': 4.2, 'Temperature': 20.4, 'T_min': 19.6, 'T_max': 21.0, 'Humidity': 48.6, 'Pressure': 1018.75, 'Irradiation': 0, 'Irr_max': 14, 'Rain': 0.0, 'Rain_min_time': 0.0}
2026-03-21 08:55:29,772 - uplink - INFO - Verarbeite Uplink für Gerät: LoraSense-Gamma-03
2026-03-21 08:55:29,779 - uplink - INFO - Daten erfolgreich in DB gespeichert für LoraSense-Gamma-03: {'Type': 1, 'Battery': 3.9, 'Temperature': 22.2, 'T_min': 21.7, 'T_max': 23.6, 'Humidity': 55.8, 'Pressure': 1013.55, 'Irradiation': 754, 'Irr_max': 774, 'Rain': 0.0, 'Rain_min_time': 0.0}
2026-03-21 08:55:29,803 - uplink - INFO - Verarbeite Uplink für Gerät: LoraSense-Delta-04
2026-03-21 08:55:29,811 - uplink - INFO - Daten erfolgreich in DB gespeichert für LoraSense-Delta-04: {'Type': 1, 'Battery': 3.85, 'Temperature': 20.1, 'T_min': 20.0, 'T_max': 20.1, 'Humidity': 54.8, 'Pressure': 1019.0, 'Irradiation': 164, 'Irr_max': 182, 'Rain': 0.0, 'Rain_min_time': 0.0}
2026-03-21 08:55:29,834 - uplink - INFO - Verarbeite Uplink für Gerät: LoraSense-Alpha-01
2026-03-21 08:55:29,841 - uplink - INFO - Daten erfolgreich in DB gespeichert für LoraSense-Alpha-01: {'Type': 1, 'Battery': 3.9, 'Temperature': 17.3, 'T_min': 17.0, 'T_max': 18.7, 'Humidity': 51.8, 'Pressure': 1010.45, 'Irradiation': 0, 'Irr_max': 42, 'Rain': 0.0, 'Rain_min_time': 0.0}
2026-03-21 08:55:29,866 - uplink - INFO - Verarbeite Uplink für Gerät: LoraSense-Beta-02
2026-03-21 08:55:29,872 - uplink - INFO - Daten erfolgreich in DB gespeichert für LoraSense-Beta-02: {'Type': 1, 'Battery': 4.2, 'Temperature': 20.3, 'T_min': 18.9, 'T_max': 20.5, 'Humidity': 48.8, 'Pressure': 1018.9, 'Irradiation': 0, 'Irr_max': 16, 'Rain': 0.0, 'Rain_min_time': 0.0}
2026-03-21 08:55:29,896 - uplink - INFO - Verarbeite Uplink für Gerät: LoraSense-Gamma-03
2026-03-21 08:55:29,903 - uplink - INFO - Daten erfolgreich in DB gespeichert für LoraSense-Gamma-03: {'Type': 1, 'Battery': 3.9, 'Temperature': 22.1, 'T_min': 21.3, 'T_max': 23.3, 'Humidity': 57.8, 'Pressure': 1013.5, 'Irradiation': 0, 'Irr_max': 4, 'Rain': 0.0, 'Rain_min_time': 0.0}
2026-03-21 08:55:29,927 - uplink - INFO - Verarbeite Uplink für Gerät: LoraSense-Delta-04
2026-03-21 08:55:29,935 - uplink - INFO - Daten erfolgreich in DB gespeichert für LoraSense-Delta-04: {'Type': 1, 'Battery': 3.85, 'Temperature': 20.1, 'T_min': 19.7, 'T_max': 20.8, 'Humidity': 53.8, 'Pressure': 1018.8, 'Irradiation': 102, 'Irr_max': 126, 'Rain': 0.0, 'Rain_min_time': 0.0}
2026-03-21 08:55:29,938 - uplink - INFO - Verarbeite Uplink für Gerät: LoraSense-Alpha-01
2026-03-21 08:55:29,945 - uplink - INFO - Daten erfolgreich in DB gespeichert für LoraSense-Alpha-01: {'Type': 1, 'Battery': 3.9, 'Temperature': 17.3, 'T_min': 16.0, 'T_max': 18.0, 'Humidity': 51.2, 'Pressure': 1010.55, 'Irradiation': 0, 'Irr_max': 22, 'Rain': 0.0, 'Rain_min_time': 0.0}
2026-03-21 08:55:29,959 - uplink - INFO - Verarbeite Uplink für Gerät: LoraSense-Beta-02
2026-03-21 08:55:29,965 - uplink - INFO - Daten erfolgreich in DB gespeichert für LoraSense-Beta-02: {'Type': 1, 'Battery': 4.2, 'Temperature': 20.3, 'T_min': 19.1, 'T_max': 21.7, 'Humidity': 48.6, 'Pressure': 1019.0, 'Irradiation': 54, 'Irr_max': 84, 'Rain': 0.0, 'Rain_min_time': 0.0}
2026-03-21 08:55:29,968 - uplink - INFO - Verarbeite Uplink für Gerät: LoraSense-Gamma-03
2026-03-21 08:55:29,975 - uplink - INFO - Daten erfolgreich in DB gespeichert für LoraSense-Gamma-03: {'Type': 1, 'Battery': 3.9, 'Temperature': 22.2, 'T_min': 22.0, 'T_max': 22.4, 'Humidity': 56.2, 'Pressure': 1013.35, 'Irradiation': 48, 'Irr_max': 68, 'Rain': 0.0, 'Rain_min_time': 0.0}
2026-03-21 08:55:29,990 - uplink - INFO - Verarbeite Uplink für Gerät: LoraSense-Delta-04
2026-03-21 08:55:29,997 - uplink - INFO - Daten erfolgreich in DB gespeichert für LoraSense-Delta-04: {'Type': 1, 'Battery': 3.85, 'Temperature': 20.0, 'T_min': 19.2, 'T_max': 21.0, 'Humidity': 53.8, 'Pressure': 1018.9, 'Irradiation': 118, 'Irr_max': 158, 'Rain': 0.0, 'Rain_min_time': 0.0}
2026-03-21 08:55:29,999 - uplink - INFO - Verarbeite Uplink für Gerät: LoraSense-Alpha-01
2026-03-21 08:55:30,006 - uplink - INFO - Daten erfolgreich in DB gespeichert für LoraSense-Alpha-01: {'Type': 1, 'Battery': 3.9, 'Temperature': 17.2, 'T_min': 16.2, 'T_max': 17.2, 'Humidity': 51.4, 'Pressure': 1010.55, 'Irradiation': 0, 'Irr_max': 44, 'Rain': 0.0, 'Rain_min_time': 0.0}
2026-03-21 08:55:30,020 - uplink - INFO - Verarbeite Uplink für Gerät: LoraSense-Beta-02
2026-03-21 08:55:30,026 - uplink - INFO - Daten erfolgreich in DB gespeichert für LoraSense-Beta-02: {'Type': 1, 'Battery': 4.2, 'Temperature': 20.2, 'T_min': 19.3, 'T_max': 20.8, 'Humidity': 49.2, 'Pressure': 1018.95, 'Irradiation': 116, 'Irr_max': 146, 'Rain': 0.0, 'Rain_min_time': 0.0}
2026-03-21 08:55:30,051 - uplink - INFO - Verarbeite Uplink für Gerät: LoraSense-Gamma-03
2026-03-21 08:55:30,058 - uplink - INFO - Daten erfolgreich in DB gespeichert für LoraSense-Gamma-03: {'Type': 1, 'Battery': 3.9, 'Temperature': 22.1, 'T_min': 21.8, 'T_max': 22.5, 'Humidity': 54.8, 'Pressure': 1013.25, 'Irradiation': 76, 'Irr_max': 82, 'Rain': 0.0, 'Rain_min_time': 0.0}
2026-03-21 08:55:30,061 - uplink - INFO - Verarbeite Uplink für Gerät: LoraSense-Delta-04
2026-03-21 08:55:30,069 - uplink - INFO - Daten erfolgreich in DB gespeichert für LoraSense-Delta-04: {'Type': 1, 'Battery': 3.85, 'Temperature': 19.9, 'T_min': 19.6, 'T_max': 21.1, 'Humidity': 53.0, 'Pressure': 1019.0, 'Irradiation': 152, 'Irr_max': 158, 'Rain': 0.0, 'Rain_min_time': 0.0}
2026-03-21 08:55:30,072 - uplink - INFO - Verarbeite Uplink für Gerät: LoraSense-Alpha-01
2026-03-21 08:55:30,078 - uplink - INFO - Daten erfolgreich in DB gespeichert für LoraSense-Alpha-01: {'Type': 1, 'Battery': 3.9, 'Temperature': 17.2, 'T_min': 16.2, 'T_max': 17.8, 'Humidity': 52.6, 'Pressure': 1010.45, 'Irradiation': 0, 'Irr_max': 44, 'Rain': 0.0, 'Rain_min_time': 0.0}
2026-03-21 08:55:30,097 - uplink - INFO - Verarbeite Uplink für Gerät: LoraSense-Beta-02
2026-03-21 08:55:30,103 - uplink - INFO - Daten erfolgreich in DB gespeichert für LoraSense-Beta-02: {'Type': 1, 'Battery': 4.2, 'Temperature': 20.1, 'T_min': 19.0, 'T_max': 20.5, 'Humidity': 49.4, 'Pressure': 1019.05, 'Irradiation': 80, 'Irr_max': 100, 'Rain': 0.0, 'Rain_min_time': 0.0}
2026-03-21 08:55:30,128 - uplink - INFO - Verarbeite Uplink für Gerät: LoraSense-Gamma-03
2026-03-21 08:55:30,135 - uplink - INFO - Daten erfolgreich in DB gespeichert für LoraSense-Gamma-03: {'Type': 1, 'Battery': 3.9, 'Temperature': 22.0, 'T_min': 21.7, 'T_max': 22.6, 'Humidity': 53.4, 'Pressure': 1013.15, 'Irradiation': 104, 'Irr_max': 128, 'Rain': 0.0, 'Rain_min_time': 0.0}
2026-03-21 08:55:30,138 - uplink - INFO - Verarbeite Uplink für Gerät: LoraSense-Delta-04
2026-03-21 08:55:30,144 - uplink - INFO - Daten erfolgreich in DB gespeichert für LoraSense-Delta-04: {'Type': 1, 'Battery': 3.85, 'Temperature': 19.9, 'T_min': 19.7, 'T_max': 20.5, 'Humidity': 53.6, 'Pressure': 1019.0, 'Irradiation': 148, 'Irr_max': 160, 'Rain': 0.0, 'Rain_min_time': 0.0}
2026-03-21 08:55:30,147 - uplink - INFO - Verarbeite Uplink für Gerät: LoraSense-Alpha-01
2026-03-21 08:55:30,154 - uplink - INFO - Daten erfolgreich in DB gespeichert für LoraSense-Alpha-01: {'Type': 1, 'Battery': 3.9, 'Temperature': 17.2, 'T_min': 16.4, 'T_max': 18.6, 'Humidity': 51.4, 'Pressure': 1010.6, 'Irradiation': 0, 'Irr_max': 28, 'Rain': 5.0, 'Rain_min_time': 0.0}
2026-03-21 08:55:30,156 - uplink - INFO - Verarbeite Uplink für Gerät: LoraSense-Beta-02
2026-03-21 08:55:30,163 - uplink - INFO - Daten erfolgreich in DB gespeichert für LoraSense-Beta-02: {'Type': 1, 'Battery': 4.2, 'Temperature': 20.1, 'T_min': 19.0, 'T_max': 20.8, 'Humidity': 48.6, 'Pressure': 1018.9, 'Irradiation': 0, 'Irr_max': 36, 'Rain': 0.0, 'Rain_min_time': 0.0}
2026-03-21 08:55:30,166 - uplink - INFO - Verarbeite Uplink für Gerät: LoraSense-Gamma-03
2026-03-21 08:55:30,172 - uplink - INFO - Daten erfolgreich in DB gespeichert für LoraSense-Gamma-03: {'Type': 1, 'Battery': 3.9, 'Temperature': 21.9, 'T_min': 21.9, 'T_max': 22.9, 'Humidity': 55.2, 'Pressure': 1013.0, 'Irradiation': 58, 'Irr_max': 60, 'Rain': 0.0, 'Rain_min_time': 0.0}
2026-03-21 08:55:30,175 - uplink - INFO - Verarbeite Uplink für Gerät: LoraSense-Delta-04
2026-03-21 08:55:30,181 - uplink - INFO - Daten erfolgreich in DB gespeichert für LoraSense-Delta-04: {'Type': 1, 'Battery': 3.85, 'Temperature': 19.8, 'T_min': 18.8, 'T_max': 20.5, 'Humidity': 52.4, 'Pressure': 1019.15, 'Irradiation': 50, 'Irr_max': 80, 'Rain': 0.0, 'Rain_min_time': 0.0}
2026-03-21 08:55:46,261 - uplink - INFO - Verarbeite Uplink für Gerät: LoraSense-Alpha-01
2026-03-21 08:55:46,268 - uplink - INFO - Daten erfolgreich in DB gespeichert für LoraSense-Alpha-01: {'Type': 1, 'Battery': 4.0, 'Temperature': 24.3, 'T_min': 23.2, 'T_max': 25.3, 'Humidity': 56.4, 'Pressure': 1016.2, 'Irradiation': 460, 'Irr_max': 464, 'Rain': 0.0, 'Rain_min_time': 0.0}
2026-03-21 08:55:46,271 - uplink - INFO - Verarbeite Uplink für Gerät: LoraSense-Beta-02
2026-03-21 08:55:46,278 - uplink - INFO - Daten erfolgreich in DB gespeichert für LoraSense-Beta-02: {'Type': 1, 'Battery': 4.0, 'Temperature': 15.6, 'T_min': 14.1, 'T_max': 16.3, 'Humidity': 60.4, 'Pressure': 1012.2, 'Irradiation': 38, 'Irr_max': 88, 'Rain': 0.0, 'Rain_min_time': 0.0}
2026-03-21 08:55:46,302 - uplink - INFO - Verarbeite Uplink für Gerät: LoraSense-Gamma-03
2026-03-21 08:55:46,310 - uplink - INFO - Daten erfolgreich in DB gespeichert für LoraSense-Gamma-03: {'Type': 1, 'Battery': 4.15, 'Temperature': 17.3, 'T_min': 15.9, 'T_max': 18.1, 'Humidity': 55.2, 'Pressure': 1012.75, 'Irradiation': 0, 'Irr_max': 4, 'Rain': 0.0, 'Rain_min_time': 0.0}
2026-03-21 08:55:46,334 - uplink - INFO - Verarbeite Uplink für Gerät: LoraSense-Delta-04
2026-03-21 08:55:46,341 - uplink - INFO - Daten erfolgreich in DB gespeichert für LoraSense-Delta-04: {'Type': 1, 'Battery': 3.85, 'Temperature': 16.3, 'T_min': 15.8, 'T_max': 17.3, 'Humidity': 47.4, 'Pressure': 1011.4, 'Irradiation': 552, 'Irr_max': 600, 'Rain': 0.0, 'Rain_min_time': 0.0}
2026-03-21 08:55:46,344 - uplink - INFO - Verarbeite Uplink für Gerät: LoraSense-Alpha-01
2026-03-21 08:55:46,350 - uplink - INFO - Daten erfolgreich in DB gespeichert für LoraSense-Alpha-01: {'Type': 1, 'Battery': 4.0, 'Temperature': 24.2, 'T_min': 23.9, 'T_max': 25.3, 'Humidity': 54.8, 'Pressure': 1016.25, 'Irradiation': 496, 'Irr_max': 506, 'Rain': 0.0, 'Rain_min_time': 0.0}
2026-03-21 08:55:46,365 - uplink - INFO - Verarbeite Uplink für Gerät: LoraSense-Beta-02
2026-03-21 08:55:46,372 - uplink - INFO - Daten erfolgreich in DB gespeichert für LoraSense-Beta-02: {'Type': 1, 'Battery': 4.0, 'Temperature': 15.6, 'T_min': 14.7, 'T_max': 16.0, 'Humidity': 62.2, 'Pressure': 1012.35, 'Irradiation': 0, 'Irr_max': 12, 'Rain': 0.0, 'Rain_min_time': 0.0}
2026-03-21 08:55:46,396 - uplink - INFO - Verarbeite Uplink für Gerät: LoraSense-Gamma-03
2026-03-21 08:55:46,405 - uplink - INFO - Daten erfolgreich in DB gespeichert für LoraSense-Gamma-03: {'Type': 1, 'Battery': 4.15, 'Temperature': 17.3, 'T_min': 15.9, 'T_max': 17.8, 'Humidity': 55.0, 'Pressure': 1012.8, 'Irradiation': 0, 'Irr_max': 4, 'Rain': 0.0, 'Rain_min_time': 0.0}
2026-03-21 08:55:46,426 - uplink - INFO - Verarbeite Uplink für Gerät: LoraSense-Delta-04
2026-03-21 08:55:46,433 - uplink - INFO - Daten erfolgreich in DB gespeichert für LoraSense-Delta-04: {'Type': 1, 'Battery': 3.85, 'Temperature': 16.3, 'T_min': 15.1, 'T_max': 17.8, 'Humidity': 47.2, 'Pressure': 1011.45, 'Irradiation': 556, 'Irr_max': 576, 'Rain': 0.0, 'Rain_min_time': 0.0}
2026-03-21 08:55:46,457 - uplink - INFO - Verarbeite Uplink für Gerät: LoraSense-Alpha-01
2026-03-21 08:55:46,466 - uplink - INFO - Daten erfolgreich in DB gespeichert für LoraSense-Alpha-01: {'Type': 1, 'Battery': 4.0, 'Temperature': 24.2, 'T_min': 23.1, 'T_max': 24.7, 'Humidity': 53.8, 'Pressure': 1016.4, 'Irradiation': 0, 'Irr_max': 22, 'Rain': 0.0, 'Rain_min_time': 0.0}
2026-03-21 08:55:46,468 - uplink - INFO - Verarbeite Uplink für Gerät: LoraSense-Beta-02
2026-03-21 08:55:46,475 - uplink - INFO - Daten erfolgreich in DB gespeichert für LoraSense-Beta-02: {'Type': 1, 'Battery': 4.0, 'Temperature': 15.5, 'T_min': 14.4, 'T_max': 16.6, 'Humidity': 62.6, 'Pressure': 1012.35, 'Irradiation': 0, 'Irr_max': 30, 'Rain': 0.0, 'Rain_min_time': 0.0}
2026-03-21 08:55:46,478 - uplink - INFO - Verarbeite Uplink für Gerät: LoraSense-Gamma-03
2026-03-21 08:55:46,484 - uplink - INFO - Daten erfolgreich in DB gespeichert für LoraSense-Gamma-03: {'Type': 1, 'Battery': 4.15, 'Temperature': 17.3, 'T_min': 16.9, 'T_max': 17.9, 'Humidity': 56.0, 'Pressure': 1012.75, 'Irradiation': 48, 'Irr_max': 54, 'Rain': 0.0, 'Rain_min_time': 0.0}
2026-03-21 08:55:46,504 - uplink - INFO - Verarbeite Uplink für Gerät: LoraSense-Delta-04
2026-03-21 08:55:46,512 - uplink - INFO - Daten erfolgreich in DB gespeichert für LoraSense-Delta-04: {'Type': 1, 'Battery': 3.85, 'Temperature': 16.3, 'T_min': 15.7, 'T_max': 16.7, 'Humidity': 48.0, 'Pressure': 1011.35, 'Irradiation': 576, 'Irr_max': 602, 'Rain': 0.0, 'Rain_min_time': 0.0}
2026-03-21 08:55:46,535 - uplink - INFO - Verarbeite Uplink für Gerät: LoraSense-Alpha-01
2026-03-21 08:55:46,543 - uplink - INFO - Daten erfolgreich in DB gespeichert für LoraSense-Alpha-01: {'Type': 1, 'Battery': 4.0, 'Temperature': 24.3, 'T_min': 22.8, 'T_max': 25.3, 'Humidity': 52.4, 'Pressure': 1016.4, 'Irradiation': 0, 'Irr_max': 30, 'Rain': 0.0, 'Rain_min_time': 0.0}
2026-03-21 08:55:46,565 - uplink - INFO - Verarbeite Uplink für Gerät: LoraSense-Beta-02
2026-03-21 08:55:46,573 - uplink - INFO - Daten erfolgreich in DB gespeichert für LoraSense-Beta-02: {'Type': 1, 'Battery': 4.0, 'Temperature': 15.5, 'T_min': 15.0, 'T_max': 16.8, 'Humidity': 62.8, 'Pressure': 1012.3, 'Irradiation': 0, 'Irr_max': 36, 'Rain': 0.0, 'Rain_min_time': 0.0}
2026-03-21 08:55:46,596 - uplink - INFO - Verarbeite Uplink für Gerät: LoraSense-Gamma-03
2026-03-21 08:55:46,603 - uplink - INFO - Daten erfolgreich in DB gespeichert für LoraSense-Gamma-03: {'Type': 1, 'Battery': 4.15, 'Temperature': 17.3, 'T_min': 16.3, 'T_max': 18.1, 'Humidity': 55.6, 'Pressure': 1012.7, 'Irradiation': 0, 'Irr_max': 0, 'Rain': 0.0, 'Rain_min_time': 0.0}
2026-03-21 08:55:46,626 - uplink - INFO - Verarbeite Uplink für Gerät: LoraSense-Delta-04
2026-03-21 08:55:46,634 - uplink - INFO - Daten erfolgreich in DB gespeichert für LoraSense-Delta-04: {'Type': 1, 'Battery': 3.85, 'Temperature': 16.3, 'T_min': 14.9, 'T_max': 16.3, 'Humidity': 48.6, 'Pressure': 1011.2, 'Irradiation': 0, 'Irr_max': 38, 'Rain': 0.0, 'Rain_min_time': 0.0}
2026-03-21 08:55:46,657 - uplink - INFO - Verarbeite Uplink für Gerät: LoraSense-Alpha-01
2026-03-21 08:55:46,664 - uplink - INFO - Daten erfolgreich in DB gespeichert für LoraSense-Alpha-01: {'Type': 1, 'Battery': 4.0, 'Temperature': 24.4, 'T_min': 23.3, 'T_max': 25.2, 'Humidity': 52.6, 'Pressure': 1016.25, 'Irradiation': 88, 'Irr_max': 106, 'Rain': 0.0, 'Rain_min_time': 0.0}
2026-03-21 08:55:46,689 - uplink - INFO - Verarbeite Uplink für Gerät: LoraSense-Beta-02
2026-03-21 08:55:46,695 - uplink - INFO - Daten erfolgreich in DB gespeichert für LoraSense-Beta-02: {'Type': 1, 'Battery': 4.0, 'Temperature': 15.5, 'T_min': 15.0, 'T_max': 15.9, 'Humidity': 61.6, 'Pressure': 1012.25, 'Irradiation': 0, 'Irr_max': 24, 'Rain': 0.0, 'Rain_min_time': 0.0}
2026-03-21 08:55:46,719 - uplink - INFO - Verarbeite Uplink für Gerät: LoraSense-Gamma-03
2026-03-21 08:55:46,728 - uplink - INFO - Daten erfolgreich in DB gespeichert für LoraSense-Gamma-03: {'Type': 1, 'Battery': 4.15, 'Temperature': 17.3, 'T_min': 16.6, 'T_max': 18.5, 'Humidity': 57.2, 'Pressure': 1012.9, 'Irradiation': 0, 'Irr_max': 50, 'Rain': 0.0, 'Rain_min_time': 0.0}
2026-03-21 08:55:46,731 - uplink - INFO - Verarbeite Uplink für Gerät: LoraSense-Delta-04
2026-03-21 08:55:46,738 - uplink - INFO - Daten erfolgreich in DB gespeichert für LoraSense-Delta-04: {'Type': 1, 'Battery': 3.85, 'Temperature': 16.3, 'T_min': 15.3, 'T_max': 16.4, 'Humidity': 50.0, 'Pressure': 1011.35, 'Irradiation': 10, 'Irr_max': 14, 'Rain': 0.0, 'Rain_min_time': 0.0}
2026-03-21 08:55:46,750 - uplink - INFO - Verarbeite Uplink für Gerät: LoraSense-Alpha-01
2026-03-21 08:55:46,756 - uplink - INFO - Daten erfolgreich in DB gespeichert für LoraSense-Alpha-01: {'Type': 1, 'Battery': 4.0, 'Temperature': 24.4, 'T_min': 23.1, 'T_max': 25.3, 'Humidity': 52.2, 'Pressure': 1016.3, 'Irradiation': 80, 'Irr_max': 116, 'Rain': 0.0, 'Rain_min_time': 0.0}
2026-03-21 08:55:46,781 - uplink - INFO - Verarbeite Uplink für Gerät: LoraSense-Beta-02
2026-03-21 08:55:46,789 - uplink - INFO - Daten erfolgreich in DB gespeichert für LoraSense-Beta-02: {'Type': 1, 'Battery': 4.0, 'Temperature': 15.5, 'T_min': 14.5, 'T_max': 16.8, 'Humidity': 62.0, 'Pressure': 1012.3, 'Irradiation': 0, 'Irr_max': 50, 'Rain': 3.0, 'Rain_min_time': 0.0}
2026-03-21 08:55:46,812 - uplink - INFO - Verarbeite Uplink für Gerät: LoraSense-Gamma-03
2026-03-21 08:55:46,820 - uplink - INFO - Daten erfolgreich in DB gespeichert für LoraSense-Gamma-03: {'Type': 1, 'Battery': 4.15, 'Temperature': 17.3, 'T_min': 16.3, 'T_max': 17.9, 'Humidity': 58.8, 'Pressure': 1012.9, 'Irradiation': 48, 'Irr_max': 84, 'Rain': 0.0, 'Rain_min_time': 0.0}
2026-03-21 08:55:46,843 - uplink - INFO - Verarbeite Uplink für Gerät: LoraSense-Delta-04
2026-03-21 08:55:46,851 - uplink - INFO - Daten erfolgreich in DB gespeichert für LoraSense-Delta-04: {'Type': 1, 'Battery': 3.85, 'Temperature': 16.3, 'T_min': 16.2, 'T_max': 17.8, 'Humidity': 49.8, 'Pressure': 1011.45, 'Irradiation': 100, 'Irr_max': 134, 'Rain': 0.0, 'Rain_min_time': 0.0}
2026-03-21 08:55:46,874 - uplink - INFO - Verarbeite Uplink für Gerät: LoraSense-Alpha-01
2026-03-21 08:55:46,882 - uplink - INFO - Daten erfolgreich in DB gespeichert für LoraSense-Alpha-01: {'Type': 1, 'Battery': 4.0, 'Temperature': 24.4, 'T_min': 24.0, 'T_max': 25.9, 'Humidity': 53.6, 'Pressure': 1016.3, 'Irradiation': 28, 'Irr_max': 60, 'Rain': 0.0, 'Rain_min_time': 0.0}
2026-03-21 08:55:46,906 - uplink - INFO - Verarbeite Uplink für Gerät: LoraSense-Beta-02
2026-03-21 08:55:46,913 - uplink - INFO - Daten erfolgreich in DB gespeichert für LoraSense-Beta-02: {'Type': 1, 'Battery': 4.0, 'Temperature': 15.6, 'T_min': 15.0, 'T_max': 16.7, 'Humidity': 61.0, 'Pressure': 1012.15, 'Irradiation': 56, 'Irr_max': 78, 'Rain': 0.0, 'Rain_min_time': 0.0}
2026-03-21 08:55:46,936 - uplink - INFO - Verarbeite Uplink für Gerät: LoraSense-Gamma-03
2026-03-21 08:55:46,943 - uplink - INFO - Daten erfolgreich in DB gespeichert für LoraSense-Gamma-03: {'Type': 1, 'Battery': 4.15, 'Temperature': 17.4, 'T_min': 16.0, 'T_max': 18.7, 'Humidity': 57.8, 'Pressure': 1012.85, 'Irradiation': 40, 'Irr_max': 52, 'Rain': 0.0, 'Rain_min_time': 0.0}
2026-03-21 08:55:46,967 - uplink - INFO - Verarbeite Uplink für Gerät: LoraSense-Delta-04
2026-03-21 08:55:46,975 - uplink - INFO - Daten erfolgreich in DB gespeichert für LoraSense-Delta-04: {'Type': 1, 'Battery': 3.85, 'Temperature': 16.3, 'T_min': 15.0, 'T_max': 17.0, 'Humidity': 48.6, 'Pressure': 1011.5, 'Irradiation': 136, 'Irr_max': 174, 'Rain': 0.0, 'Rain_min_time': 0.0}
2026-03-21 08:56:12,300 - uplink - INFO - Verarbeite Uplink für Gerät: AABBCC01020307
2026-03-21 08:56:12,311 - uplink - INFO - Daten erfolgreich in DB gespeichert für AABBCC01020307: {'Type': 1, 'Battery': 3.85, 'Temperature': 18.1, 'T_min': 16.6, 'T_max': 19.0, 'Humidity': 51.2, 'Pressure': 1013.8, 'Irradiation': 682, 'Irr_max': 688, 'Rain': 0.0, 'Rain_min_time': 0.0}
2026-03-21 08:56:12,316 - uplink - INFO - Verarbeite Uplink für Gerät: AABBCC01020307
2026-03-21 08:56:12,327 - uplink - INFO - Daten erfolgreich in DB gespeichert für AABBCC01020307: {'Type': 1, 'Battery': 3.85, 'Temperature': 18.0, 'T_min': 16.7, 'T_max': 18.0, 'Humidity': 52.4, 'Pressure': 1013.85, 'Irradiation': 0, 'Irr_max': 4, 'Rain': 0.0, 'Rain_min_time': 0.0}
2026-03-21 08:56:12,332 - uplink - INFO - Verarbeite Uplink für Gerät: AABBCC01020307
2026-03-21 08:56:12,339 - uplink - INFO - Daten erfolgreich in DB gespeichert für AABBCC01020307: {'Type': 1, 'Battery': 3.85, 'Temperature': 18.1, 'T_min': 16.9, 'T_max': 19.5, 'Humidity': 51.2, 'Pressure': 1013.95, 'Irradiation': 0, 'Irr_max': 6, 'Rain': 0.0, 'Rain_min_time': 0.0}
2026-03-21 08:56:12,363 - uplink - INFO - Verarbeite Uplink für Gerät: AABBCC01020307
2026-03-21 08:56:12,372 - uplink - INFO - Daten erfolgreich in DB gespeichert für AABBCC01020307: {'Type': 1, 'Battery': 3.85, 'Temperature': 18.2, 'T_min': 17.5, 'T_max': 18.5, 'Humidity': 52.2, 'Pressure': 1013.95, 'Irradiation': 0, 'Irr_max': 24, 'Rain': 0.0, 'Rain_min_time': 0.0}
2026-03-21 08:56:12,377 - uplink - INFO - Verarbeite Uplink für Gerät: AABBCC01020307
2026-03-21 08:56:12,385 - uplink - INFO - Daten erfolgreich in DB gespeichert für AABBCC01020307: {'Type': 1, 'Battery': 3.85, 'Temperature': 18.2, 'T_min': 16.9, 'T_max': 18.9, 'Humidity': 52.8, 'Pressure': 1013.9, 'Irradiation': 48, 'Irr_max': 54, 'Rain': 0.0, 'Rain_min_time': 0.0}
2026-03-21 08:56:12,389 - uplink - INFO - Verarbeite Uplink für Gerät: AABBCC01020307
2026-03-21 08:56:12,397 - uplink - INFO - Daten erfolgreich in DB gespeichert für AABBCC01020307: {'Type': 1, 'Battery': 3.85, 'Temperature': 18.2, 'T_min': 16.9, 'T_max': 19.7, 'Humidity': 52.4, 'Pressure': 1014.05, 'Irradiation': 144, 'Irr_max': 172, 'Rain': 0.0, 'Rain_min_time': 0.0}
2026-03-21 08:56:12,402 - uplink - INFO - Verarbeite Uplink für Gerät: AABBCC01020307
2026-03-21 08:56:12,409 - uplink - INFO - Daten erfolgreich in DB gespeichert für AABBCC01020307: {'Type': 1, 'Battery': 3.85, 'Temperature': 18.2, 'T_min': 17.5, 'T_max': 19.5, 'Humidity': 52.8, 'Pressure': 1014.05, 'Irradiation': 142, 'Irr_max': 174, 'Rain': 0.0, 'Rain_min_time': 0.0}
2026-03-21 08:56:12,414 - uplink - INFO - Verarbeite Uplink für Gerät: AABBCC01020307
2026-03-21 08:56:12,422 - uplink - INFO - Daten erfolgreich in DB gespeichert für AABBCC01020307: {'Type': 1, 'Battery': 3.85, 'Temperature': 18.2, 'T_min': 17.3, 'T_max': 19.5, 'Humidity': 53.4, 'Pressure': 1013.9, 'Irradiation': 88, 'Irr_max': 108, 'Rain': 0.0, 'Rain_min_time': 0.0}
2026-03-21 08:56:12,427 - uplink - INFO - Verarbeite Uplink für Gerät: AABBCC01020307
2026-03-21 08:56:12,435 - uplink - INFO - Daten erfolgreich in DB gespeichert für AABBCC01020307: {'Type': 1, 'Battery': 3.85, 'Temperature': 18.2, 'T_min': 17.6, 'T_max': 19.3, 'Humidity': 54.6, 'Pressure': 1013.75, 'Irradiation': 104, 'Irr_max': 152, 'Rain': 0.0, 'Rain_min_time': 0.0}
2026-03-21 08:56:12,440 - uplink - INFO - Verarbeite Uplink für Gerät: AABBCC01020307
2026-03-21 08:56:12,448 - uplink - INFO - Daten erfolgreich in DB gespeichert für AABBCC01020307: {'Type': 1, 'Battery': 3.85, 'Temperature': 18.2, 'T_min': 17.3, 'T_max': 18.7, 'Humidity': 54.0, 'Pressure': 1013.65, 'Irradiation': 134, 'Irr_max': 136, 'Rain': 0.0, 'Rain_min_time': 0.0}
2026-03-21 08:56:12,471 - uplink - INFO - Verarbeite Uplink für Gerät: AABBCC01020307
2026-03-21 08:56:12,480 - uplink - INFO - Daten erfolgreich in DB gespeichert für AABBCC01020307: {'Type': 1, 'Battery': 3.85, 'Temperature': 18.3, 'T_min': 18.1, 'T_max': 19.5, 'Humidity': 54.0, 'Pressure': 1013.65, 'Irradiation': 188, 'Irr_max': 210, 'Rain': 0.0, 'Rain_min_time': 0.0}
2026-03-21 08:56:12,485 - uplink - INFO - Verarbeite Uplink für Gerät: AABBCC01020307
2026-03-21 08:56:12,493 - uplink - INFO - Daten erfolgreich in DB gespeichert für AABBCC01020307: {'Type': 1, 'Battery': 3.85, 'Temperature': 18.3, 'T_min': 17.9, 'T_max': 19.2, 'Humidity': 52.6, 'Pressure': 1013.8, 'Irradiation': 0, 'Irr_max': 48, 'Rain': 0.0, 'Rain_min_time': 0.0}
2026-03-21 08:56:12,497 - uplink - INFO - Verarbeite Uplink für Gerät: AABBCC01020307
2026-03-21 08:56:12,596 - uplink - INFO - Daten erfolgreich in DB gespeichert für AABBCC01020307: {'Type': 1, 'Battery': 3.85, 'Temperature': 18.3, 'T_min': 17.6, 'T_max': 18.7, 'Humidity': 53.6, 'Pressure': 1013.8, 'Irradiation': 0, 'Irr_max': 30, 'Rain': 0.0, 'Rain_min_time': 0.0}
2026-03-21 08:56:12,601 - uplink - INFO - Verarbeite Uplink für Gerät: AABBCC01020307
2026-03-21 08:56:12,608 - uplink - INFO - Daten erfolgreich in DB gespeichert für AABBCC01020307: {'Type': 1, 'Battery': 3.85, 'Temperature': 18.4, 'T_min': 17.2, 'T_max': 19.3, 'Humidity': 53.0, 'Pressure': 1013.75, 'Irradiation': 0, 'Irr_max': 20, 'Rain': 0.0, 'Rain_min_time': 0.0}
2026-03-21 08:56:12,613 - uplink - INFO - Verarbeite Uplink für Gerät: AABBCC01020307
2026-03-21 08:56:12,622 - uplink - INFO - Daten erfolgreich in DB gespeichert für AABBCC01020307: {'Type': 1, 'Battery': 3.85, 'Temperature': 18.4, 'T_min': 17.6, 'T_max': 19.6, 'Humidity': 54.0, 'Pressure': 1013.6, 'Irradiation': 78, 'Irr_max': 118, 'Rain': 0.0, 'Rain_min_time': 0.0}
2026-03-21 08:56:12,627 - uplink - INFO - Verarbeite Uplink für Gerät: AABBCC01020307
2026-03-21 08:56:12,635 - uplink - INFO - Daten erfolgreich in DB gespeichert für AABBCC01020307: {'Type': 1, 'Battery': 3.85, 'Temperature': 18.4, 'T_min': 17.0, 'T_max': 18.5, 'Humidity': 52.0, 'Pressure': 1013.65, 'Irradiation': 0, 'Irr_max': 40, 'Rain': 0.0, 'Rain_min_time': 0.0}
2026-03-21 08:56:12,656 - uplink - INFO - Verarbeite Uplink für Gerät: AABBCC01020307
2026-03-21 08:56:12,665 - uplink - INFO - Daten erfolgreich in DB gespeichert für AABBCC01020307: {'Type': 1, 'Battery': 3.85, 'Temperature': 18.4, 'T_min': 17.0, 'T_max': 19.0, 'Humidity': 52.4, 'Pressure': 1013.6, 'Irradiation': 52, 'Irr_max': 100, 'Rain': 0.0, 'Rain_min_time': 0.0}
2026-03-21 08:56:12,669 - uplink - INFO - Verarbeite Uplink für Gerät: AABBCC01020307
2026-03-21 08:56:12,677 - uplink - INFO - Daten erfolgreich in DB gespeichert für AABBCC01020307: {'Type': 1, 'Battery': 3.85, 'Temperature': 18.3, 'T_min': 18.2, 'T_max': 18.3, 'Humidity': 52.0, 'Pressure': 1013.5, 'Irradiation': 126, 'Irr_max': 170, 'Rain': 0.0, 'Rain_min_time': 0.0}
2026-03-21 08:56:12,682 - uplink - INFO - Verarbeite Uplink für Gerät: AABBCC01020307
2026-03-21 08:56:12,689 - uplink - INFO - Daten erfolgreich in DB gespeichert für AABBCC01020307: {'Type': 1, 'Battery': 3.85, 'Temperature': 18.3, 'T_min': 18.1, 'T_max': 18.9, 'Humidity': 50.0, 'Pressure': 1013.4, 'Irradiation': 214, 'Irr_max': 250, 'Rain': 0.0, 'Rain_min_time': 0.0}
2026-03-21 08:56:12,694 - uplink - INFO - Verarbeite Uplink für Gerät: AABBCC01020307
2026-03-21 08:56:12,702 - uplink - INFO - Daten erfolgreich in DB gespeichert für AABBCC01020307: {'Type': 1, 'Battery': 3.85, 'Temperature': 18.4, 'T_min': 17.8, 'T_max': 19.3, 'Humidity': 51.0, 'Pressure': 1013.35, 'Irradiation': 0, 'Irr_max': 32, 'Rain': 0.0, 'Rain_min_time': 0.0}
2026-03-21 08:56:12,706 - uplink - INFO - Verarbeite Uplink für Gerät: AABBCC01020307
2026-03-21 08:56:12,714 - uplink - INFO - Daten erfolgreich in DB gespeichert für AABBCC01020307: {'Type': 1, 'Battery': 3.85, 'Temperature': 18.4, 'T_min': 17.9, 'T_max': 18.9, 'Humidity': 52.0, 'Pressure': 1013.2, 'Irradiation': 0, 'Irr_max': 22, 'Rain': 0.0, 'Rain_min_time': 0.0}
2026-03-21 08:56:12,719 - uplink - INFO - Verarbeite Uplink für Gerät: AABBCC01020307
2026-03-21 08:56:12,728 - uplink - INFO - Daten erfolgreich in DB gespeichert für AABBCC01020307: {'Type': 1, 'Battery': 3.85, 'Temperature': 18.4, 'T_min': 17.3, 'T_max': 19.2, 'Humidity': 51.4, 'Pressure': 1013.1, 'Irradiation': 0, 'Irr_max': 48, 'Rain': 0.0, 'Rain_min_time': 0.0}
2026-03-21 08:56:12,732 - uplink - INFO - Verarbeite Uplink für Gerät: AABBCC01020307
2026-03-21 08:56:12,739 - uplink - INFO - Daten erfolgreich in DB gespeichert für AABBCC01020307: {'Type': 1, 'Battery': 3.85, 'Temperature': 18.4, 'T_min': 17.1, 'T_max': 19.6, 'Humidity': 51.6, 'Pressure': 1013.15, 'Irradiation': 70, 'Irr_max': 78, 'Rain': 3.0, 'Rain_min_time': 0.0}
2026-03-21 08:56:12,743 - uplink - INFO - Verarbeite Uplink für Gerät: AABBCC01020307
2026-03-21 08:56:12,751 - uplink - INFO - Daten erfolgreich in DB gespeichert für AABBCC01020307: {'Type': 1, 'Battery': 3.85, 'Temperature': 18.3, 'T_min': 17.6, 'T_max': 18.8, 'Humidity': 52.8, 'Pressure': 1013.25, 'Irradiation': 0, 'Irr_max': 6, 'Rain': 0.0, 'Rain_min_time': 0.0}
2026-03-21 08:56:12,755 - uplink - INFO - Verarbeite Uplink für Gerät: AABBCC01020307
2026-03-21 08:56:12,762 - uplink - INFO - Daten erfolgreich in DB gespeichert für AABBCC01020307: {'Type': 1, 'Battery': 3.85, 'Temperature': 18.3, 'T_min': 17.3, 'T_max': 18.4, 'Humidity': 51.0, 'Pressure': 1013.3, 'Irradiation': 0, 'Irr_max': 12, 'Rain': 0.0, 'Rain_min_time': 0.0}
2026-03-21 08:56:12,778 - uplink - INFO - Verarbeite Uplink für Gerät: AABBCC01020307
2026-03-21 08:56:12,793 - uplink - INFO - Daten erfolgreich in DB gespeichert für AABBCC01020307: {'Type': 1, 'Battery': 3.85, 'Temperature': 18.3, 'T_min': 17.8, 'T_max': 18.4, 'Humidity': 50.8, 'Pressure': 1013.3, 'Irradiation': 0, 'Irr_max': 40, 'Rain': 0.0, 'Rain_min_time': 0.0}
2026-03-21 08:56:22,800 - uplink - INFO - Verarbeite Uplink für Gerät: AABBCC01020307
2026-03-21 08:56:22,861 - uplink - INFO - Daten erfolgreich in DB gespeichert für AABBCC01020307: {'Type': 1, 'Battery': 3.85, 'Temperature': 18.3, 'T_min': 17.3, 'T_max': 18.6, 'Humidity': 50.8, 'Pressure': 1013.3, 'Irradiation': 0, 'Irr_max': 6, 'Rain': 0.0, 'Rain_min_time': 0.0}
2026-03-21 08:56:32,876 - uplink - INFO - Verarbeite Uplink für Gerät: AABBCC01020307
2026-03-21 08:56:32,886 - uplink - INFO - Daten erfolgreich in DB gespeichert für AABBCC01020307: {'Type': 1, 'Battery': 3.85, 'Temperature': 18.3, 'T_min': 18.3, 'T_max': 18.4, 'Humidity': 50.8, 'Pressure': 1013.3, 'Irradiation': 0, 'Irr_max': 20, 'Rain': 0.0, 'Rain_min_time': 0.0}
2026-03-21 08:56:42,901 - uplink - INFO - Verarbeite Uplink für Gerät: AABBCC01020307
2026-03-21 08:56:42,911 - uplink - INFO - Daten erfolgreich in DB gespeichert für AABBCC01020307: {'Type': 1, 'Battery': 3.85, 'Temperature': 18.3, 'T_min': 17.0, 'T_max': 19.6, 'Humidity': 50.8, 'Pressure': 1013.3, 'Irradiation': 0, 'Irr_max': 16, 'Rain': 0.0, 'Rain_min_time': 0.0}
2026-03-21 08:56:52,917 - uplink - INFO - Verarbeite Uplink für Gerät: AABBCC01020307
2026-03-21 08:56:52,927 - uplink - INFO - Daten erfolgreich in DB gespeichert für AABBCC01020307: {'Type': 1, 'Battery': 3.85, 'Temperature': 18.3, 'T_min': 18.1, 'T_max': 19.0, 'Humidity': 50.8, 'Pressure': 1013.3, 'Irradiation': 0, 'Irr_max': 6, 'Rain': 0.0, 'Rain_min_time': 0.0}
2026-03-21 08:57:02,942 - uplink - INFO - Verarbeite Uplink für Gerät: AABBCC01020307
2026-03-21 08:57:02,951 - uplink - INFO - Daten erfolgreich in DB gespeichert für AABBCC01020307: {'Type': 1, 'Battery': 3.85, 'Temperature': 18.3, 'T_min': 17.9, 'T_max': 18.5, 'Humidity': 50.8, 'Pressure': 1013.3, 'Irradiation': 0, 'Irr_max': 8, 'Rain': 0.0, 'Rain_min_time': 0.0}
2026-03-21 08:57:12,974 - uplink - INFO - Verarbeite Uplink für Gerät: AABBCC01020307
2026-03-21 08:57:12,981 - uplink - INFO - Daten erfolgreich in DB gespeichert für AABBCC01020307: {'Type': 1, 'Battery': 3.85, 'Temperature': 18.3, 'T_min': 17.9, 'T_max': 18.9, 'Humidity': 50.8, 'Pressure': 1013.3, 'Irradiation': 0, 'Irr_max': 42, 'Rain': 0.0, 'Rain_min_time': 0.0}
2026-03-21 08:57:23,005 - uplink - INFO - Verarbeite Uplink für Gerät: AABBCC01020307
2026-03-21 08:57:23,370 - uplink - INFO - Daten erfolgreich in DB gespeichert für AABBCC01020307: {'Type': 1, 'Battery': 3.85, 'Temperature': 18.3, 'T_min': 17.0, 'T_max': 19.0, 'Humidity': 50.8, 'Pressure': 1013.3, 'Irradiation': 0, 'Irr_max': 0, 'Rain': 0.0, 'Rain_min_time': 0.0}
2026-03-21 08:57:33,395 - uplink - INFO - Verarbeite Uplink für Gerät: AABBCC01020307
2026-03-21 08:57:33,404 - uplink - INFO - Daten erfolgreich in DB gespeichert für AABBCC01020307: {'Type': 1, 'Battery': 3.85, 'Temperature': 18.3, 'T_min': 17.6, 'T_max': 19.8, 'Humidity': 50.8, 'Pressure': 1013.3, 'Irradiation': 0, 'Irr_max': 36, 'Rain': 0.0, 'Rain_min_time': 0.0}
2026-03-21 08:57:43,426 - uplink - INFO - Verarbeite Uplink für Gerät: AABBCC01020307
2026-03-21 08:57:43,433 - uplink - INFO - Daten erfolgreich in DB gespeichert für AABBCC01020307: {'Type': 1, 'Battery': 3.85, 'Temperature': 18.3, 'T_min': 18.0, 'T_max': 18.6, 'Humidity': 50.8, 'Pressure': 1013.3, 'Irradiation': 2, 'Irr_max': 40, 'Rain': 0.0, 'Rain_min_time': 0.0}
2026-03-21 08:57:53,446 - uplink - INFO - Verarbeite Uplink für Gerät: AABBCC01020307
2026-03-21 08:57:53,455 - uplink - INFO - Daten erfolgreich in DB gespeichert für AABBCC01020307: {'Type': 1, 'Battery': 3.85, 'Temperature': 18.3, 'T_min': 16.8, 'T_max': 18.3, 'Humidity': 50.8, 'Pressure': 1013.3, 'Irradiation': 2, 'Irr_max': 30, 'Rain': 0.0, 'Rain_min_time': 0.0}
2026-03-21 08:58:03,459 - uplink - INFO - Verarbeite Uplink für Gerät: AABBCC01020307
2026-03-21 08:58:03,467 - uplink - INFO - Daten erfolgreich in DB gespeichert für AABBCC01020307: {'Type': 1, 'Battery': 3.85, 'Temperature': 18.3, 'T_min': 17.4, 'T_max': 19.7, 'Humidity': 50.8, 'Pressure': 1013.3, 'Irradiation': 2, 'Irr_max': 28, 'Rain': 0.0, 'Rain_min_time': 0.0}
2026-03-21 08:58:12,669 - uplink - INFO - Verarbeite Uplink für Gerät: AABBCC01020307
2026-03-21 08:58:12,678 - uplink - INFO - Daten erfolgreich in DB gespeichert für AABBCC01020307: {'Type': 1, 'Battery': 3.85, 'Temperature': 17.7, 'T_min': 16.4, 'T_max': 19.0, 'Humidity': 44.6, 'Pressure': 1014.65, 'Irradiation': 638, 'Irr_max': 646, 'Rain': 0.0, 'Rain_min_time': 0.0}
2026-03-21 08:58:12,700 - uplink - INFO - Verarbeite Uplink für Gerät: AABBCC01020307
2026-03-21 08:58:12,707 - uplink - INFO - Daten erfolgreich in DB gespeichert für AABBCC01020307: {'Type': 1, 'Battery': 3.85, 'Temperature': 17.8, 'T_min': 17.6, 'T_max': 18.8, 'Humidity': 42.6, 'Pressure': 1014.75, 'Irradiation': 612, 'Irr_max': 616, 'Rain': 0.0, 'Rain_min_time': 0.0}
2026-03-21 08:58:12,711 - uplink - INFO - Verarbeite Uplink für Gerät: AABBCC01020307
2026-03-21 08:58:12,717 - uplink - INFO - Daten erfolgreich in DB gespeichert für AABBCC01020307: {'Type': 1, 'Battery': 3.85, 'Temperature': 17.8, 'T_min': 16.4, 'T_max': 17.9, 'Humidity': 41.8, 'Pressure': 1014.6, 'Irradiation': 594, 'Irr_max': 614, 'Rain': 0.0, 'Rain_min_time': 0.0}
2026-03-21 08:58:12,731 - uplink - INFO - Verarbeite Uplink für Gerät: AABBCC01020307
2026-03-21 08:58:12,738 - uplink - INFO - Daten erfolgreich in DB gespeichert für AABBCC01020307: {'Type': 1, 'Battery': 3.85, 'Temperature': 17.8, 'T_min': 16.3, 'T_max': 19.1, 'Humidity': 41.4, 'Pressure': 1014.75, 'Irradiation': 556, 'Irr_max': 572, 'Rain': 0.0, 'Rain_min_time': 0.0}
2026-03-21 08:58:12,741 - uplink - INFO - Verarbeite Uplink für Gerät: AABBCC01020307
2026-03-21 08:58:12,749 - uplink - INFO - Daten erfolgreich in DB gespeichert für AABBCC01020307: {'Type': 1, 'Battery': 3.85, 'Temperature': 18.0, 'T_min': 16.6, 'T_max': 19.3, 'Humidity': 43.4, 'Pressure': 1014.85, 'Irradiation': 0, 'Irr_max': 16, 'Rain': 0.0, 'Rain_min_time': 0.0}
2026-03-21 08:58:12,752 - uplink - INFO - Verarbeite Uplink für Gerät: AABBCC01020307
2026-03-21 08:58:12,758 - uplink - INFO - Daten erfolgreich in DB gespeichert für AABBCC01020307: {'Type': 1, 'Battery': 3.85, 'Temperature': 18.0, 'T_min': 17.9, 'T_max': 18.1, 'Humidity': 43.2, 'Pressure': 1014.75, 'Irradiation': 12, 'Irr_max': 16, 'Rain': 0.0, 'Rain_min_time': 0.0}
2026-03-21 08:58:12,776 - uplink - INFO - Verarbeite Uplink für Gerät: AABBCC01020307
2026-03-21 08:58:12,783 - uplink - INFO - Daten erfolgreich in DB gespeichert für AABBCC01020307: {'Type': 1, 'Battery': 3.85, 'Temperature': 18.0, 'T_min': 17.9, 'T_max': 19.3, 'Humidity': 42.6, 'Pressure': 1014.65, 'Irradiation': 0, 'Irr_max': 24, 'Rain': 0.0, 'Rain_min_time': 0.0}
2026-03-21 08:58:12,807 - uplink - INFO - Verarbeite Uplink für Gerät: AABBCC01020307
2026-03-21 08:58:12,814 - uplink - INFO - Daten erfolgreich in DB gespeichert für AABBCC01020307: {'Type': 1, 'Battery': 3.85, 'Temperature': 18.1, 'T_min': 17.2, 'T_max': 19.4, 'Humidity': 43.4, 'Pressure': 1014.6, 'Irradiation': 74, 'Irr_max': 80, 'Rain': 0.0, 'Rain_min_time': 0.0}
2026-03-21 08:58:12,839 - uplink - INFO - Verarbeite Uplink für Gerät: AABBCC01020307
2026-03-21 08:58:12,845 - uplink - INFO - Daten erfolgreich in DB gespeichert für AABBCC01020307: {'Type': 1, 'Battery': 3.85, 'Temperature': 18.1, 'T_min': 17.9, 'T_max': 18.3, 'Humidity': 43.0, 'Pressure': 1014.65, 'Irradiation': 166, 'Irr_max': 186, 'Rain': 0.0, 'Rain_min_time': 0.0}
2026-03-21 08:58:12,869 - uplink - INFO - Verarbeite Uplink für Gerät: AABBCC01020307
2026-03-21 08:58:12,877 - uplink - INFO - Daten erfolgreich in DB gespeichert für AABBCC01020307: {'Type': 1, 'Battery': 3.85, 'Temperature': 18.0, 'T_min': 17.6, 'T_max': 19.1, 'Humidity': 44.2, 'Pressure': 1014.55, 'Irradiation': 0, 'Irr_max': 30, 'Rain': 0.0, 'Rain_min_time': 0.0}
2026-03-21 08:58:12,900 - uplink - INFO - Verarbeite Uplink für Gerät: AABBCC01020307
2026-03-21 08:58:12,908 - uplink - INFO - Daten erfolgreich in DB gespeichert für AABBCC01020307: {'Type': 1, 'Battery': 3.85, 'Temperature': 18.1, 'T_min': 16.7, 'T_max': 18.9, 'Humidity': 42.6, 'Pressure': 1014.6, 'Irradiation': 0, 'Irr_max': 40, 'Rain': 0.0, 'Rain_min_time': 0.0}
2026-03-21 08:58:12,931 - uplink - INFO - Verarbeite Uplink für Gerät: AABBCC01020307
2026-03-21 08:58:12,939 - uplink - INFO - Daten erfolgreich in DB gespeichert für AABBCC01020307: {'Type': 1, 'Battery': 3.85, 'Temperature': 18.2, 'T_min': 17.4, 'T_max': 18.5, 'Humidity': 42.4, 'Pressure': 1014.65, 'Irradiation': 0, 'Irr_max': 38, 'Rain': 0.0, 'Rain_min_time': 0.0}
2026-03-21 08:58:12,963 - uplink - INFO - Verarbeite Uplink für Gerät: AABBCC01020307
2026-03-21 08:58:12,970 - uplink - INFO - Daten erfolgreich in DB gespeichert für AABBCC01020307: {'Type': 1, 'Battery': 3.85, 'Temperature': 18.2, 'T_min': 18.2, 'T_max': 19.3, 'Humidity': 43.6, 'Pressure': 1014.6, 'Irradiation': 0, 'Irr_max': 6, 'Rain': 0.0, 'Rain_min_time': 0.0}
2026-03-21 08:58:12,994 - uplink - INFO - Verarbeite Uplink für Gerät: AABBCC01020307
2026-03-21 08:58:13,001 - uplink - INFO - Daten erfolgreich in DB gespeichert für AABBCC01020307: {'Type': 1, 'Battery': 3.85, 'Temperature': 18.2, 'T_min': 17.9, 'T_max': 18.8, 'Humidity': 44.4, 'Pressure': 1014.5, 'Irradiation': 0, 'Irr_max': 22, 'Rain': 0.0, 'Rain_min_time': 0.0}
2026-03-21 08:58:13,004 - uplink - INFO - Verarbeite Uplink für Gerät: AABBCC01020307
2026-03-21 08:58:13,011 - uplink - INFO - Daten erfolgreich in DB gespeichert für AABBCC01020307: {'Type': 1, 'Battery': 3.85, 'Temperature': 18.2, 'T_min': 16.8, 'T_max': 19.3, 'Humidity': 44.2, 'Pressure': 1014.65, 'Irradiation': 0, 'Irr_max': 34, 'Rain': 0.0, 'Rain_min_time': 0.0}
2026-03-21 08:58:13,014 - uplink - INFO - Verarbeite Uplink für Gerät: AABBCC01020307
2026-03-21 08:58:13,020 - uplink - INFO - Daten erfolgreich in DB gespeichert für AABBCC01020307: {'Type': 1, 'Battery': 3.85, 'Temperature': 18.2, 'T_min': 17.5, 'T_max': 18.9, 'Humidity': 42.4, 'Pressure': 1014.6, 'Irradiation': 0, 'Irr_max': 24, 'Rain': 0.0, 'Rain_min_time': 0.0}
2026-03-21 08:58:13,040 - uplink - INFO - Verarbeite Uplink für Gerät: AABBCC01020307
2026-03-21 08:58:13,048 - uplink - INFO - Daten erfolgreich in DB gespeichert für AABBCC01020307: {'Type': 1, 'Battery': 3.85, 'Temperature': 18.2, 'T_min': 17.5, 'T_max': 18.8, 'Humidity': 43.6, 'Pressure': 1014.75, 'Irradiation': 4, 'Irr_max': 22, 'Rain': 0.0, 'Rain_min_time': 0.0}
2026-03-21 08:58:13,071 - uplink - INFO - Verarbeite Uplink für Gerät: AABBCC01020307
2026-03-21 08:58:13,078 - uplink - INFO - Daten erfolgreich in DB gespeichert für AABBCC01020307: {'Type': 1, 'Battery': 3.85, 'Temperature': 18.2, 'T_min': 17.2, 'T_max': 19.4, 'Humidity': 44.6, 'Pressure': 1014.8, 'Irradiation': 0, 'Irr_max': 42, 'Rain': 0.0, 'Rain_min_time': 0.0}
2026-03-21 08:58:13,082 - uplink - INFO - Verarbeite Uplink für Gerät: AABBCC01020307
2026-03-21 08:58:13,088 - uplink - INFO - Daten erfolgreich in DB gespeichert für AABBCC01020307: {'Type': 1, 'Battery': 3.85, 'Temperature': 18.2, 'T_min': 17.9, 'T_max': 18.8, 'Humidity': 43.6, 'Pressure': 1014.95, 'Irradiation': 0, 'Irr_max': 32, 'Rain': 0.0, 'Rain_min_time': 0.0}
2026-03-21 08:58:13,091 - uplink - INFO - Verarbeite Uplink für Gerät: AABBCC01020307
2026-03-21 08:58:13,098 - uplink - INFO - Daten erfolgreich in DB gespeichert für AABBCC01020307: {'Type': 1, 'Battery': 3.85, 'Temperature': 18.3, 'T_min': 16.9, 'T_max': 18.7, 'Humidity': 45.6, 'Pressure': 1015.05, 'Irradiation': 0, 'Irr_max': 18, 'Rain': 0.0, 'Rain_min_time': 0.0}
2026-03-21 08:58:13,101 - uplink - INFO - Verarbeite Uplink für Gerät: AABBCC01020307
2026-03-21 08:58:13,107 - uplink - INFO - Daten erfolgreich in DB gespeichert für AABBCC01020307: {'Type': 1, 'Battery': 3.85, 'Temperature': 18.3, 'T_min': 18.0, 'T_max': 18.8, 'Humidity': 45.0, 'Pressure': 1015.1, 'Irradiation': 0, 'Irr_max': 18, 'Rain': 0.0, 'Rain_min_time': 0.0}
2026-03-21 08:58:13,133 - uplink - INFO - Verarbeite Uplink für Gerät: AABBCC01020307
2026-03-21 08:58:13,140 - uplink - INFO - Daten erfolgreich in DB gespeichert für AABBCC01020307: {'Type': 1, 'Battery': 3.85, 'Temperature': 18.3, 'T_min': 17.8, 'T_max': 18.9, 'Humidity': 43.8, 'Pressure': 1015.25, 'Irradiation': 48, 'Irr_max': 94, 'Rain': 0.0, 'Rain_min_time': 0.0}
2026-03-21 08:58:13,143 - uplink - INFO - Verarbeite Uplink für Gerät: AABBCC01020307
2026-03-21 08:58:13,150 - uplink - INFO - Daten erfolgreich in DB gespeichert für AABBCC01020307: {'Type': 1, 'Battery': 3.85, 'Temperature': 18.3, 'T_min': 17.9, 'T_max': 19.2, 'Humidity': 42.2, 'Pressure': 1015.1, 'Irradiation': 42, 'Irr_max': 72, 'Rain': 0.0, 'Rain_min_time': 0.0}
2026-03-21 08:58:13,164 - uplink - INFO - Verarbeite Uplink für Gerät: AABBCC01020307
2026-03-21 08:58:13,170 - uplink - INFO - Daten erfolgreich in DB gespeichert für AABBCC01020307: {'Type': 1, 'Battery': 3.85, 'Temperature': 18.3, 'T_min': 17.6, 'T_max': 18.5, 'Humidity': 40.8, 'Pressure': 1015.2, 'Irradiation': 0, 'Irr_max': 34, 'Rain': 0.0, 'Rain_min_time': 0.0}
2026-03-21 08:58:13,194 - uplink - INFO - Verarbeite Uplink für Gerät: AABBCC01020307
2026-03-21 08:58:13,201 - uplink - INFO - Daten erfolgreich in DB gespeichert für AABBCC01020307: {'Type': 1, 'Battery': 3.85, 'Temperature': 18.3, 'T_min': 17.6, 'T_max': 18.4, 'Humidity': 39.8, 'Pressure': 1015.1, 'Irradiation': 0, 'Irr_max': 40, 'Rain': 0.0, 'Rain_min_time': 0.0}
2026-03-21 08:58:13,204 - uplink - INFO - Verarbeite Uplink für Gerät: AABBCC01020307
2026-03-21 08:58:13,210 - uplink - INFO - Daten erfolgreich in DB gespeichert für AABBCC01020307: {'Type': 1, 'Battery': 3.85, 'Temperature': 18.3, 'T_min': 17.3, 'T_max': 18.8, 'Humidity': 40.0, 'Pressure': 1015.05, 'Irradiation': 0, 'Irr_max': 48, 'Rain': 0.0, 'Rain_min_time': 0.0}
2026-03-21 08:58:23,224 - uplink - INFO - Verarbeite Uplink für Gerät: AABBCC01020307
2026-03-21 08:58:23,234 - uplink - INFO - Daten erfolgreich in DB gespeichert für AABBCC01020307: {'Type': 1, 'Battery': 3.85, 'Temperature': 18.3, 'T_min': 17.1, 'T_max': 18.4, 'Humidity': 40.0, 'Pressure': 1015.05, 'Irradiation': 0, 'Irr_max': 8, 'Rain': 1.0, 'Rain_min_time': 0.0}
2026-03-21 08:58:33,239 - uplink - INFO - Verarbeite Uplink für Gerät: AABBCC01020307
2026-03-21 08:58:33,247 - uplink - INFO - Daten erfolgreich in DB gespeichert für AABBCC01020307: {'Type': 1, 'Battery': 3.85, 'Temperature': 18.3, 'T_min': 17.3, 'T_max': 18.6, 'Humidity': 40.0, 'Pressure': 1015.05, 'Irradiation': 0, 'Irr_max': 44, 'Rain': 0.0, 'Rain_min_time': 0.0}
2026-03-21 08:58:43,251 - uplink - INFO - Verarbeite Uplink für Gerät: AABBCC01020307
2026-03-21 08:58:43,258 - uplink - INFO - Daten erfolgreich in DB gespeichert für AABBCC01020307: {'Type': 1, 'Battery': 3.85, 'Temperature': 18.3, 'T_min': 18.3, 'T_max': 18.7, 'Humidity': 40.0, 'Pressure': 1015.05, 'Irradiation': 0, 'Irr_max': 0, 'Rain': 0.0, 'Rain_min_time': 0.0}
2026-03-21 08:58:50,178 - uplink - INFO - Verarbeite Uplink für Gerät: AABBCC01020316
2026-03-21 08:58:50,185 - uplink - INFO - Daten erfolgreich in DB gespeichert für AABBCC01020316: {'Type': 1, 'Battery': 4.2, 'Temperature': 23.9, 'T_min': 23.5, 'T_max': 24.4, 'Humidity': 41.0, 'Pressure': 1017.7, 'Irradiation': 514, 'Irr_max': 518, 'Rain': 0.0, 'Rain_min_time': 0.0}
2026-03-21 08:58:50,188 - uplink - INFO - Verarbeite Uplink für Gerät: AABBCC01020316
2026-03-21 08:58:50,196 - uplink - INFO - Daten erfolgreich in DB gespeichert für AABBCC01020316: {'Type': 1, 'Battery': 4.2, 'Temperature': 24.0, 'T_min': 22.9, 'T_max': 24.1, 'Humidity': 40.4, 'Pressure': 1017.5, 'Irradiation': 524, 'Irr_max': 542, 'Rain': 0.0, 'Rain_min_time': 0.0}
2026-03-21 08:58:50,199 - uplink - INFO - Verarbeite Uplink für Gerät: AABBCC01020316
2026-03-21 08:58:50,205 - uplink - INFO - Daten erfolgreich in DB gespeichert für AABBCC01020316: {'Type': 1, 'Battery': 4.2, 'Temperature': 23.9, 'T_min': 22.9, 'T_max': 24.8, 'Humidity': 41.2, 'Pressure': 1017.4, 'Irradiation': 510, 'Irr_max': 514, 'Rain': 0.0, 'Rain_min_time': 0.0}
2026-03-21 08:58:50,208 - uplink - INFO - Verarbeite Uplink für Gerät: AABBCC01020316
2026-03-21 08:58:50,215 - uplink - INFO - Daten erfolgreich in DB gespeichert für AABBCC01020316: {'Type': 1, 'Battery': 4.2, 'Temperature': 24.0, 'T_min': 22.9, 'T_max': 24.4, 'Humidity': 42.6, 'Pressure': 1017.3, 'Irradiation': 456, 'Irr_max': 482, 'Rain': 0.0, 'Rain_min_time': 0.0}
2026-03-21 08:58:50,238 - uplink - INFO - Verarbeite Uplink für Gerät: AABBCC01020316
2026-03-21 08:58:50,245 - uplink - INFO - Daten erfolgreich in DB gespeichert für AABBCC01020316: {'Type': 1, 'Battery': 4.2, 'Temperature': 23.9, 'T_min': 22.8, 'T_max': 25.0, 'Humidity': 44.0, 'Pressure': 1017.2, 'Irradiation': 458, 'Irr_max': 484, 'Rain': 0.0, 'Rain_min_time': 0.0}
2026-03-21 08:58:50,269 - uplink - INFO - Verarbeite Uplink für Gerät: AABBCC01020316
2026-03-21 08:58:50,278 - uplink - INFO - Daten erfolgreich in DB gespeichert für AABBCC01020316: {'Type': 1, 'Battery': 4.2, 'Temperature': 23.9, 'T_min': 23.2, 'T_max': 24.8, 'Humidity': 45.8, 'Pressure': 1017.25, 'Irradiation': 492, 'Irr_max': 508, 'Rain': 0.0, 'Rain_min_time': 0.0}
2026-03-21 08:58:50,300 - uplink - INFO - Verarbeite Uplink für Gerät: AABBCC01020316
2026-03-21 08:58:50,307 - uplink - INFO - Daten erfolgreich in DB gespeichert für AABBCC01020316: {'Type': 1, 'Battery': 4.2, 'Temperature': 24.0, 'T_min': 22.7, 'T_max': 24.4, 'Humidity': 46.4, 'Pressure': 1017.2, 'Irradiation': 476, 'Irr_max': 520, 'Rain': 0.0, 'Rain_min_time': 0.0}
2026-03-21 08:58:50,310 - uplink - INFO - Verarbeite Uplink für Gerät: AABBCC01020316
2026-03-21 08:58:50,317 - uplink - INFO - Daten erfolgreich in DB gespeichert für AABBCC01020316: {'Type': 1, 'Battery': 4.2, 'Temperature': 24.0, 'T_min': 23.8, 'T_max': 24.1, 'Humidity': 46.0, 'Pressure': 1017.1, 'Irradiation': 0, 'Irr_max': 36, 'Rain': 0.0, 'Rain_min_time': 0.0}
2026-03-21 08:58:50,330 - uplink - INFO - Verarbeite Uplink für Gerät: AABBCC01020316
2026-03-21 08:58:50,337 - uplink - INFO - Daten erfolgreich in DB gespeichert für AABBCC01020316: {'Type': 1, 'Battery': 4.2, 'Temperature': 24.0, 'T_min': 23.5, 'T_max': 25.5, 'Humidity': 47.4, 'Pressure': 1017.15, 'Irradiation': 6, 'Irr_max': 14, 'Rain': 0.0, 'Rain_min_time': 0.0}
2026-03-21 08:58:50,361 - uplink - INFO - Verarbeite Uplink für Gerät: AABBCC01020316
2026-03-21 08:58:50,368 - uplink - INFO - Daten erfolgreich in DB gespeichert für AABBCC01020316: {'Type': 1, 'Battery': 4.2, 'Temperature': 24.1, 'T_min': 22.9, 'T_max': 24.2, 'Humidity': 48.6, 'Pressure': 1017.2, 'Irradiation': 0, 'Irr_max': 50, 'Rain': 0.0, 'Rain_min_time': 0.0}
2026-03-21 08:58:50,371 - uplink - INFO - Verarbeite Uplink für Gerät: AABBCC01020316
2026-03-21 08:58:50,377 - uplink - INFO - Daten erfolgreich in DB gespeichert für AABBCC01020316: {'Type': 1, 'Battery': 4.2, 'Temperature': 24.1, 'T_min': 23.0, 'T_max': 25.5, 'Humidity': 50.2, 'Pressure': 1017.25, 'Irradiation': 0, 'Irr_max': 48, 'Rain': 0.0, 'Rain_min_time': 0.0}
2026-03-21 08:58:50,380 - uplink - INFO - Verarbeite Uplink für Gerät: AABBCC01020316
2026-03-21 08:58:50,387 - uplink - INFO - Daten erfolgreich in DB gespeichert für AABBCC01020316: {'Type': 1, 'Battery': 4.2, 'Temperature': 24.1, 'T_min': 23.9, 'T_max': 24.6, 'Humidity': 51.2, 'Pressure': 1017.3, 'Irradiation': 66, 'Irr_max': 112, 'Rain': 0.0, 'Rain_min_time': 0.0}
2026-03-21 08:58:50,408 - uplink - INFO - Verarbeite Uplink für Gerät: AABBCC01020316
2026-03-21 08:58:50,414 - uplink - INFO - Daten erfolgreich in DB gespeichert für AABBCC01020316: {'Type': 1, 'Battery': 4.2, 'Temperature': 24.1, 'T_min': 23.1, 'T_max': 24.4, 'Humidity': 51.2, 'Pressure': 1017.3, 'Irradiation': 154, 'Irr_max': 198, 'Rain': 0.0, 'Rain_min_time': 0.0}
2026-03-21 08:58:50,438 - uplink - INFO - Verarbeite Uplink für Gerät: AABBCC01020316
2026-03-21 08:58:50,445 - uplink - INFO - Daten erfolgreich in DB gespeichert für AABBCC01020316: {'Type': 1, 'Battery': 4.2, 'Temperature': 24.1, 'T_min': 23.3, 'T_max': 25.3, 'Humidity': 50.8, 'Pressure': 1017.45, 'Irradiation': 146, 'Irr_max': 186, 'Rain': 0.0, 'Rain_min_time': 0.0}
2026-03-21 08:58:50,469 - uplink - INFO - Verarbeite Uplink für Gerät: AABBCC01020316
2026-03-21 08:58:50,478 - uplink - INFO - Daten erfolgreich in DB gespeichert für AABBCC01020316: {'Type': 1, 'Battery': 4.2, 'Temperature': 24.1, 'T_min': 23.0, 'T_max': 24.4, 'Humidity': 50.8, 'Pressure': 1017.6, 'Irradiation': 224, 'Irr_max': 274, 'Rain': 0.0, 'Rain_min_time': 0.0}
2026-03-21 08:58:50,481 - uplink - INFO - Verarbeite Uplink für Gerät: AABBCC01020316
2026-03-21 08:58:50,487 - uplink - INFO - Daten erfolgreich in DB gespeichert für AABBCC01020316: {'Type': 1, 'Battery': 4.2, 'Temperature': 24.2, 'T_min': 23.6, 'T_max': 25.1, 'Humidity': 51.4, 'Pressure': 1017.45, 'Irradiation': 252, 'Irr_max': 260, 'Rain': 0.0, 'Rain_min_time': 0.0}
2026-03-21 08:58:50,490 - uplink - INFO - Verarbeite Uplink für Gerät: AABBCC01020316
2026-03-21 08:58:50,497 - uplink - INFO - Daten erfolgreich in DB gespeichert für AABBCC01020316: {'Type': 1, 'Battery': 4.2, 'Temperature': 24.2, 'T_min': 24.0, 'T_max': 24.7, 'Humidity': 49.4, 'Pressure': 1017.4, 'Irradiation': 194, 'Irr_max': 218, 'Rain': 0.0, 'Rain_min_time': 0.0}
2026-03-21 08:58:50,515 - uplink - INFO - Verarbeite Uplink für Gerät: AABBCC01020316
2026-03-21 08:58:50,522 - uplink - INFO - Daten erfolgreich in DB gespeichert für AABBCC01020316: {'Type': 1, 'Battery': 4.2, 'Temperature': 24.3, 'T_min': 22.9, 'T_max': 25.1, 'Humidity': 48.0, 'Pressure': 1017.25, 'Irradiation': 270, 'Irr_max': 306, 'Rain': 0.0, 'Rain_min_time': 0.0}
2026-03-21 08:58:50,525 - uplink - INFO - Verarbeite Uplink für Gerät: AABBCC01020316
2026-03-21 08:58:50,532 - uplink - INFO - Daten erfolgreich in DB gespeichert für AABBCC01020316: {'Type': 1, 'Battery': 4.2, 'Temperature': 24.3, 'T_min': 23.6, 'T_max': 25.6, 'Humidity': 50.0, 'Pressure': 1017.15, 'Irradiation': 0, 'Irr_max': 10, 'Rain': 0.0, 'Rain_min_time': 0.0}
2026-03-21 08:58:50,546 - uplink - INFO - Verarbeite Uplink für Gerät: AABBCC01020316
2026-03-21 08:58:50,553 - uplink - INFO - Daten erfolgreich in DB gespeichert für AABBCC01020316: {'Type': 1, 'Battery': 4.2, 'Temperature': 24.4, 'T_min': 23.5, 'T_max': 24.8, 'Humidity': 51.8, 'Pressure': 1017.1, 'Irradiation': 0, 'Irr_max': 2, 'Rain': 0.0, 'Rain_min_time': 0.0}
2026-03-21 08:58:50,556 - uplink - INFO - Verarbeite Uplink für Gerät: AABBCC01020316
2026-03-21 08:58:50,562 - uplink - INFO - Daten erfolgreich in DB gespeichert für AABBCC01020316: {'Type': 1, 'Battery': 4.2, 'Temperature': 24.3, 'T_min': 24.0, 'T_max': 24.6, 'Humidity': 53.2, 'Pressure': 1017.2, 'Irradiation': 0, 'Irr_max': 6, 'Rain': 0.0, 'Rain_min_time': 0.0}
2026-03-21 08:58:50,577 - uplink - INFO - Verarbeite Uplink für Gerät: AABBCC01020316
2026-03-21 08:58:50,583 - uplink - INFO - Daten erfolgreich in DB gespeichert für AABBCC01020316: {'Type': 1, 'Battery': 4.2, 'Temperature': 24.3, 'T_min': 24.2, 'T_max': 24.6, 'Humidity': 54.8, 'Pressure': 1017.05, 'Irradiation': 98, 'Irr_max': 138, 'Rain': 0.0, 'Rain_min_time': 0.0}
2026-03-21 08:58:50,608 - uplink - INFO - Verarbeite Uplink für Gerät: AABBCC01020316
2026-03-21 08:58:50,614 - uplink - INFO - Daten erfolgreich in DB gespeichert für AABBCC01020316: {'Type': 1, 'Battery': 4.2, 'Temperature': 24.3, 'T_min': 22.9, 'T_max': 24.7, 'Humidity': 53.4, 'Pressure': 1017.15, 'Irradiation': 0, 'Irr_max': 12, 'Rain': 0.0, 'Rain_min_time': 0.0}
2026-03-21 08:58:50,617 - uplink - INFO - Verarbeite Uplink für Gerät: AABBCC01020316
2026-03-21 08:58:50,624 - uplink - INFO - Daten erfolgreich in DB gespeichert für AABBCC01020316: {'Type': 1, 'Battery': 4.2, 'Temperature': 24.3, 'T_min': 23.9, 'T_max': 25.7, 'Humidity': 53.0, 'Pressure': 1017.2, 'Irradiation': 0, 'Irr_max': 42, 'Rain': 0.0, 'Rain_min_time': 0.0}
2026-03-21 08:58:50,639 - uplink - INFO - Verarbeite Uplink für Gerät: AABBCC01020316
2026-03-21 08:58:50,645 - uplink - INFO - Daten erfolgreich in DB gespeichert für AABBCC01020316: {'Type': 1, 'Battery': 4.2, 'Temperature': 24.2, 'T_min': 23.8, 'T_max': 25.4, 'Humidity': 54.2, 'Pressure': 1017.25, 'Irradiation': 0, 'Irr_max': 42, 'Rain': 0.0, 'Rain_min_time': 0.0}
2026-03-21 08:58:50,648 - uplink - INFO - Verarbeite Uplink für Gerät: AABBCC01020316
2026-03-21 08:58:50,656 - uplink - INFO - Daten erfolgreich in DB gespeichert für AABBCC01020316: {'Type': 1, 'Battery': 4.2, 'Temperature': 24.3, 'T_min': 23.2, 'T_max': 24.9, 'Humidity': 54.2, 'Pressure': 1017.25, 'Irradiation': 0, 'Irr_max': 30, 'Rain': 0.0, 'Rain_min_time': 0.0}
2026-03-21 08:58:53,264 - uplink - INFO - Verarbeite Uplink für Gerät: AABBCC01020307
2026-03-21 08:58:53,470 - uplink - INFO - Daten erfolgreich in DB gespeichert für AABBCC01020307: {'Type': 1, 'Battery': 3.85, 'Temperature': 18.3, 'T_min': 17.5, 'T_max': 18.3, 'Humidity': 40.0, 'Pressure': 1015.1, 'Irradiation': 0, 'Irr_max': 28, 'Rain': 0.0, 'Rain_min_time': 0.0}
2026-03-21 08:59:00,683 - uplink - INFO - Verarbeite Uplink für Gerät: AABBCC01020316
2026-03-21 08:59:00,691 - uplink - INFO - Daten erfolgreich in DB gespeichert für AABBCC01020316: {'Type': 1, 'Battery': 4.2, 'Temperature': 24.3, 'T_min': 23.0, 'T_max': 24.9, 'Humidity': 54.2, 'Pressure': 1017.25, 'Irradiation': 0, 'Irr_max': 20, 'Rain': 0.0, 'Rain_min_time': 0.0}
2026-03-21 08:59:03,474 - uplink - INFO - Verarbeite Uplink für Gerät: AABBCC01020307
2026-03-21 08:59:03,482 - uplink - INFO - Daten erfolgreich in DB gespeichert für AABBCC01020307: {'Type': 1, 'Battery': 3.85, 'Temperature': 18.3, 'T_min': 17.5, 'T_max': 18.7, 'Humidity': 40.0, 'Pressure': 1015.1, 'Irradiation': 2, 'Irr_max': 22, 'Rain': 0.0, 'Rain_min_time': 0.0}
2026-03-21 08:59:10,716 - uplink - INFO - Verarbeite Uplink für Gerät: AABBCC01020316
2026-03-21 08:59:10,724 - uplink - INFO - Daten erfolgreich in DB gespeichert für AABBCC01020316: {'Type': 1, 'Battery': 4.2, 'Temperature': 24.3, 'T_min': 24.0, 'T_max': 25.6, 'Humidity': 54.2, 'Pressure': 1017.25, 'Irradiation': 2, 'Irr_max': 36, 'Rain': 0.0, 'Rain_min_time': 0.0}
2026-03-21 08:59:13,487 - uplink - INFO - Verarbeite Uplink für Gerät: AABBCC01020307
2026-03-21 08:59:13,495 - uplink - INFO - Daten erfolgreich in DB gespeichert für AABBCC01020307: {'Type': 1, 'Battery': 3.85, 'Temperature': 18.3, 'T_min': 17.6, 'T_max': 18.5, 'Humidity': 40.0, 'Pressure': 1015.1, 'Irradiation': 2, 'Irr_max': 16, 'Rain': 0.0, 'Rain_min_time': 0.0}
2026-03-21 08:59:20,749 - uplink - INFO - Verarbeite Uplink für Gerät: AABBCC01020316
2026-03-21 08:59:20,756 - uplink - INFO - Daten erfolgreich in DB gespeichert für AABBCC01020316: {'Type': 1, 'Battery': 4.2, 'Temperature': 24.3, 'T_min': 23.6, 'T_max': 25.4, 'Humidity': 54.2, 'Pressure': 1017.25, 'Irradiation': 2, 'Irr_max': 26, 'Rain': 0.0, 'Rain_min_time': 0.0}
2026-03-21 08:59:23,501 - uplink - INFO - Verarbeite Uplink für Gerät: AABBCC01020307
2026-03-21 08:59:23,508 - uplink - INFO - Daten erfolgreich in DB gespeichert für AABBCC01020307: {'Type': 1, 'Battery': 3.85, 'Temperature': 18.3, 'T_min': 18.0, 'T_max': 18.9, 'Humidity': 40.0, 'Pressure': 1015.1, 'Irradiation': 2, 'Irr_max': 8, 'Rain': 0.0, 'Rain_min_time': 0.0}
2026-03-21 08:59:30,761 - uplink - INFO - Verarbeite Uplink für Gerät: AABBCC01020316
2026-03-21 08:59:30,768 - uplink - INFO - Daten erfolgreich in DB gespeichert für AABBCC01020316: {'Type': 1, 'Battery': 4.2, 'Temperature': 24.3, 'T_min': 23.2, 'T_max': 25.0, 'Humidity': 54.2, 'Pressure': 1017.25, 'Irradiation': 2, 'Irr_max': 34, 'Rain': 0.0, 'Rain_min_time': 0.0}
2026-03-21 08:59:33,512 - uplink - INFO - Verarbeite Uplink für Gerät: AABBCC01020307
2026-03-21 08:59:33,520 - uplink - INFO - Daten erfolgreich in DB gespeichert für AABBCC01020307: {'Type': 1, 'Battery': 3.85, 'Temperature': 18.3, 'T_min': 17.9, 'T_max': 19.5, 'Humidity': 40.0, 'Pressure': 1015.1, 'Irradiation': 0, 'Irr_max': 12, 'Rain': 0.0, 'Rain_min_time': 0.0}
2026-03-21 08:59:40,783 - uplink - INFO - Verarbeite Uplink für Gerät: AABBCC01020316
2026-03-21 08:59:40,791 - uplink - INFO - Daten erfolgreich in DB gespeichert für AABBCC01020316: {'Type': 1, 'Battery': 4.2, 'Temperature': 24.3, 'T_min': 23.2, 'T_max': 25.7, 'Humidity': 54.2, 'Pressure': 1017.25, 'Irradiation': 0, 'Irr_max': 14, 'Rain': 0.0, 'Rain_min_time': 0.0}
2026-03-21 08:59:43,526 - uplink - INFO - Verarbeite Uplink für Gerät: AABBCC01020307
2026-03-21 08:59:43,533 - uplink - INFO - Daten erfolgreich in DB gespeichert für AABBCC01020307: {'Type': 1, 'Battery': 3.85, 'Temperature': 18.3, 'T_min': 17.3, 'T_max': 18.9, 'Humidity': 40.0, 'Pressure': 1015.1, 'Irradiation': 0, 'Irr_max': 22, 'Rain': 0.0, 'Rain_min_time': 0.0}
2026-03-21 08:59:50,797 - uplink - INFO - Verarbeite Uplink für Gerät: AABBCC01020316
2026-03-21 08:59:50,820 - uplink - INFO - Daten erfolgreich in DB gespeichert für AABBCC01020316: {'Type': 1, 'Battery': 4.2, 'Temperature': 24.3, 'T_min': 23.3, 'T_max': 24.7, 'Humidity': 54.2, 'Pressure': 1017.25, 'Irradiation': 0, 'Irr_max': 38, 'Rain': 0.0, 'Rain_min_time': 0.0}
2026-03-21 08:59:53,559 - uplink - INFO - Verarbeite Uplink für Gerät: AABBCC01020307
2026-03-21 08:59:53,568 - uplink - INFO - Daten erfolgreich in DB gespeichert für AABBCC01020307: {'Type': 1, 'Battery': 3.85, 'Temperature': 18.3, 'T_min': 16.9, 'T_max': 19.0, 'Humidity': 40.0, 'Pressure': 1015.1, 'Irradiation': 0, 'Irr_max': 14, 'Rain': 0.0, 'Rain_min_time': 0.0}
2026-03-21 09:00:00,836 - uplink - INFO - Verarbeite Uplink für Gerät: AABBCC01020316
2026-03-21 09:00:01,066 - uplink - INFO - Daten erfolgreich in DB gespeichert für AABBCC01020316: {'Type': 1, 'Battery': 4.2, 'Temperature': 24.3, 'T_min': 23.2, 'T_max': 25.6, 'Humidity': 54.0, 'Pressure': 1017.25, 'Irradiation': 0, 'Irr_max': 32, 'Rain': 0.0, 'Rain_min_time': 0.0}
2026-03-21 09:00:03,571 - uplink - INFO - Verarbeite Uplink für Gerät: AABBCC01020307
2026-03-21 09:00:03,580 - uplink - INFO - Daten erfolgreich in DB gespeichert für AABBCC01020307: {'Type': 1, 'Battery': 3.85, 'Temperature': 18.3, 'T_min': 18.2, 'T_max': 18.7, 'Humidity': 40.0, 'Pressure': 1015.1, 'Irradiation': 0, 'Irr_max': 18, 'Rain': 0.0, 'Rain_min_time': 0.0}
2026-03-21 09:00:11,070 - uplink - INFO - Verarbeite Uplink für Gerät: AABBCC01020316
2026-03-21 09:00:11,178 - uplink - INFO - Daten erfolgreich in DB gespeichert für AABBCC01020316: {'Type': 1, 'Battery': 4.2, 'Temperature': 24.3, 'T_min': 24.0, 'T_max': 24.5, 'Humidity': 54.2, 'Pressure': 1017.25, 'Irradiation': 0, 'Irr_max': 0, 'Rain': 0.0, 'Rain_min_time': 0.0}
2026-03-21 09:00:13,605 - uplink - INFO - Verarbeite Uplink für Gerät: AABBCC01020307
2026-03-21 09:00:13,613 - uplink - INFO - Daten erfolgreich in DB gespeichert für AABBCC01020307: {'Type': 1, 'Battery': 3.85, 'Temperature': 18.3, 'T_min': 18.2, 'T_max': 19.0, 'Humidity': 40.0, 'Pressure': 1015.1, 'Irradiation': 0, 'Irr_max': 12, 'Rain': 0.0, 'Rain_min_time': 0.0}
2026-03-21 09:00:21,201 - uplink - INFO - Verarbeite Uplink für Gerät: AABBCC01020316
2026-03-21 09:00:21,209 - uplink - INFO - Daten erfolgreich in DB gespeichert für AABBCC01020316: {'Type': 1, 'Battery': 4.2, 'Temperature': 24.3, 'T_min': 23.9, 'T_max': 25.6, 'Humidity': 54.2, 'Pressure': 1017.25, 'Irradiation': 0, 'Irr_max': 16, 'Rain': 0.0, 'Rain_min_time': 0.0}
2026-03-21 09:00:23,633 - uplink - INFO - Verarbeite Uplink für Gerät: AABBCC01020307
2026-03-21 09:00:23,641 - uplink - INFO - Daten erfolgreich in DB gespeichert für AABBCC01020307: {'Type': 1, 'Battery': 3.85, 'Temperature': 18.3, 'T_min': 17.1, 'T_max': 19.0, 'Humidity': 40.0, 'Pressure': 1015.1, 'Irradiation': 0, 'Irr_max': 28, 'Rain': 2.0, 'Rain_min_time': 0.0}
2026-03-21 09:00:31,236 - uplink - INFO - Verarbeite Uplink für Gerät: AABBCC01020316
2026-03-21 09:00:31,245 - uplink - INFO - Daten erfolgreich in DB gespeichert für AABBCC01020316: {'Type': 1, 'Battery': 4.2, 'Temperature': 24.3, 'T_min': 23.7, 'T_max': 24.8, 'Humidity': 54.2, 'Pressure': 1017.25, 'Irradiation': 2, 'Irr_max': 34, 'Rain': 0.0, 'Rain_min_time': 0.0}
2026-03-21 09:00:32,730 - uplink - INFO - Verarbeite Uplink für Gerät: AABBCC01020412
2026-03-21 09:00:32,737 - uplink - INFO - Daten erfolgreich in DB gespeichert für AABBCC01020412: {'Type': 1, 'Battery': 3.85, 'Temperature': 16.7, 'T_min': 16.2, 'T_max': 16.7, 'Humidity': 43.6, 'Pressure': 1012.8, 'Irradiation': 0, 'Irr_max': 36, 'Rain': 0.0, 'Rain_min_time': 0.0}
2026-03-21 09:00:32,740 - uplink - INFO - Verarbeite Uplink für Gerät: AABBCC01020412
2026-03-21 09:00:32,747 - uplink - INFO - Daten erfolgreich in DB gespeichert für AABBCC01020412: {'Type': 1, 'Battery': 3.85, 'Temperature': 16.7, 'T_min': 15.7, 'T_max': 17.2, 'Humidity': 42.6, 'Pressure': 1012.8, 'Irradiation': 0, 'Irr_max': 22, 'Rain': 0.0, 'Rain_min_time': 0.0}
2026-03-21 09:00:32,750 - uplink - INFO - Verarbeite Uplink für Gerät: AABBCC01020412
2026-03-21 09:00:32,756 - uplink - INFO - Daten erfolgreich in DB gespeichert für AABBCC01020412: {'Type': 1, 'Battery': 3.85, 'Temperature': 16.7, 'T_min': 15.4, 'T_max': 16.9, 'Humidity': 43.2, 'Pressure': 1012.85, 'Irradiation': 16, 'Irr_max': 62, 'Rain': 0.0, 'Rain_min_time': 0.0}
2026-03-21 09:00:32,782 - uplink - INFO - Verarbeite Uplink für Gerät: AABBCC01020412
2026-03-21 09:00:32,789 - uplink - INFO - Daten erfolgreich in DB gespeichert für AABBCC01020412: {'Type': 1, 'Battery': 3.85, 'Temperature': 16.7, 'T_min': 16.0, 'T_max': 17.0, 'Humidity': 43.2, 'Pressure': 1012.95, 'Irradiation': 86, 'Irr_max': 132, 'Rain': 0.0, 'Rain_min_time': 0.0}
2026-03-21 09:00:32,793 - uplink - INFO - Verarbeite Uplink für Gerät: AABBCC01020412
2026-03-21 09:00:32,966 - uplink - INFO - Daten erfolgreich in DB gespeichert für AABBCC01020412: {'Type': 1, 'Battery': 3.85, 'Temperature': 16.6, 'T_min': 16.4, 'T_max': 17.9, 'Humidity': 41.2, 'Pressure': 1012.9, 'Irradiation': 180, 'Irr_max': 206, 'Rain': 0.0, 'Rain_min_time': 0.0}
2026-03-21 09:00:32,970 - uplink - INFO - Verarbeite Uplink für Gerät: AABBCC01020412
2026-03-21 09:00:32,977 - uplink - INFO - Daten erfolgreich in DB gespeichert für AABBCC01020412: {'Type': 1, 'Battery': 3.85, 'Temperature': 16.7, 'T_min': 15.6, 'T_max': 17.0, 'Humidity': 41.8, 'Pressure': 1013.0, 'Irradiation': 138, 'Irr_max': 140, 'Rain': 0.0, 'Rain_min_time': 0.0}
2026-03-21 09:00:32,999 - uplink - INFO - Verarbeite Uplink für Gerät: AABBCC01020412
2026-03-21 09:00:33,006 - uplink - INFO - Daten erfolgreich in DB gespeichert für AABBCC01020412: {'Type': 1, 'Battery': 3.85, 'Temperature': 16.7, 'T_min': 15.3, 'T_max': 16.8, 'Humidity': 42.4, 'Pressure': 1012.9, 'Irradiation': 0, 'Irr_max': 34, 'Rain': 0.0, 'Rain_min_time': 0.0}
2026-03-21 09:00:33,030 - uplink - INFO - Verarbeite Uplink für Gerät: AABBCC01020412
2026-03-21 09:00:33,039 - uplink - INFO - Daten erfolgreich in DB gespeichert für AABBCC01020412: {'Type': 1, 'Battery': 3.85, 'Temperature': 16.6, 'T_min': 16.3, 'T_max': 17.8, 'Humidity': 43.2, 'Pressure': 1013.05, 'Irradiation': 0, 'Irr_max': 0, 'Rain': 0.0, 'Rain_min_time': 0.0}
2026-03-21 09:00:33,061 - uplink - INFO - Verarbeite Uplink für Gerät: AABBCC01020412
2026-03-21 09:00:33,068 - uplink - INFO - Daten erfolgreich in DB gespeichert für AABBCC01020412: {'Type': 1, 'Battery': 3.85, 'Temperature': 16.7, 'T_min': 15.6, 'T_max': 17.6, 'Humidity': 44.2, 'Pressure': 1012.95, 'Irradiation': 0, 'Irr_max': 8, 'Rain': 0.0, 'Rain_min_time': 0.0}
2026-03-21 09:00:33,092 - uplink - INFO - Verarbeite Uplink für Gerät: AABBCC01020412
2026-03-21 09:00:33,099 - uplink - INFO - Daten erfolgreich in DB gespeichert für AABBCC01020412: {'Type': 1, 'Battery': 3.85, 'Temperature': 16.8, 'T_min': 15.5, 'T_max': 18.0, 'Humidity': 45.8, 'Pressure': 1013.1, 'Irradiation': 44, 'Irr_max': 86, 'Rain': 0.0, 'Rain_min_time': 0.0}
2026-03-21 09:00:33,123 - uplink - INFO - Verarbeite Uplink für Gerät: AABBCC01020412
2026-03-21 09:00:33,130 - uplink - INFO - Daten erfolgreich in DB gespeichert für AABBCC01020412: {'Type': 1, 'Battery': 3.85, 'Temperature': 16.8, 'T_min': 16.5, 'T_max': 16.8, 'Humidity': 45.2, 'Pressure': 1013.0, 'Irradiation': 0, 'Irr_max': 20, 'Rain': 0.0, 'Rain_min_time': 0.0}
2026-03-21 09:00:33,134 - uplink - INFO - Verarbeite Uplink für Gerät: AABBCC01020412
2026-03-21 09:00:33,140 - uplink - INFO - Daten erfolgreich in DB gespeichert für AABBCC01020412: {'Type': 1, 'Battery': 3.85, 'Temperature': 16.8, 'T_min': 16.5, 'T_max': 17.5, 'Humidity': 46.4, 'Pressure': 1012.95, 'Irradiation': 42, 'Irr_max': 44, 'Rain': 0.0, 'Rain_min_time': 0.0}
2026-03-21 09:00:33,154 - uplink - INFO - Verarbeite Uplink für Gerät: AABBCC01020412
2026-03-21 09:00:33,160 - uplink - INFO - Daten erfolgreich in DB gespeichert für AABBCC01020412: {'Type': 1, 'Battery': 3.85, 'Temperature': 16.9, 'T_min': 16.7, 'T_max': 17.6, 'Humidity': 44.4, 'Pressure': 1012.8, 'Irradiation': 0, 'Irr_max': 34, 'Rain': 0.0, 'Rain_min_time': 0.0}
2026-03-21 09:00:33,185 - uplink - INFO - Verarbeite Uplink für Gerät: AABBCC01020412
2026-03-21 09:00:33,191 - uplink - INFO - Daten erfolgreich in DB gespeichert für AABBCC01020412: {'Type': 1, 'Battery': 3.85, 'Temperature': 16.9, 'T_min': 15.8, 'T_max': 18.3, 'Humidity': 43.8, 'Pressure': 1012.7, 'Irradiation': 0, 'Irr_max': 44, 'Rain': 0.0, 'Rain_min_time': 0.0}
2026-03-21 09:00:33,195 - uplink - INFO - Verarbeite Uplink für Gerät: AABBCC01020412
2026-03-21 09:00:33,201 - uplink - INFO - Daten erfolgreich in DB gespeichert für AABBCC01020412: {'Type': 1, 'Battery': 3.85, 'Temperature': 16.9, 'T_min': 16.5, 'T_max': 17.2, 'Humidity': 43.8, 'Pressure': 1012.6, 'Irradiation': 10, 'Irr_max': 52, 'Rain': 0.0, 'Rain_min_time': 0.0}
2026-03-21 09:00:33,215 - uplink - INFO - Verarbeite Uplink für Gerät: AABBCC01020412
2026-03-21 09:00:33,222 - uplink - INFO - Daten erfolgreich in DB gespeichert für AABBCC01020412: {'Type': 1, 'Battery': 3.85, 'Temperature': 16.9, 'T_min': 16.9, 'T_max': 18.3, 'Humidity': 42.8, 'Pressure': 1012.45, 'Irradiation': 86, 'Irr_max': 88, 'Rain': 0.0, 'Rain_min_time': 0.0}
2026-03-21 09:00:33,246 - uplink - INFO - Verarbeite Uplink für Gerät: AABBCC01020412
2026-03-21 09:00:33,255 - uplink - INFO - Daten erfolgreich in DB gespeichert für AABBCC01020412: {'Type': 1, 'Battery': 3.85, 'Temperature': 16.9, 'T_min': 15.9, 'T_max': 17.3, 'Humidity': 43.2, 'Pressure': 1012.3, 'Irradiation': 0, 'Irr_max': 36, 'Rain': 0.0, 'Rain_min_time': 0.0}
2026-03-21 09:00:33,278 - uplink - INFO - Verarbeite Uplink für Gerät: AABBCC01020412
2026-03-21 09:00:33,285 - uplink - INFO - Daten erfolgreich in DB gespeichert für AABBCC01020412: {'Type': 1, 'Battery': 3.85, 'Temperature': 16.9, 'T_min': 15.6, 'T_max': 17.1, 'Humidity': 41.4, 'Pressure': 1012.4, 'Irradiation': 0, 'Irr_max': 10, 'Rain': 0.0, 'Rain_min_time': 0.0}
2026-03-21 09:00:33,309 - uplink - INFO - Verarbeite Uplink für Gerät: AABBCC01020412
2026-03-21 09:00:33,316 - uplink - INFO - Daten erfolgreich in DB gespeichert für AABBCC01020412: {'Type': 1, 'Battery': 3.85, 'Temperature': 16.8, 'T_min': 16.7, 'T_max': 17.3, 'Humidity': 41.0, 'Pressure': 1012.25, 'Irradiation': 0, 'Irr_max': 42, 'Rain': 0.0, 'Rain_min_time': 0.0}
2026-03-21 09:00:33,319 - uplink - INFO - Verarbeite Uplink für Gerät: AABBCC01020412
2026-03-21 09:00:33,326 - uplink - INFO - Daten erfolgreich in DB gespeichert für AABBCC01020412: {'Type': 1, 'Battery': 3.85, 'Temperature': 16.9, 'T_min': 16.6, 'T_max': 17.9, 'Humidity': 40.6, 'Pressure': 1012.2, 'Irradiation': 0, 'Irr_max': 20, 'Rain': 0.0, 'Rain_min_time': 0.0}
2026-03-21 09:00:33,329 - uplink - INFO - Verarbeite Uplink für Gerät: AABBCC01020412
2026-03-21 09:00:33,336 - uplink - INFO - Daten erfolgreich in DB gespeichert für AABBCC01020412: {'Type': 1, 'Battery': 3.85, 'Temperature': 16.9, 'T_min': 16.2, 'T_max': 16.9, 'Humidity': 42.6, 'Pressure': 1012.1, 'Irradiation': 0, 'Irr_max': 14, 'Rain': 0.0, 'Rain_min_time': 0.0}
2026-03-21 09:00:33,356 - uplink - INFO - Verarbeite Uplink für Gerät: AABBCC01020412
2026-03-21 09:00:33,363 - uplink - INFO - Daten erfolgreich in DB gespeichert für AABBCC01020412: {'Type': 1, 'Battery': 3.85, 'Temperature': 16.9, 'T_min': 16.7, 'T_max': 17.1, 'Humidity': 42.4, 'Pressure': 1012.1, 'Irradiation': 0, 'Irr_max': 42, 'Rain': 0.0, 'Rain_min_time': 0.0}
2026-03-21 09:00:33,387 - uplink - INFO - Verarbeite Uplink für Gerät: AABBCC01020412
2026-03-21 09:00:33,393 - uplink - INFO - Daten erfolgreich in DB gespeichert für AABBCC01020412: {'Type': 1, 'Battery': 3.85, 'Temperature': 16.9, 'T_min': 15.7, 'T_max': 16.9, 'Humidity': 40.8, 'Pressure': 1011.95, 'Irradiation': 0, 'Irr_max': 50, 'Rain': 0.0, 'Rain_min_time': 0.0}
2026-03-21 09:00:33,418 - uplink - INFO - Verarbeite Uplink für Gerät: AABBCC01020412
2026-03-21 09:00:33,425 - uplink - INFO - Daten erfolgreich in DB gespeichert für AABBCC01020412: {'Type': 1, 'Battery': 3.85, 'Temperature': 16.9, 'T_min': 16.6, 'T_max': 18.2, 'Humidity': 41.6, 'Pressure': 1012.1, 'Irradiation': 0, 'Irr_max': 6, 'Rain': 0.0, 'Rain_min_time': 0.0}
2026-03-21 09:00:33,448 - uplink - INFO - Verarbeite Uplink für Gerät: AABBCC01020412
2026-03-21 09:00:33,455 - uplink - INFO - Daten erfolgreich in DB gespeichert für AABBCC01020412: {'Type': 1, 'Battery': 3.85, 'Temperature': 16.9, 'T_min': 16.2, 'T_max': 17.5, 'Humidity': 43.0, 'Pressure': 1012.0, 'Irradiation': 0, 'Irr_max': 32, 'Rain': 0.0, 'Rain_min_time': 0.0}
2026-03-21 09:00:33,479 - uplink - INFO - Verarbeite Uplink für Gerät: AABBCC01020412
2026-03-21 09:00:33,486 - uplink - INFO - Daten erfolgreich in DB gespeichert für AABBCC01020412: {'Type': 1, 'Battery': 3.85, 'Temperature': 16.9, 'T_min': 16.8, 'T_max': 17.9, 'Humidity': 43.0, 'Pressure': 1012.0, 'Irradiation': 0, 'Irr_max': 28, 'Rain': 0.0, 'Rain_min_time': 0.0}
2026-03-21 09:00:33,667 - uplink - INFO - Verarbeite Uplink für Gerät: AABBCC01020307
2026-03-21 09:00:33,675 - uplink - INFO - Daten erfolgreich in DB gespeichert für AABBCC01020307: {'Type': 1, 'Battery': 3.85, 'Temperature': 18.3, 'T_min': 16.8, 'T_max': 19.6, 'Humidity': 40.0, 'Pressure': 1015.1, 'Irradiation': 0, 'Irr_max': 16, 'Rain': 0.0, 'Rain_min_time': 0.0}
2026-03-21 09:00:41,249 - uplink - INFO - Verarbeite Uplink für Gerät: AABBCC01020316
2026-03-21 09:00:41,257 - uplink - INFO - Daten erfolgreich in DB gespeichert für AABBCC01020316: {'Type': 1, 'Battery': 4.2, 'Temperature': 24.3, 'T_min': 23.5, 'T_max': 24.9, 'Humidity': 54.0, 'Pressure': 1017.25, 'Irradiation': 0, 'Irr_max': 42, 'Rain': 0.0, 'Rain_min_time': 0.0}
2026-03-21 09:00:43,515 - uplink - INFO - Verarbeite Uplink für Gerät: AABBCC01020412
2026-03-21 09:00:43,522 - uplink - INFO - Daten erfolgreich in DB gespeichert für AABBCC01020412: {'Type': 1, 'Battery': 3.85, 'Temperature': 16.9, 'T_min': 16.5, 'T_max': 18.2, 'Humidity': 43.0, 'Pressure': 1012.0, 'Irradiation': 0, 'Irr_max': 4, 'Rain': 0.0, 'Rain_min_time': 0.0}
2026-03-21 09:00:43,680 - uplink - INFO - Verarbeite Uplink für Gerät: AABBCC01020307
2026-03-21 09:00:43,688 - uplink - INFO - Daten erfolgreich in DB gespeichert für AABBCC01020307: {'Type': 1, 'Battery': 3.85, 'Temperature': 18.3, 'T_min': 17.2, 'T_max': 19.6, 'Humidity': 40.0, 'Pressure': 1015.1, 'Irradiation': 0, 'Irr_max': 48, 'Rain': 0.0, 'Rain_min_time': 0.0}
2026-03-21 09:00:51,285 - uplink - INFO - Verarbeite Uplink für Gerät: AABBCC01020316
2026-03-21 09:00:51,292 - uplink - INFO - Daten erfolgreich in DB gespeichert für AABBCC01020316: {'Type': 1, 'Battery': 4.2, 'Temperature': 24.3, 'T_min': 23.4, 'T_max': 25.1, 'Humidity': 54.0, 'Pressure': 1017.25, 'Irradiation': 0, 'Irr_max': 12, 'Rain': 0.0, 'Rain_min_time': 0.0}
2026-03-21 09:00:53,527 - uplink - INFO - Verarbeite Uplink für Gerät: AABBCC01020412
2026-03-21 09:00:53,535 - uplink - INFO - Daten erfolgreich in DB gespeichert für AABBCC01020412: {'Type': 1, 'Battery': 3.85, 'Temperature': 16.9, 'T_min': 15.6, 'T_max': 17.3, 'Humidity': 42.8, 'Pressure': 1012.0, 'Irradiation': 0, 'Irr_max': 6, 'Rain': 0.0, 'Rain_min_time': 0.0}
2026-03-21 09:00:53,712 - uplink - INFO - Verarbeite Uplink für Gerät: AABBCC01020307
2026-03-21 09:00:53,804 - uplink - INFO - Daten erfolgreich in DB gespeichert für AABBCC01020307: {'Type': 1, 'Battery': 3.85, 'Temperature': 18.3, 'T_min': 17.1, 'T_max': 19.4, 'Humidity': 40.0, 'Pressure': 1015.1, 'Irradiation': 0, 'Irr_max': 36, 'Rain': 0.0, 'Rain_min_time': 0.0}
2026-03-21 09:01:01,311 - uplink - INFO - Verarbeite Uplink für Gerät: AABBCC01020316
2026-03-21 09:01:01,318 - uplink - INFO - Daten erfolgreich in DB gespeichert für AABBCC01020316: {'Type': 1, 'Battery': 4.2, 'Temperature': 24.3, 'T_min': 23.6, 'T_max': 24.7, 'Humidity': 54.0, 'Pressure': 1017.25, 'Irradiation': 0, 'Irr_max': 18, 'Rain': 0.0, 'Rain_min_time': 0.0}
2026-03-21 09:01:03,550 - uplink - INFO - Verarbeite Uplink für Gerät: AABBCC01020412
2026-03-21 09:01:03,786 - uplink - INFO - Daten erfolgreich in DB gespeichert für AABBCC01020412: {'Type': 1, 'Battery': 3.85, 'Temperature': 16.9, 'T_min': 16.7, 'T_max': 18.4, 'Humidity': 42.8, 'Pressure': 1012.0, 'Irradiation': 2, 'Irr_max': 6, 'Rain': 0.0, 'Rain_min_time': 0.0}
2026-03-21 09:01:03,832 - uplink - INFO - Verarbeite Uplink für Gerät: AABBCC01020307
2026-03-21 09:01:03,853 - uplink - INFO - Daten erfolgreich in DB gespeichert für AABBCC01020307: {'Type': 1, 'Battery': 3.85, 'Temperature': 18.3, 'T_min': 17.0, 'T_max': 18.9, 'Humidity': 40.0, 'Pressure': 1015.1, 'Irradiation': 0, 'Irr_max': 10, 'Rain': 0.0, 'Rain_min_time': 0.0}
2026-03-21 09:01:11,341 - uplink - INFO - Verarbeite Uplink für Gerät: AABBCC01020316
2026-03-21 09:01:11,349 - uplink - INFO - Daten erfolgreich in DB gespeichert für AABBCC01020316: {'Type': 1, 'Battery': 4.2, 'Temperature': 24.3, 'T_min': 23.2, 'T_max': 25.7, 'Humidity': 54.0, 'Pressure': 1017.25, 'Irradiation': 0, 'Irr_max': 6, 'Rain': 0.0, 'Rain_min_time': 0.0}
2026-03-21 09:01:13,805 - uplink - INFO - Verarbeite Uplink für Gerät: AABBCC01020412
2026-03-21 09:01:13,813 - uplink - INFO - Daten erfolgreich in DB gespeichert für AABBCC01020412: {'Type': 1, 'Battery': 3.85, 'Temperature': 16.9, 'T_min': 16.5, 'T_max': 17.8, 'Humidity': 42.8, 'Pressure': 1012.0, 'Irradiation': 0, 'Irr_max': 32, 'Rain': 0.0, 'Rain_min_time': 0.0}
2026-03-21 09:01:13,882 - uplink - INFO - Verarbeite Uplink für Gerät: AABBCC01020307
2026-03-21 09:01:13,889 - uplink - INFO - Daten erfolgreich in DB gespeichert für AABBCC01020307: {'Type': 1, 'Battery': 3.85, 'Temperature': 18.3, 'T_min': 17.5, 'T_max': 19.2, 'Humidity': 40.0, 'Pressure': 1015.1, 'Irradiation': 0, 'Irr_max': 30, 'Rain': 0.0, 'Rain_min_time': 0.0}
2026-03-21 09:01:21,364 - uplink - INFO - Verarbeite Uplink für Gerät: AABBCC01020316
2026-03-21 09:01:21,371 - uplink - INFO - Daten erfolgreich in DB gespeichert für AABBCC01020316: {'Type': 1, 'Battery': 4.2, 'Temperature': 24.3, 'T_min': 23.0, 'T_max': 24.3, 'Humidity': 54.0, 'Pressure': 1017.25, 'Irradiation': 0, 'Irr_max': 20, 'Rain': 0.0, 'Rain_min_time': 0.0}
2026-03-21 09:01:23,830 - uplink - INFO - Verarbeite Uplink für Gerät: AABBCC01020412
2026-03-21 09:01:23,838 - uplink - INFO - Daten erfolgreich in DB gespeichert für AABBCC01020412: {'Type': 1, 'Battery': 3.85, 'Temperature': 16.9, 'T_min': 15.8, 'T_max': 18.1, 'Humidity': 42.8, 'Pressure': 1012.0, 'Irradiation': 0, 'Irr_max': 8, 'Rain': 0.0, 'Rain_min_time': 0.0}
2026-03-21 09:01:23,907 - uplink - INFO - Verarbeite Uplink für Gerät: AABBCC01020307
2026-03-21 09:01:23,915 - uplink - INFO - Daten erfolgreich in DB gespeichert für AABBCC01020307: {'Type': 1, 'Battery': 3.85, 'Temperature': 18.3, 'T_min': 18.3, 'T_max': 18.7, 'Humidity': 40.0, 'Pressure': 1015.1, 'Irradiation': 0, 'Irr_max': 22, 'Rain': 0.0, 'Rain_min_time': 0.0}
2026-03-21 09:01:31,397 - uplink - INFO - Verarbeite Uplink für Gerät: AABBCC01020316
2026-03-21 09:01:31,407 - uplink - INFO - Daten erfolgreich in DB gespeichert für AABBCC01020316: {'Type': 1, 'Battery': 4.2, 'Temperature': 24.3, 'T_min': 23.9, 'T_max': 25.4, 'Humidity': 54.0, 'Pressure': 1017.25, 'Irradiation': 0, 'Irr_max': 36, 'Rain': 0.0, 'Rain_min_time': 0.0}
2026-03-21 09:01:33,851 - uplink - INFO - Verarbeite Uplink für Gerät: AABBCC01020412
2026-03-21 09:01:33,858 - uplink - INFO - Daten erfolgreich in DB gespeichert für AABBCC01020412: {'Type': 1, 'Battery': 3.85, 'Temperature': 16.9, 'T_min': 15.6, 'T_max': 17.6, 'Humidity': 42.8, 'Pressure': 1012.0, 'Irradiation': 0, 'Irr_max': 6, 'Rain': 4.0, 'Rain_min_time': 0.0}
2026-03-21 09:01:33,918 - uplink - INFO - Verarbeite Uplink für Gerät: AABBCC01020307
2026-03-21 09:01:33,925 - uplink - INFO - Daten erfolgreich in DB gespeichert für AABBCC01020307: {'Type': 1, 'Battery': 3.85, 'Temperature': 18.3, 'T_min': 17.7, 'T_max': 18.3, 'Humidity': 40.0, 'Pressure': 1015.1, 'Irradiation': 2, 'Irr_max': 12, 'Rain': 0.0, 'Rain_min_time': 0.0}
2026-03-21 09:01:41,425 - uplink - INFO - Verarbeite Uplink für Gerät: AABBCC01020316
2026-03-21 09:01:41,433 - uplink - INFO - Daten erfolgreich in DB gespeichert für AABBCC01020316: {'Type': 1, 'Battery': 4.2, 'Temperature': 24.3, 'T_min': 23.6, 'T_max': 25.0, 'Humidity': 54.0, 'Pressure': 1017.25, 'Irradiation': 0, 'Irr_max': 12, 'Rain': 0.0, 'Rain_min_time': 0.0}
2026-03-21 09:01:43,864 - uplink - INFO - Verarbeite Uplink für Gerät: AABBCC01020412
2026-03-21 09:01:43,871 - uplink - INFO - Daten erfolgreich in DB gespeichert für AABBCC01020412: {'Type': 1, 'Battery': 3.85, 'Temperature': 16.9, 'T_min': 16.2, 'T_max': 17.0, 'Humidity': 42.8, 'Pressure': 1012.0, 'Irradiation': 0, 'Irr_max': 42, 'Rain': 0.0, 'Rain_min_time': 0.0}
2026-03-21 09:01:43,930 - uplink - INFO - Verarbeite Uplink für Gerät: AABBCC01020307
2026-03-21 09:01:43,937 - uplink - INFO - Daten erfolgreich in DB gespeichert für AABBCC01020307: {'Type': 1, 'Battery': 3.85, 'Temperature': 18.3, 'T_min': 17.6, 'T_max': 19.7, 'Humidity': 40.0, 'Pressure': 1015.1, 'Irradiation': 0, 'Irr_max': 0, 'Rain': 0.0, 'Rain_min_time': 0.0}
2026-03-21 09:01:51,437 - uplink - INFO - Verarbeite Uplink für Gerät: AABBCC01020316
2026-03-21 09:01:51,445 - uplink - INFO - Daten erfolgreich in DB gespeichert für AABBCC01020316: {'Type': 1, 'Battery': 4.2, 'Temperature': 24.3, 'T_min': 24.1, 'T_max': 25.4, 'Humidity': 54.2, 'Pressure': 1017.25, 'Irradiation': 0, 'Irr_max': 16, 'Rain': 0.0, 'Rain_min_time': 0.0}
2026-03-21 09:01:53,877 - uplink - INFO - Verarbeite Uplink für Gerät: AABBCC01020412
2026-03-21 09:01:53,884 - uplink - INFO - Daten erfolgreich in DB gespeichert für AABBCC01020412: {'Type': 1, 'Battery': 3.85, 'Temperature': 16.9, 'T_min': 16.0, 'T_max': 18.0, 'Humidity': 42.8, 'Pressure': 1012.0, 'Irradiation': 0, 'Irr_max': 30, 'Rain': 0.0, 'Rain_min_time': 0.0}
2026-03-21 09:01:53,942 - uplink - INFO - Verarbeite Uplink für Gerät: AABBCC01020307
2026-03-21 09:01:53,950 - uplink - INFO - Daten erfolgreich in DB gespeichert für AABBCC01020307: {'Type': 1, 'Battery': 3.85, 'Temperature': 18.3, 'T_min': 17.9, 'T_max': 19.0, 'Humidity': 40.0, 'Pressure': 1015.1, 'Irradiation': 0, 'Irr_max': 14, 'Rain': 0.0, 'Rain_min_time': 0.0}
2026-03-21 09:02:01,459 - uplink - INFO - Verarbeite Uplink für Gerät: AABBCC01020316
2026-03-21 09:02:01,466 - uplink - INFO - Daten erfolgreich in DB gespeichert für AABBCC01020316: {'Type': 1, 'Battery': 4.2, 'Temperature': 24.3, 'T_min': 23.3, 'T_max': 25.3, 'Humidity': 54.0, 'Pressure': 1017.25, 'Irradiation': 0, 'Irr_max': 4, 'Rain': 0.0, 'Rain_min_time': 0.0}
2026-03-21 09:02:03,904 - uplink - INFO - Verarbeite Uplink für Gerät: AABBCC01020412
2026-03-21 09:02:03,913 - uplink - INFO - Daten erfolgreich in DB gespeichert für AABBCC01020412: {'Type': 1, 'Battery': 3.85, 'Temperature': 16.9, 'T_min': 16.2, 'T_max': 18.2, 'Humidity': 42.8, 'Pressure': 1012.0, 'Irradiation': 0, 'Irr_max': 26, 'Rain': 0.0, 'Rain_min_time': 0.0}
2026-03-21 09:02:03,967 - uplink - INFO - Verarbeite Uplink für Gerät: AABBCC01020307
2026-03-21 09:02:03,975 - uplink - INFO - Daten erfolgreich in DB gespeichert für AABBCC01020307: {'Type': 1, 'Battery': 3.85, 'Temperature': 18.3, 'T_min': 17.3, 'T_max': 18.8, 'Humidity': 40.0, 'Pressure': 1015.1, 'Irradiation': 0, 'Irr_max': 26, 'Rain': 0.0, 'Rain_min_time': 0.0}
2026-03-21 09:02:11,483 - uplink - INFO - Verarbeite Uplink für Gerät: AABBCC01020316
2026-03-21 09:02:11,490 - uplink - INFO - Daten erfolgreich in DB gespeichert für AABBCC01020316: {'Type': 1, 'Battery': 4.2, 'Temperature': 24.3, 'T_min': 23.8, 'T_max': 25.6, 'Humidity': 54.0, 'Pressure': 1017.25, 'Irradiation': 0, 'Irr_max': 18, 'Rain': 0.0, 'Rain_min_time': 0.0}
2026-03-21 09:02:13,918 - uplink - INFO - Verarbeite Uplink für Gerät: AABBCC01020412
2026-03-21 09:02:13,926 - uplink - INFO - Daten erfolgreich in DB gespeichert für AABBCC01020412: {'Type': 1, 'Battery': 3.85, 'Temperature': 16.9, 'T_min': 16.5, 'T_max': 17.2, 'Humidity': 42.8, 'Pressure': 1012.0, 'Irradiation': 0, 'Irr_max': 28, 'Rain': 0.0, 'Rain_min_time': 0.0}
2026-03-21 09:02:13,980 - uplink - INFO - Verarbeite Uplink für Gerät: AABBCC01020307
2026-03-21 09:02:13,988 - uplink - INFO - Daten erfolgreich in DB gespeichert für AABBCC01020307: {'Type': 1, 'Battery': 3.85, 'Temperature': 18.3, 'T_min': 17.6, 'T_max': 19.2, 'Humidity': 39.8, 'Pressure': 1015.1, 'Irradiation': 0, 'Irr_max': 26, 'Rain': 0.0, 'Rain_min_time': 0.0}
2026-03-21 09:02:21,496 - uplink - INFO - Verarbeite Uplink für Gerät: AABBCC01020316
2026-03-21 09:02:21,504 - uplink - INFO - Daten erfolgreich in DB gespeichert für AABBCC01020316: {'Type': 1, 'Battery': 4.2, 'Temperature': 24.3, 'T_min': 23.9, 'T_max': 25.5, 'Humidity': 54.0, 'Pressure': 1017.25, 'Irradiation': 0, 'Irr_max': 8, 'Rain': 0.0, 'Rain_min_time': 0.0}
2026-03-21 09:02:23,932 - uplink - INFO - Verarbeite Uplink für Gerät: AABBCC01020412
2026-03-21 09:02:23,939 - uplink - INFO - Daten erfolgreich in DB gespeichert für AABBCC01020412: {'Type': 1, 'Battery': 3.85, 'Temperature': 16.9, 'T_min': 15.5, 'T_max': 17.9, 'Humidity': 43.0, 'Pressure': 1012.0, 'Irradiation': 0, 'Irr_max': 0, 'Rain': 0.0, 'Rain_min_time': 0.0}
2026-03-21 09:02:24,007 - uplink - INFO - Verarbeite Uplink für Gerät: AABBCC01020307
2026-03-21 09:02:24,014 - uplink - INFO - Daten erfolgreich in DB gespeichert für AABBCC01020307: {'Type': 1, 'Battery': 3.85, 'Temperature': 18.3, 'T_min': 17.4, 'T_max': 19.0, 'Humidity': 40.0, 'Pressure': 1015.1, 'Irradiation': 2, 'Irr_max': 40, 'Rain': 0.0, 'Rain_min_time': 0.0}
2026-03-21 09:02:31,510 - uplink - INFO - Verarbeite Uplink für Gerät: AABBCC01020316
2026-03-21 09:02:31,518 - uplink - INFO - Daten erfolgreich in DB gespeichert für AABBCC01020316: {'Type': 1, 'Battery': 4.2, 'Temperature': 24.3, 'T_min': 23.7, 'T_max': 25.2, 'Humidity': 54.0, 'Pressure': 1017.25, 'Irradiation': 0, 'Irr_max': 48, 'Rain': 0.0, 'Rain_min_time': 0.0}
2026-03-21 09:02:33,954 - uplink - INFO - Verarbeite Uplink für Gerät: AABBCC01020412
2026-03-21 09:02:33,961 - uplink - INFO - Daten erfolgreich in DB gespeichert für AABBCC01020412: {'Type': 1, 'Battery': 3.85, 'Temperature': 16.9, 'T_min': 16.6, 'T_max': 18.4, 'Humidity': 43.0, 'Pressure': 1012.0, 'Irradiation': 0, 'Irr_max': 0, 'Rain': 0.0, 'Rain_min_time': 0.0}
2026-03-21 09:02:34,032 - uplink - INFO - Verarbeite Uplink für Gerät: AABBCC01020307
2026-03-21 09:02:34,039 - uplink - INFO - Daten erfolgreich in DB gespeichert für AABBCC01020307: {'Type': 1, 'Battery': 3.85, 'Temperature': 18.3, 'T_min': 17.0, 'T_max': 18.9, 'Humidity': 40.0, 'Pressure': 1015.1, 'Irradiation': 0, 'Irr_max': 12, 'Rain': 0.0, 'Rain_min_time': 0.0}
2026-03-21 09:02:41,521 - uplink - INFO - Verarbeite Uplink für Gerät: AABBCC01020316
2026-03-21 09:02:41,529 - uplink - INFO - Daten erfolgreich in DB gespeichert für AABBCC01020316: {'Type': 1, 'Battery': 4.2, 'Temperature': 24.3, 'T_min': 23.2, 'T_max': 24.8, 'Humidity': 54.0, 'Pressure': 1017.25, 'Irradiation': 0, 'Irr_max': 16, 'Rain': 0.0, 'Rain_min_time': 0.0}
2026-03-21 09:02:43,989 - uplink - INFO - Verarbeite Uplink für Gerät: AABBCC01020412
2026-03-21 09:02:43,997 - uplink - INFO - Daten erfolgreich in DB gespeichert für AABBCC01020412: {'Type': 1, 'Battery': 3.85, 'Temperature': 16.9, 'T_min': 15.7, 'T_max': 18.0, 'Humidity': 43.0, 'Pressure': 1012.0, 'Irradiation': 0, 'Irr_max': 8, 'Rain': 0.0, 'Rain_min_time': 0.0}
2026-03-21 09:02:44,066 - uplink - INFO - Verarbeite Uplink für Gerät: AABBCC01020307
2026-03-21 09:02:44,073 - uplink - INFO - Daten erfolgreich in DB gespeichert für AABBCC01020307: {'Type': 1, 'Battery': 3.85, 'Temperature': 18.3, 'T_min': 17.2, 'T_max': 18.3, 'Humidity': 40.0, 'Pressure': 1015.1, 'Irradiation': 0, 'Irr_max': 22, 'Rain': 0.0, 'Rain_min_time': 0.0}
2026-03-21 09:02:51,546 - uplink - INFO - Verarbeite Uplink für Gerät: AABBCC01020316
2026-03-21 09:02:51,553 - uplink - INFO - Daten erfolgreich in DB gespeichert für AABBCC01020316: {'Type': 1, 'Battery': 4.2, 'Temperature': 24.3, 'T_min': 24.0, 'T_max': 25.4, 'Humidity': 54.0, 'Pressure': 1017.25, 'Irradiation': 0, 'Irr_max': 42, 'Rain': 0.0, 'Rain_min_time': 0.0}
2026-03-21 09:02:54,010 - uplink - INFO - Verarbeite Uplink für Gerät: AABBCC01020412
2026-03-21 09:02:54,019 - uplink - INFO - Daten erfolgreich in DB gespeichert für AABBCC01020412: {'Type': 1, 'Battery': 3.85, 'Temperature': 16.9, 'T_min': 16.2, 'T_max': 16.9, 'Humidity': 43.0, 'Pressure': 1012.0, 'Irradiation': 2, 'Irr_max': 30, 'Rain': 0.0, 'Rain_min_time': 0.0}
2026-03-21 09:02:54,078 - uplink - INFO - Verarbeite Uplink für Gerät: AABBCC01020307
2026-03-21 09:02:54,085 - uplink - INFO - Daten erfolgreich in DB gespeichert für AABBCC01020307: {'Type': 1, 'Battery': 3.85, 'Temperature': 18.3, 'T_min': 18.1, 'T_max': 19.7, 'Humidity': 40.0, 'Pressure': 1015.1, 'Irradiation': 0, 'Irr_max': 46, 'Rain': 0.0, 'Rain_min_time': 0.0}
2026-03-21 09:03:01,580 - uplink - INFO - Verarbeite Uplink für Gerät: AABBCC01020316
2026-03-21 09:03:01,595 - uplink - INFO - Daten erfolgreich in DB gespeichert für AABBCC01020316: {'Type': 1, 'Battery': 4.2, 'Temperature': 24.3, 'T_min': 23.9, 'T_max': 25.4, 'Humidity': 54.0, 'Pressure': 1017.25, 'Irradiation': 0, 'Irr_max': 24, 'Rain': 0.0, 'Rain_min_time': 0.0}
2026-03-21 09:03:04,046 - uplink - INFO - Verarbeite Uplink für Gerät: AABBCC01020412
2026-03-21 09:03:04,054 - uplink - INFO - Daten erfolgreich in DB gespeichert für AABBCC01020412: {'Type': 1, 'Battery': 3.85, 'Temperature': 16.9, 'T_min': 15.7, 'T_max': 17.9, 'Humidity': 42.8, 'Pressure': 1012.0, 'Irradiation': 2, 'Irr_max': 42, 'Rain': 0.0, 'Rain_min_time': 0.0}
2026-03-21 09:03:04,088 - uplink - INFO - Verarbeite Uplink für Gerät: AABBCC01020307
2026-03-21 09:03:04,096 - uplink - INFO - Daten erfolgreich in DB gespeichert für AABBCC01020307: {'Type': 1, 'Battery': 3.85, 'Temperature': 18.3, 'T_min': 17.8, 'T_max': 19.2, 'Humidity': 40.0, 'Pressure': 1015.1, 'Irradiation': 2, 'Irr_max': 34, 'Rain': 0.0, 'Rain_min_time': 0.0}
2026-03-21 09:03:11,601 - uplink - INFO - Verarbeite Uplink für Gerät: AABBCC01020316
2026-03-21 09:03:11,608 - uplink - INFO - Daten erfolgreich in DB gespeichert für AABBCC01020316: {'Type': 1, 'Battery': 4.2, 'Temperature': 24.3, 'T_min': 22.8, 'T_max': 25.6, 'Humidity': 54.0, 'Pressure': 1017.25, 'Irradiation': 0, 'Irr_max': 38, 'Rain': 0.0, 'Rain_min_time': 0.0}
2026-03-21 09:03:14,059 - uplink - INFO - Verarbeite Uplink für Gerät: AABBCC01020412
2026-03-21 09:03:14,066 - uplink - INFO - Daten erfolgreich in DB gespeichert für AABBCC01020412: {'Type': 1, 'Battery': 3.85, 'Temperature': 16.9, 'T_min': 16.4, 'T_max': 17.4, 'Humidity': 42.8, 'Pressure': 1012.0, 'Irradiation': 2, 'Irr_max': 10, 'Rain': 3.0, 'Rain_min_time': 0.0}
2026-03-21 09:03:14,113 - uplink - INFO - Verarbeite Uplink für Gerät: AABBCC01020307
2026-03-21 09:03:14,121 - uplink - INFO - Daten erfolgreich in DB gespeichert für AABBCC01020307: {'Type': 1, 'Battery': 3.85, 'Temperature': 18.3, 'T_min': 18.2, 'T_max': 19.4, 'Humidity': 40.0, 'Pressure': 1015.1, 'Irradiation': 2, 'Irr_max': 10, 'Rain': 0.0, 'Rain_min_time': 0.0}
2026-03-21 09:03:21,624 - uplink - INFO - Verarbeite Uplink für Gerät: AABBCC01020316
2026-03-21 09:03:21,631 - uplink - INFO - Daten erfolgreich in DB gespeichert für AABBCC01020316: {'Type': 1, 'Battery': 4.2, 'Temperature': 24.3, 'T_min': 23.3, 'T_max': 24.3, 'Humidity': 54.0, 'Pressure': 1017.25, 'Irradiation': 0, 'Irr_max': 22, 'Rain': 0.0, 'Rain_min_time': 0.0}
2026-03-21 09:03:24,090 - uplink - INFO - Verarbeite Uplink für Gerät: AABBCC01020412
2026-03-21 09:03:24,097 - uplink - INFO - Daten erfolgreich in DB gespeichert für AABBCC01020412: {'Type': 1, 'Battery': 3.85, 'Temperature': 16.9, 'T_min': 16.2, 'T_max': 17.4, 'Humidity': 42.8, 'Pressure': 1012.0, 'Irradiation': 0, 'Irr_max': 50, 'Rain': 0.0, 'Rain_min_time': 0.0}
2026-03-21 09:03:24,137 - uplink - INFO - Verarbeite Uplink für Gerät: AABBCC01020307
2026-03-21 09:03:24,144 - uplink - INFO - Daten erfolgreich in DB gespeichert für AABBCC01020307: {'Type': 1, 'Battery': 3.85, 'Temperature': 18.3, 'T_min': 18.0, 'T_max': 19.6, 'Humidity': 39.8, 'Pressure': 1015.1, 'Irradiation': 0, 'Irr_max': 12, 'Rain': 0.0, 'Rain_min_time': 0.0}
2026-03-21 09:03:31,636 - uplink - INFO - Verarbeite Uplink für Gerät: AABBCC01020316
2026-03-21 09:03:31,643 - uplink - INFO - Daten erfolgreich in DB gespeichert für AABBCC01020316: {'Type': 1, 'Battery': 4.2, 'Temperature': 24.3, 'T_min': 23.1, 'T_max': 25.5, 'Humidity': 54.0, 'Pressure': 1017.25, 'Irradiation': 0, 'Irr_max': 10, 'Rain': 0.0, 'Rain_min_time': 0.0}
2026-03-21 09:03:34,101 - uplink - INFO - Verarbeite Uplink für Gerät: AABBCC01020412
2026-03-21 09:03:34,108 - uplink - INFO - Daten erfolgreich in DB gespeichert für AABBCC01020412: {'Type': 1, 'Battery': 3.85, 'Temperature': 16.9, 'T_min': 16.8, 'T_max': 17.8, 'Humidity': 42.8, 'Pressure': 1012.0, 'Irradiation': 0, 'Irr_max': 50, 'Rain': 0.0, 'Rain_min_time': 0.0}
2026-03-21 09:03:34,147 - uplink - INFO - Verarbeite Uplink für Gerät: AABBCC01020307
2026-03-21 09:03:34,154 - uplink - INFO - Daten erfolgreich in DB gespeichert für AABBCC01020307: {'Type': 1, 'Battery': 3.85, 'Temperature': 18.3, 'T_min': 17.5, 'T_max': 19.6, 'Humidity': 39.8, 'Pressure': 1015.1, 'Irradiation': 0, 'Irr_max': 42, 'Rain': 0.0, 'Rain_min_time': 0.0}
2026-03-21 09:03:41,666 - uplink - INFO - Verarbeite Uplink für Gerät: AABBCC01020316
2026-03-21 09:03:41,673 - uplink - INFO - Daten erfolgreich in DB gespeichert für AABBCC01020316: {'Type': 1, 'Battery': 4.2, 'Temperature': 24.3, 'T_min': 23.7, 'T_max': 24.8, 'Humidity': 54.0, 'Pressure': 1017.25, 'Irradiation': 0, 'Irr_max': 30, 'Rain': 0.0, 'Rain_min_time': 0.0}
2026-03-21 09:03:44,114 - uplink - INFO - Verarbeite Uplink für Gerät: AABBCC01020412
2026-03-21 09:03:44,121 - uplink - INFO - Daten erfolgreich in DB gespeichert für AABBCC01020412: {'Type': 1, 'Battery': 3.85, 'Temperature': 16.9, 'T_min': 15.9, 'T_max': 18.1, 'Humidity': 42.8, 'Pressure': 1012.0, 'Irradiation': 0, 'Irr_max': 16, 'Rain': 0.0, 'Rain_min_time': 0.0}
2026-03-21 09:03:44,175 - uplink - INFO - Verarbeite Uplink für Gerät: AABBCC01020307
2026-03-21 09:03:44,182 - uplink - INFO - Daten erfolgreich in DB gespeichert für AABBCC01020307: {'Type': 1, 'Battery': 3.85, 'Temperature': 18.3, 'T_min': 17.6, 'T_max': 19.1, 'Humidity': 39.8, 'Pressure': 1015.1, 'Irradiation': 0, 'Irr_max': 20, 'Rain': 0.0, 'Rain_min_time': 0.0}
2026-03-21 09:03:51,699 - uplink - INFO - Verarbeite Uplink für Gerät: AABBCC01020316
2026-03-21 09:03:51,707 - uplink - INFO - Daten erfolgreich in DB gespeichert für AABBCC01020316: {'Type': 1, 'Battery': 4.2, 'Temperature': 24.3, 'T_min': 23.5, 'T_max': 25.7, 'Humidity': 54.0, 'Pressure': 1017.25, 'Irradiation': 0, 'Irr_max': 34, 'Rain': 0.0, 'Rain_min_time': 0.0}
2026-03-21 09:03:54,140 - uplink - INFO - Verarbeite Uplink für Gerät: AABBCC01020412
2026-03-21 09:03:54,147 - uplink - INFO - Daten erfolgreich in DB gespeichert für AABBCC01020412: {'Type': 1, 'Battery': 3.85, 'Temperature': 16.9, 'T_min': 15.6, 'T_max': 17.3, 'Humidity': 42.8, 'Pressure': 1012.0, 'Irradiation': 2, 'Irr_max': 30, 'Rain': 0.0, 'Rain_min_time': 0.0}
2026-03-21 09:03:54,187 - uplink - INFO - Verarbeite Uplink für Gerät: AABBCC01020307
2026-03-21 09:03:54,194 - uplink - INFO - Daten erfolgreich in DB gespeichert für AABBCC01020307: {'Type': 1, 'Battery': 3.85, 'Temperature': 18.3, 'T_min': 18.0, 'T_max': 19.2, 'Humidity': 39.8, 'Pressure': 1015.1, 'Irradiation': 0, 'Irr_max': 20, 'Rain': 0.0, 'Rain_min_time': 0.0}
2026-03-21 09:04:01,713 - uplink - INFO - Verarbeite Uplink für Gerät: AABBCC01020316
2026-03-21 09:04:01,721 - uplink - INFO - Daten erfolgreich in DB gespeichert für AABBCC01020316: {'Type': 1, 'Battery': 4.2, 'Temperature': 24.3, 'T_min': 23.5, 'T_max': 25.3, 'Humidity': 54.0, 'Pressure': 1017.25, 'Irradiation': 0, 'Irr_max': 30, 'Rain': 0.0, 'Rain_min_time': 0.0}
2026-03-21 09:04:04,151 - uplink - INFO - Verarbeite Uplink für Gerät: AABBCC01020412
2026-03-21 09:04:04,159 - uplink - INFO - Daten erfolgreich in DB gespeichert für AABBCC01020412: {'Type': 1, 'Battery': 3.85, 'Temperature': 16.9, 'T_min': 16.6, 'T_max': 17.3, 'Humidity': 42.8, 'Pressure': 1012.0, 'Irradiation': 2, 'Irr_max': 10, 'Rain': 0.0, 'Rain_min_time': 0.0}
2026-03-21 09:04:04,216 - uplink - INFO - Verarbeite Uplink für Gerät: AABBCC01020307
2026-03-21 09:04:04,223 - uplink - INFO - Daten erfolgreich in DB gespeichert für AABBCC01020307: {'Type': 1, 'Battery': 3.85, 'Temperature': 18.3, 'T_min': 17.4, 'T_max': 19.0, 'Humidity': 39.8, 'Pressure': 1015.1, 'Irradiation': 0, 'Irr_max': 18, 'Rain': 0.0, 'Rain_min_time': 0.0}
2026-03-21 09:04:11,724 - uplink - INFO - Verarbeite Uplink für Gerät: AABBCC01020316
2026-03-21 09:04:11,732 - uplink - INFO - Daten erfolgreich in DB gespeichert für AABBCC01020316: {'Type': 1, 'Battery': 4.2, 'Temperature': 24.3, 'T_min': 23.4, 'T_max': 25.7, 'Humidity': 54.0, 'Pressure': 1017.25, 'Irradiation': 2, 'Irr_max': 24, 'Rain': 0.0, 'Rain_min_time': 0.0}
2026-03-21 09:04:14,165 - uplink - INFO - Verarbeite Uplink für Gerät: AABBCC01020412
2026-03-21 09:04:14,172 - uplink - INFO - Daten erfolgreich in DB gespeichert für AABBCC01020412: {'Type': 1, 'Battery': 3.85, 'Temperature': 16.9, 'T_min': 16.1, 'T_max': 18.0, 'Humidity': 42.8, 'Pressure': 1012.0, 'Irradiation': 2, 'Irr_max': 16, 'Rain': 0.0, 'Rain_min_time': 0.0}
2026-03-21 09:04:14,247 - uplink - INFO - Verarbeite Uplink für Gerät: AABBCC01020307
2026-03-21 09:04:14,255 - uplink - INFO - Daten erfolgreich in DB gespeichert für AABBCC01020307: {'Type': 1, 'Battery': 3.85, 'Temperature': 18.3, 'T_min': 17.2, 'T_max': 19.1, 'Humidity': 39.8, 'Pressure': 1015.1, 'Irradiation': 0, 'Irr_max': 24, 'Rain': 0.0, 'Rain_min_time': 0.0}
2026-03-21 09:04:21,750 - uplink - INFO - Verarbeite Uplink für Gerät: AABBCC01020316
2026-03-21 09:04:21,760 - uplink - INFO - Daten erfolgreich in DB gespeichert für AABBCC01020316: {'Type': 1, 'Battery': 4.2, 'Temperature': 24.3, 'T_min': 22.8, 'T_max': 24.8, 'Humidity': 54.0, 'Pressure': 1017.25, 'Irradiation': 2, 'Irr_max': 22, 'Rain': 0.0, 'Rain_min_time': 0.0}
2026-03-21 09:04:24,177 - uplink - INFO - Verarbeite Uplink für Gerät: AABBCC01020412
2026-03-21 09:04:24,184 - uplink - INFO - Daten erfolgreich in DB gespeichert für AABBCC01020412: {'Type': 1, 'Battery': 3.85, 'Temperature': 16.9, 'T_min': 16.7, 'T_max': 16.9, 'Humidity': 42.8, 'Pressure': 1012.0, 'Irradiation': 2, 'Irr_max': 28, 'Rain': 0.0, 'Rain_min_time': 0.0}
2026-03-21 09:04:24,277 - uplink - INFO - Verarbeite Uplink für Gerät: AABBCC01020307
2026-03-21 09:04:24,284 - uplink - INFO - Daten erfolgreich in DB gespeichert für AABBCC01020307: {'Type': 1, 'Battery': 3.85, 'Temperature': 18.3, 'T_min': 18.1, 'T_max': 18.8, 'Humidity': 39.8, 'Pressure': 1015.1, 'Irradiation': 0, 'Irr_max': 12, 'Rain': 0.0, 'Rain_min_time': 0.0}
2026-03-21 09:04:31,765 - uplink - INFO - Verarbeite Uplink für Gerät: AABBCC01020316
2026-03-21 09:04:31,772 - uplink - INFO - Daten erfolgreich in DB gespeichert für AABBCC01020316: {'Type': 1, 'Battery': 4.2, 'Temperature': 24.3, 'T_min': 23.0, 'T_max': 24.3, 'Humidity': 54.0, 'Pressure': 1017.25, 'Irradiation': 4, 'Irr_max': 42, 'Rain': 0.0, 'Rain_min_time': 0.0}
2026-03-21 09:04:34,199 - uplink - INFO - Verarbeite Uplink für Gerät: AABBCC01020412
2026-03-21 09:04:34,206 - uplink - INFO - Daten erfolgreich in DB gespeichert für AABBCC01020412: {'Type': 1, 'Battery': 3.85, 'Temperature': 16.9, 'T_min': 15.5, 'T_max': 17.1, 'Humidity': 42.8, 'Pressure': 1012.0, 'Irradiation': 2, 'Irr_max': 32, 'Rain': 0.0, 'Rain_min_time': 0.0}
2026-03-21 09:04:34,309 - uplink - INFO - Verarbeite Uplink für Gerät: AABBCC01020307
2026-03-21 09:04:34,316 - uplink - INFO - Daten erfolgreich in DB gespeichert für AABBCC01020307: {'Type': 1, 'Battery': 3.85, 'Temperature': 18.3, 'T_min': 17.0, 'T_max': 19.2, 'Humidity': 39.8, 'Pressure': 1015.1, 'Irradiation': 0, 'Irr_max': 12, 'Rain': 0.0, 'Rain_min_time': 0.0}
2026-03-21 09:04:41,777 - uplink - INFO - Verarbeite Uplink für Gerät: AABBCC01020316
2026-03-21 09:04:41,788 - uplink - INFO - Daten erfolgreich in DB gespeichert für AABBCC01020316: {'Type': 1, 'Battery': 4.2, 'Temperature': 24.3, 'T_min': 24.2, 'T_max': 24.3, 'Humidity': 54.0, 'Pressure': 1017.25, 'Irradiation': 6, 'Irr_max': 50, 'Rain': 0.0, 'Rain_min_time': 0.0}
2026-03-21 09:04:44,211 - uplink - INFO - Verarbeite Uplink für Gerät: AABBCC01020412
2026-03-21 09:04:44,218 - uplink - INFO - Daten erfolgreich in DB gespeichert für AABBCC01020412: {'Type': 1, 'Battery': 3.85, 'Temperature': 16.9, 'T_min': 16.8, 'T_max': 17.2, 'Humidity': 42.8, 'Pressure': 1012.0, 'Irradiation': 2, 'Irr_max': 32, 'Rain': 0.0, 'Rain_min_time': 0.0}
2026-03-21 09:04:44,344 - uplink - INFO - Verarbeite Uplink für Gerät: AABBCC01020307
2026-03-21 09:04:44,353 - uplink - INFO - Daten erfolgreich in DB gespeichert für AABBCC01020307: {'Type': 1, 'Battery': 3.85, 'Temperature': 18.3, 'T_min': 16.9, 'T_max': 18.4, 'Humidity': 39.8, 'Pressure': 1015.1, 'Irradiation': 0, 'Irr_max': 16, 'Rain': 0.0, 'Rain_min_time': 0.0}
2026-03-21 09:04:51,808 - uplink - INFO - Verarbeite Uplink für Gerät: AABBCC01020316
2026-03-21 09:04:51,815 - uplink - INFO - Daten erfolgreich in DB gespeichert für AABBCC01020316: {'Type': 1, 'Battery': 4.2, 'Temperature': 24.3, 'T_min': 23.5, 'T_max': 24.8, 'Humidity': 54.0, 'Pressure': 1017.25, 'Irradiation': 6, 'Irr_max': 52, 'Rain': 0.0, 'Rain_min_time': 0.0}
2026-03-21 09:04:54,241 - uplink - INFO - Verarbeite Uplink für Gerät: AABBCC01020412
2026-03-21 09:04:54,249 - uplink - INFO - Daten erfolgreich in DB gespeichert für AABBCC01020412: {'Type': 1, 'Battery': 3.85, 'Temperature': 16.9, 'T_min': 15.5, 'T_max': 17.0, 'Humidity': 42.8, 'Pressure': 1012.0, 'Irradiation': 2, 'Irr_max': 14, 'Rain': 0.0, 'Rain_min_time': 0.0}
2026-03-21 09:04:54,382 - uplink - INFO - Verarbeite Uplink für Gerät: AABBCC01020307
2026-03-21 09:04:54,390 - uplink - INFO - Daten erfolgreich in DB gespeichert für AABBCC01020307: {'Type': 1, 'Battery': 3.85, 'Temperature': 18.3, 'T_min': 17.2, 'T_max': 19.1, 'Humidity': 39.8, 'Pressure': 1015.1, 'Irradiation': 0, 'Irr_max': 10, 'Rain': 0.0, 'Rain_min_time': 0.0}
2026-03-21 09:05:01,836 - uplink - INFO - Verarbeite Uplink für Gerät: AABBCC01020316
2026-03-21 09:05:01,843 - uplink - INFO - Daten erfolgreich in DB gespeichert für AABBCC01020316: {'Type': 1, 'Battery': 4.2, 'Temperature': 24.3, 'T_min': 23.2, 'T_max': 25.2, 'Humidity': 54.0, 'Pressure': 1017.25, 'Irradiation': 6, 'Irr_max': 10, 'Rain': 0.0, 'Rain_min_time': 0.0}
2026-03-21 09:05:04,253 - uplink - INFO - Verarbeite Uplink für Gerät: AABBCC01020412
2026-03-21 09:05:04,260 - uplink - INFO - Daten erfolgreich in DB gespeichert für AABBCC01020412: {'Type': 1, 'Battery': 3.85, 'Temperature': 16.9, 'T_min': 16.0, 'T_max': 17.2, 'Humidity': 42.8, 'Pressure': 1012.0, 'Irradiation': 0, 'Irr_max': 50, 'Rain': 0.0, 'Rain_min_time': 0.0}
2026-03-21 09:05:04,393 - uplink - INFO - Verarbeite Uplink für Gerät: AABBCC01020307
2026-03-21 09:05:04,400 - uplink - INFO - Daten erfolgreich in DB gespeichert für AABBCC01020307: {'Type': 1, 'Battery': 3.85, 'Temperature': 18.3, 'T_min': 17.2, 'T_max': 19.1, 'Humidity': 39.8, 'Pressure': 1015.1, 'Irradiation': 0, 'Irr_max': 46, 'Rain': 0.0, 'Rain_min_time': 0.0}
2026-03-21 09:05:11,861 - uplink - INFO - Verarbeite Uplink für Gerät: AABBCC01020316
2026-03-21 09:05:11,868 - uplink - INFO - Daten erfolgreich in DB gespeichert für AABBCC01020316: {'Type': 1, 'Battery': 4.2, 'Temperature': 24.3, 'T_min': 24.1, 'T_max': 25.2, 'Humidity': 54.0, 'Pressure': 1017.25, 'Irradiation': 0, 'Irr_max': 10, 'Rain': 0.0, 'Rain_min_time': 0.0}
2026-03-21 09:05:14,266 - uplink - INFO - Verarbeite Uplink für Gerät: AABBCC01020412
2026-03-21 09:05:14,274 - uplink - INFO - Daten erfolgreich in DB gespeichert für AABBCC01020412: {'Type': 1, 'Battery': 3.85, 'Temperature': 16.9, 'T_min': 16.6, 'T_max': 17.4, 'Humidity': 42.8, 'Pressure': 1012.0, 'Irradiation': 0, 'Irr_max': 22, 'Rain': 0.0, 'Rain_min_time': 0.0}
2026-03-21 09:05:14,424 - uplink - INFO - Verarbeite Uplink für Gerät: AABBCC01020307
2026-03-21 09:05:14,432 - uplink - INFO - Daten erfolgreich in DB gespeichert für AABBCC01020307: {'Type': 1, 'Battery': 3.85, 'Temperature': 18.3, 'T_min': 17.8, 'T_max': 19.6, 'Humidity': 39.8, 'Pressure': 1015.1, 'Irradiation': 0, 'Irr_max': 12, 'Rain': 0.0, 'Rain_min_time': 0.0}
2026-03-21 09:05:21,893 - uplink - INFO - Verarbeite Uplink für Gerät: AABBCC01020316
2026-03-21 09:05:21,900 - uplink - INFO - Daten erfolgreich in DB gespeichert für AABBCC01020316: {'Type': 1, 'Battery': 4.2, 'Temperature': 24.3, 'T_min': 22.9, 'T_max': 25.4, 'Humidity': 54.0, 'Pressure': 1017.25, 'Irradiation': 2, 'Irr_max': 36, 'Rain': 0.0, 'Rain_min_time': 0.0}
2026-03-21 09:05:24,280 - uplink - INFO - Verarbeite Uplink für Gerät: AABBCC01020412
2026-03-21 09:05:24,288 - uplink - INFO - Daten erfolgreich in DB gespeichert für AABBCC01020412: {'Type': 1, 'Battery': 3.85, 'Temperature': 16.9, 'T_min': 15.5, 'T_max': 17.0, 'Humidity': 42.8, 'Pressure': 1012.0, 'Irradiation': 2, 'Irr_max': 18, 'Rain': 0.0, 'Rain_min_time': 0.0}
2026-03-21 09:05:24,436 - uplink - INFO - Verarbeite Uplink für Gerät: AABBCC01020307
2026-03-21 09:05:24,444 - uplink - INFO - Daten erfolgreich in DB gespeichert für AABBCC01020307: {'Type': 1, 'Battery': 3.85, 'Temperature': 18.3, 'T_min': 17.2, 'T_max': 18.6, 'Humidity': 39.8, 'Pressure': 1015.1, 'Irradiation': 0, 'Irr_max': 42, 'Rain': 0.0, 'Rain_min_time': 0.0}
2026-03-21 09:05:31,906 - uplink - INFO - Verarbeite Uplink für Gerät: AABBCC01020316
2026-03-21 09:05:31,915 - uplink - INFO - Daten erfolgreich in DB gespeichert für AABBCC01020316: {'Type': 1, 'Battery': 4.2, 'Temperature': 24.3, 'T_min': 23.0, 'T_max': 25.2, 'Humidity': 54.0, 'Pressure': 1017.25, 'Irradiation': 2, 'Irr_max': 24, 'Rain': 0.0, 'Rain_min_time': 0.0}
2026-03-21 09:05:34,292 - uplink - INFO - Verarbeite Uplink für Gerät: AABBCC01020412
2026-03-21 09:05:34,300 - uplink - INFO - Daten erfolgreich in DB gespeichert für AABBCC01020412: {'Type': 1, 'Battery': 3.85, 'Temperature': 16.9, 'T_min': 16.1, 'T_max': 18.0, 'Humidity': 42.8, 'Pressure': 1012.0, 'Irradiation': 0, 'Irr_max': 2, 'Rain': 0.0, 'Rain_min_time': 0.0}
2026-03-21 09:05:34,460 - uplink - INFO - Verarbeite Uplink für Gerät: AABBCC01020307
2026-03-21 09:05:34,468 - uplink - INFO - Daten erfolgreich in DB gespeichert für AABBCC01020307: {'Type': 1, 'Battery': 3.85, 'Temperature': 18.3, 'T_min': 18.1, 'T_max': 19.0, 'Humidity': 39.8, 'Pressure': 1015.1, 'Irradiation': 2, 'Irr_max': 30, 'Rain': 0.0, 'Rain_min_time': 0.0}
2026-03-21 09:05:41,934 - uplink - INFO - Verarbeite Uplink für Gerät: AABBCC01020316
2026-03-21 09:05:41,941 - uplink - INFO - Daten erfolgreich in DB gespeichert für AABBCC01020316: {'Type': 1, 'Battery': 4.2, 'Temperature': 24.3, 'T_min': 24.0, 'T_max': 25.1, 'Humidity': 54.0, 'Pressure': 1017.25, 'Irradiation': 4, 'Irr_max': 22, 'Rain': 0.0, 'Rain_min_time': 0.0}
2026-03-21 09:05:44,306 - uplink - INFO - Verarbeite Uplink für Gerät: AABBCC01020412
2026-03-21 09:05:44,313 - uplink - INFO - Daten erfolgreich in DB gespeichert für AABBCC01020412: {'Type': 1, 'Battery': 3.85, 'Temperature': 16.9, 'T_min': 16.8, 'T_max': 18.2, 'Humidity': 42.8, 'Pressure': 1012.0, 'Irradiation': 0, 'Irr_max': 12, 'Rain': 0.0, 'Rain_min_time': 0.0}
2026-03-21 09:05:44,485 - uplink - INFO - Verarbeite Uplink für Gerät: AABBCC01020307
2026-03-21 09:05:44,492 - uplink - INFO - Daten erfolgreich in DB gespeichert für AABBCC01020307: {'Type': 1, 'Battery': 3.85, 'Temperature': 18.3, 'T_min': 17.7, 'T_max': 18.9, 'Humidity': 39.8, 'Pressure': 1015.1, 'Irradiation': 0, 'Irr_max': 24, 'Rain': 0.0, 'Rain_min_time': 0.0}
2026-03-21 09:05:51,966 - uplink - INFO - Verarbeite Uplink für Gerät: AABBCC01020316
2026-03-21 09:05:51,974 - uplink - INFO - Daten erfolgreich in DB gespeichert für AABBCC01020316: {'Type': 1, 'Battery': 4.2, 'Temperature': 24.3, 'T_min': 23.1, 'T_max': 24.8, 'Humidity': 53.8, 'Pressure': 1017.25, 'Irradiation': 4, 'Irr_max': 8, 'Rain': 3.0, 'Rain_min_time': 0.0}
2026-03-21 09:05:54,318 - uplink - INFO - Verarbeite Uplink für Gerät: AABBCC01020412
2026-03-21 09:05:54,325 - uplink - INFO - Daten erfolgreich in DB gespeichert für AABBCC01020412: {'Type': 1, 'Battery': 3.85, 'Temperature': 16.9, 'T_min': 16.9, 'T_max': 17.3, 'Humidity': 42.8, 'Pressure': 1012.0, 'Irradiation': 0, 'Irr_max': 18, 'Rain': 0.0, 'Rain_min_time': 0.0}
2026-03-21 09:05:54,505 - uplink - INFO - Verarbeite Uplink für Gerät: AABBCC01020307
2026-03-21 09:05:54,516 - uplink - INFO - Daten erfolgreich in DB gespeichert für AABBCC01020307: {'Type': 1, 'Battery': 3.85, 'Temperature': 18.3, 'T_min': 18.2, 'T_max': 19.1, 'Humidity': 39.8, 'Pressure': 1015.1, 'Irradiation': 2, 'Irr_max': 2, 'Rain': 0.0, 'Rain_min_time': 0.0}
2026-03-21 09:06:01,991 - uplink - INFO - Verarbeite Uplink für Gerät: AABBCC01020316
2026-03-21 09:06:01,999 - uplink - INFO - Daten erfolgreich in DB gespeichert für AABBCC01020316: {'Type': 1, 'Battery': 4.2, 'Temperature': 24.3, 'T_min': 23.9, 'T_max': 25.6, 'Humidity': 53.8, 'Pressure': 1017.25, 'Irradiation': 4, 'Irr_max': 34, 'Rain': 0.0, 'Rain_min_time': 0.0}
2026-03-21 09:06:04,330 - uplink - INFO - Verarbeite Uplink für Gerät: AABBCC01020412
2026-03-21 09:06:04,337 - uplink - INFO - Daten erfolgreich in DB gespeichert für AABBCC01020412: {'Type': 1, 'Battery': 3.85, 'Temperature': 16.9, 'T_min': 16.2, 'T_max': 18.4, 'Humidity': 42.8, 'Pressure': 1012.0, 'Irradiation': 0, 'Irr_max': 10, 'Rain': 0.0, 'Rain_min_time': 0.0}
2026-03-21 09:06:04,535 - uplink - INFO - Verarbeite Uplink für Gerät: AABBCC01020307
2026-03-21 09:06:04,760 - uplink - INFO - Daten erfolgreich in DB gespeichert für AABBCC01020307: {'Type': 1, 'Battery': 3.85, 'Temperature': 18.3, 'T_min': 17.7, 'T_max': 19.5, 'Humidity': 39.8, 'Pressure': 1015.1, 'Irradiation': 4, 'Irr_max': 46, 'Rain': 0.0, 'Rain_min_time': 0.0}
2026-03-21 09:06:12,003 - uplink - INFO - Verarbeite Uplink für Gerät: AABBCC01020316
2026-03-21 09:06:12,012 - uplink - INFO - Daten erfolgreich in DB gespeichert für AABBCC01020316: {'Type': 1, 'Battery': 4.2, 'Temperature': 24.3, 'T_min': 23.4, 'T_max': 24.3, 'Humidity': 53.8, 'Pressure': 1017.25, 'Irradiation': 2, 'Irr_max': 30, 'Rain': 0.0, 'Rain_min_time': 0.0}
2026-03-21 09:06:14,343 - uplink - INFO - Verarbeite Uplink für Gerät: AABBCC01020412
2026-03-21 09:06:14,352 - uplink - INFO - Daten erfolgreich in DB gespeichert für AABBCC01020412: {'Type': 1, 'Battery': 3.85, 'Temperature': 16.9, 'T_min': 15.7, 'T_max': 17.5, 'Humidity': 42.8, 'Pressure': 1012.0, 'Irradiation': 0, 'Irr_max': 24, 'Rain': 0.0, 'Rain_min_time': 0.0}
2026-03-21 09:06:14,765 - uplink - INFO - Verarbeite Uplink für Gerät: AABBCC01020307
2026-03-21 09:06:14,772 - uplink - INFO - Daten erfolgreich in DB gespeichert für AABBCC01020307: {'Type': 1, 'Battery': 3.85, 'Temperature': 18.3, 'T_min': 18.0, 'T_max': 19.1, 'Humidity': 39.8, 'Pressure': 1015.1, 'Irradiation': 6, 'Irr_max': 8, 'Rain': 0.0, 'Rain_min_time': 0.0}
2026-03-21 09:06:22,032 - uplink - INFO - Verarbeite Uplink für Gerät: AABBCC01020316
2026-03-21 09:06:22,039 - uplink - INFO - Daten erfolgreich in DB gespeichert für AABBCC01020316: {'Type': 1, 'Battery': 4.2, 'Temperature': 24.3, 'T_min': 23.1, 'T_max': 24.5, 'Humidity': 53.8, 'Pressure': 1017.25, 'Irradiation': 0, 'Irr_max': 42, 'Rain': 0.0, 'Rain_min_time': 0.0}
2026-03-21 09:06:24,367 - uplink - INFO - Verarbeite Uplink für Gerät: AABBCC01020412
2026-03-21 09:06:24,598 - uplink - INFO - Daten erfolgreich in DB gespeichert für AABBCC01020412: {'Type': 1, 'Battery': 3.85, 'Temperature': 16.9, 'T_min': 16.3, 'T_max': 18.2, 'Humidity': 42.8, 'Pressure': 1012.0, 'Irradiation': 0, 'Irr_max': 0, 'Rain': 0.0, 'Rain_min_time': 0.0}
2026-03-21 09:06:24,778 - uplink - INFO - Verarbeite Uplink für Gerät: AABBCC01020307
2026-03-21 09:06:25,079 - uplink - INFO - Daten erfolgreich in DB gespeichert für AABBCC01020307: {'Type': 1, 'Battery': 3.85, 'Temperature': 18.3, 'T_min': 18.2, 'T_max': 19.4, 'Humidity': 39.8, 'Pressure': 1015.1, 'Irradiation': 4, 'Irr_max': 24, 'Rain': 0.0, 'Rain_min_time': 0.0}
2026-03-21 09:06:32,061 - uplink - INFO - Verarbeite Uplink für Gerät: AABBCC01020316
2026-03-21 09:06:32,069 - uplink - INFO - Daten erfolgreich in DB gespeichert für AABBCC01020316: {'Type': 1, 'Battery': 4.2, 'Temperature': 24.3, 'T_min': 23.9, 'T_max': 24.6, 'Humidity': 53.8, 'Pressure': 1017.25, 'Irradiation': 0, 'Irr_max': 42, 'Rain': 0.0, 'Rain_min_time': 0.0}
2026-03-21 09:06:34,624 - uplink - INFO - Verarbeite Uplink für Gerät: AABBCC01020412
2026-03-21 09:06:34,633 - uplink - INFO - Daten erfolgreich in DB gespeichert für AABBCC01020412: {'Type': 1, 'Battery': 3.85, 'Temperature': 16.9, 'T_min': 15.8, 'T_max': 17.0, 'Humidity': 42.8, 'Pressure': 1012.0, 'Irradiation': 0, 'Irr_max': 40, 'Rain': 0.0, 'Rain_min_time': 0.0}
2026-03-21 09:06:35,105 - uplink - INFO - Verarbeite Uplink für Gerät: AABBCC01020307
2026-03-21 09:06:35,114 - uplink - INFO - Daten erfolgreich in DB gespeichert für AABBCC01020307: {'Type': 1, 'Battery': 3.85, 'Temperature': 18.3, 'T_min': 18.1, 'T_max': 18.9, 'Humidity': 39.8, 'Pressure': 1015.1, 'Irradiation': 2, 'Irr_max': 34, 'Rain': 0.0, 'Rain_min_time': 0.0}
2026-03-21 09:06:42,073 - uplink - INFO - Verarbeite Uplink für Gerät: AABBCC01020316
2026-03-21 09:06:42,081 - uplink - INFO - Daten erfolgreich in DB gespeichert für AABBCC01020316: {'Type': 1, 'Battery': 4.2, 'Temperature': 24.3, 'T_min': 23.1, 'T_max': 24.5, 'Humidity': 53.8, 'Pressure': 1017.25, 'Irradiation': 0, 'Irr_max': 30, 'Rain': 0.0, 'Rain_min_time': 0.0}
2026-03-21 09:06:44,638 - uplink - INFO - Verarbeite Uplink für Gerät: AABBCC01020412
2026-03-21 09:06:44,646 - uplink - INFO - Daten erfolgreich in DB gespeichert für AABBCC01020412: {'Type': 1, 'Battery': 3.85, 'Temperature': 16.9, 'T_min': 15.7, 'T_max': 18.3, 'Humidity': 43.0, 'Pressure': 1012.0, 'Irradiation': 0, 'Irr_max': 6, 'Rain': 0.0, 'Rain_min_time': 0.0}
2026-03-21 09:06:45,119 - uplink - INFO - Verarbeite Uplink für Gerät: AABBCC01020307
2026-03-21 09:06:45,127 - uplink - INFO - Daten erfolgreich in DB gespeichert für AABBCC01020307: {'Type': 1, 'Battery': 3.85, 'Temperature': 18.3, 'T_min': 18.2, 'T_max': 19.3, 'Humidity': 39.8, 'Pressure': 1015.1, 'Irradiation': 2, 'Irr_max': 20, 'Rain': 0.0, 'Rain_min_time': 0.0}
2026-03-21 09:06:52,086 - uplink - INFO - Verarbeite Uplink für Gerät: AABBCC01020316
2026-03-21 09:06:52,096 - uplink - INFO - Daten erfolgreich in DB gespeichert für AABBCC01020316: {'Type': 1, 'Battery': 4.2, 'Temperature': 24.3, 'T_min': 23.0, 'T_max': 25.1, 'Humidity': 53.8, 'Pressure': 1017.25, 'Irradiation': 2, 'Irr_max': 16, 'Rain': 0.0, 'Rain_min_time': 0.0}
2026-03-21 09:06:54,651 - uplink - INFO - Verarbeite Uplink für Gerät: AABBCC01020412
2026-03-21 09:06:54,658 - uplink - INFO - Daten erfolgreich in DB gespeichert für AABBCC01020412: {'Type': 1, 'Battery': 3.85, 'Temperature': 16.9, 'T_min': 16.7, 'T_max': 18.4, 'Humidity': 43.0, 'Pressure': 1012.0, 'Irradiation': 0, 'Irr_max': 32, 'Rain': 0.0, 'Rain_min_time': 0.0}
2026-03-21 09:06:55,146 - uplink - INFO - Verarbeite Uplink für Gerät: AABBCC01020307
2026-03-21 09:06:55,155 - uplink - INFO - Daten erfolgreich in DB gespeichert für AABBCC01020307: {'Type': 1, 'Battery': 3.85, 'Temperature': 18.3, 'T_min': 17.2, 'T_max': 18.4, 'Humidity': 39.8, 'Pressure': 1015.1, 'Irradiation': 4, 'Irr_max': 8, 'Rain': 0.0, 'Rain_min_time': 0.0}
2026-03-21 09:07:02,110 - uplink - INFO - Verarbeite Uplink für Gerät: AABBCC01020316
2026-03-21 09:07:02,119 - uplink - INFO - Daten erfolgreich in DB gespeichert für AABBCC01020316: {'Type': 1, 'Battery': 4.2, 'Temperature': 24.3, 'T_min': 23.5, 'T_max': 24.4, 'Humidity': 53.8, 'Pressure': 1017.25, 'Irradiation': 2, 'Irr_max': 6, 'Rain': 4.0, 'Rain_min_time': 0.0}
2026-03-21 09:07:04,662 - uplink - INFO - Verarbeite Uplink für Gerät: AABBCC01020412
2026-03-21 09:07:04,670 - uplink - INFO - Daten erfolgreich in DB gespeichert für AABBCC01020412: {'Type': 1, 'Battery': 3.85, 'Temperature': 16.9, 'T_min': 16.2, 'T_max': 17.0, 'Humidity': 43.0, 'Pressure': 1012.0, 'Irradiation': 2, 'Irr_max': 42, 'Rain': 0.0, 'Rain_min_time': 0.0}
2026-03-21 09:07:05,180 - uplink - INFO - Verarbeite Uplink für Gerät: AABBCC01020307
2026-03-21 09:07:05,187 - uplink - INFO - Daten erfolgreich in DB gespeichert für AABBCC01020307: {'Type': 1, 'Battery': 3.85, 'Temperature': 18.3, 'T_min': 17.1, 'T_max': 18.7, 'Humidity': 39.8, 'Pressure': 1015.1, 'Irradiation': 0, 'Irr_max': 44, 'Rain': 0.0, 'Rain_min_time': 0.0}
2026-03-21 09:07:12,142 - uplink - INFO - Verarbeite Uplink für Gerät: AABBCC01020316
2026-03-21 09:07:12,151 - uplink - INFO - Daten erfolgreich in DB gespeichert für AABBCC01020316: {'Type': 1, 'Battery': 4.2, 'Temperature': 24.3, 'T_min': 23.5, 'T_max': 24.9, 'Humidity': 53.8, 'Pressure': 1017.25, 'Irradiation': 2, 'Irr_max': 48, 'Rain': 0.0, 'Rain_min_time': 0.0}
2026-03-21 09:07:14,675 - uplink - INFO - Verarbeite Uplink für Gerät: AABBCC01020412
2026-03-21 09:07:14,683 - uplink - INFO - Daten erfolgreich in DB gespeichert für AABBCC01020412: {'Type': 1, 'Battery': 3.85, 'Temperature': 16.9, 'T_min': 16.6, 'T_max': 18.3, 'Humidity': 43.0, 'Pressure': 1012.0, 'Irradiation': 2, 'Irr_max': 6, 'Rain': 0.0, 'Rain_min_time': 0.0}
2026-03-21 09:07:15,192 - uplink - INFO - Verarbeite Uplink für Gerät: AABBCC01020307
2026-03-21 09:07:15,199 - uplink - INFO - Daten erfolgreich in DB gespeichert für AABBCC01020307: {'Type': 1, 'Battery': 3.85, 'Temperature': 18.3, 'T_min': 16.9, 'T_max': 18.8, 'Humidity': 39.8, 'Pressure': 1015.1, 'Irradiation': 0, 'Irr_max': 46, 'Rain': 0.0, 'Rain_min_time': 0.0}
2026-03-21 09:07:22,157 - uplink - INFO - Verarbeite Uplink für Gerät: AABBCC01020316
2026-03-21 09:07:22,165 - uplink - INFO - Daten erfolgreich in DB gespeichert für AABBCC01020316: {'Type': 1, 'Battery': 4.2, 'Temperature': 24.3, 'T_min': 23.7, 'T_max': 24.8, 'Humidity': 53.8, 'Pressure': 1017.25, 'Irradiation': 2, 'Irr_max': 42, 'Rain': 0.0, 'Rain_min_time': 0.0}
2026-03-21 09:07:24,689 - uplink - INFO - Verarbeite Uplink für Gerät: AABBCC01020412
2026-03-21 09:07:24,698 - uplink - INFO - Daten erfolgreich in DB gespeichert für AABBCC01020412: {'Type': 1, 'Battery': 3.85, 'Temperature': 16.9, 'T_min': 15.8, 'T_max': 17.4, 'Humidity': 43.0, 'Pressure': 1012.0, 'Irradiation': 0, 'Irr_max': 40, 'Rain': 0.0, 'Rain_min_time': 0.0}
2026-03-21 09:07:25,222 - uplink - INFO - Verarbeite Uplink für Gerät: AABBCC01020307
2026-03-21 09:07:25,229 - uplink - INFO - Daten erfolgreich in DB gespeichert für AABBCC01020307: {'Type': 1, 'Battery': 3.85, 'Temperature': 18.3, 'T_min': 17.5, 'T_max': 19.7, 'Humidity': 39.8, 'Pressure': 1015.1, 'Irradiation': 2, 'Irr_max': 36, 'Rain': 0.0, 'Rain_min_time': 0.0}
2026-03-21 09:07:32,171 - uplink - INFO - Verarbeite Uplink für Gerät: AABBCC01020316
2026-03-21 09:07:32,179 - uplink - INFO - Daten erfolgreich in DB gespeichert für AABBCC01020316: {'Type': 1, 'Battery': 4.2, 'Temperature': 24.3, 'T_min': 23.3, 'T_max': 25.6, 'Humidity': 53.8, 'Pressure': 1017.25, 'Irradiation': 2, 'Irr_max': 48, 'Rain': 0.0, 'Rain_min_time': 0.0}
2026-03-21 09:07:34,721 - uplink - INFO - Verarbeite Uplink für Gerät: AABBCC01020412
2026-03-21 09:07:34,730 - uplink - INFO - Daten erfolgreich in DB gespeichert für AABBCC01020412: {'Type': 1, 'Battery': 3.85, 'Temperature': 16.9, 'T_min': 16.6, 'T_max': 18.2, 'Humidity': 43.0, 'Pressure': 1012.0, 'Irradiation': 0, 'Irr_max': 28, 'Rain': 0.0, 'Rain_min_time': 0.0}
2026-03-21 09:07:35,233 - uplink - INFO - Verarbeite Uplink für Gerät: AABBCC01020307
2026-03-21 09:07:35,241 - uplink - INFO - Daten erfolgreich in DB gespeichert für AABBCC01020307: {'Type': 1, 'Battery': 3.85, 'Temperature': 18.3, 'T_min': 17.2, 'T_max': 19.1, 'Humidity': 39.8, 'Pressure': 1015.1, 'Irradiation': 2, 'Irr_max': 38, 'Rain': 0.0, 'Rain_min_time': 0.0}
2026-03-21 09:07:42,194 - uplink - INFO - Verarbeite Uplink für Gerät: AABBCC01020316
2026-03-21 09:07:42,201 - uplink - INFO - Daten erfolgreich in DB gespeichert für AABBCC01020316: {'Type': 1, 'Battery': 4.2, 'Temperature': 24.3, 'T_min': 22.8, 'T_max': 25.0, 'Humidity': 53.8, 'Pressure': 1017.25, 'Irradiation': 4, 'Irr_max': 8, 'Rain': 5.0, 'Rain_min_time': 0.0}
2026-03-21 09:07:44,753 - uplink - INFO - Verarbeite Uplink für Gerät: AABBCC01020412
2026-03-21 09:07:44,760 - uplink - INFO - Daten erfolgreich in DB gespeichert für AABBCC01020412: {'Type': 1, 'Battery': 3.85, 'Temperature': 16.9, 'T_min': 16.2, 'T_max': 17.7, 'Humidity': 43.0, 'Pressure': 1012.0, 'Irradiation': 2, 'Irr_max': 40, 'Rain': 0.0, 'Rain_min_time': 0.0}
2026-03-21 09:07:45,246 - uplink - INFO - Verarbeite Uplink für Gerät: AABBCC01020307
2026-03-21 09:07:45,253 - uplink - INFO - Daten erfolgreich in DB gespeichert für AABBCC01020307: {'Type': 1, 'Battery': 3.85, 'Temperature': 18.3, 'T_min': 17.3, 'T_max': 19.3, 'Humidity': 39.8, 'Pressure': 1015.1, 'Irradiation': 2, 'Irr_max': 28, 'Rain': 2.0, 'Rain_min_time': 0.0}
2026-03-21 09:07:52,207 - uplink - INFO - Verarbeite Uplink für Gerät: AABBCC01020316
2026-03-21 09:07:52,217 - uplink - INFO - Daten erfolgreich in DB gespeichert für AABBCC01020316: {'Type': 1, 'Battery': 4.2, 'Temperature': 24.3, 'T_min': 23.2, 'T_max': 25.6, 'Humidity': 53.8, 'Pressure': 1017.25, 'Irradiation': 4, 'Irr_max': 50, 'Rain': 0.0, 'Rain_min_time': 0.0}
2026-03-21 09:07:54,784 - uplink - INFO - Verarbeite Uplink für Gerät: AABBCC01020412
2026-03-21 09:07:54,791 - uplink - INFO - Daten erfolgreich in DB gespeichert für AABBCC01020412: {'Type': 1, 'Battery': 3.85, 'Temperature': 16.9, 'T_min': 15.9, 'T_max': 17.4, 'Humidity': 43.0, 'Pressure': 1012.0, 'Irradiation': 2, 'Irr_max': 42, 'Rain': 0.0, 'Rain_min_time': 0.0}
2026-03-21 09:07:55,268 - uplink - INFO - Verarbeite Uplink für Gerät: AABBCC01020307
2026-03-21 09:07:55,275 - uplink - INFO - Daten erfolgreich in DB gespeichert für AABBCC01020307: {'Type': 1, 'Battery': 3.85, 'Temperature': 18.3, 'T_min': 17.8, 'T_max': 19.6, 'Humidity': 39.8, 'Pressure': 1015.1, 'Irradiation': 2, 'Irr_max': 4, 'Rain': 0.0, 'Rain_min_time': 0.0}
2026-03-21 09:08:02,240 - uplink - INFO - Verarbeite Uplink für Gerät: AABBCC01020316
2026-03-21 09:08:02,247 - uplink - INFO - Daten erfolgreich in DB gespeichert für AABBCC01020316: {'Type': 1, 'Battery': 4.2, 'Temperature': 24.3, 'T_min': 24.1, 'T_max': 25.7, 'Humidity': 53.8, 'Pressure': 1017.25, 'Irradiation': 4, 'Irr_max': 18, 'Rain': 0.0, 'Rain_min_time': 0.0}
2026-03-21 09:08:04,814 - uplink - INFO - Verarbeite Uplink für Gerät: AABBCC01020412
2026-03-21 09:08:04,821 - uplink - INFO - Daten erfolgreich in DB gespeichert für AABBCC01020412: {'Type': 1, 'Battery': 3.85, 'Temperature': 16.9, 'T_min': 15.4, 'T_max': 17.6, 'Humidity': 43.0, 'Pressure': 1012.0, 'Irradiation': 0, 'Irr_max': 26, 'Rain': 0.0, 'Rain_min_time': 0.0}
2026-03-21 09:08:05,279 - uplink - INFO - Verarbeite Uplink für Gerät: AABBCC01020307
2026-03-21 09:08:05,286 - uplink - INFO - Daten erfolgreich in DB gespeichert für AABBCC01020307: {'Type': 1, 'Battery': 3.85, 'Temperature': 18.3, 'T_min': 17.7, 'T_max': 19.2, 'Humidity': 39.8, 'Pressure': 1015.1, 'Irradiation': 4, 'Irr_max': 14, 'Rain': 0.0, 'Rain_min_time': 0.0}
2026-03-21 09:08:12,270 - uplink - INFO - Verarbeite Uplink für Gerät: AABBCC01020316
2026-03-21 09:08:12,279 - uplink - INFO - Daten erfolgreich in DB gespeichert für AABBCC01020316: {'Type': 1, 'Battery': 4.2, 'Temperature': 24.3, 'T_min': 23.4, 'T_max': 24.7, 'Humidity': 54.0, 'Pressure': 1017.25, 'Irradiation': 6, 'Irr_max': 38, 'Rain': 0.0, 'Rain_min_time': 0.0}
2026-03-21 09:08:14,827 - uplink - INFO - Verarbeite Uplink für Gerät: AABBCC01020412
2026-03-21 09:08:14,834 - uplink - INFO - Daten erfolgreich in DB gespeichert für AABBCC01020412: {'Type': 1, 'Battery': 3.85, 'Temperature': 16.9, 'T_min': 16.3, 'T_max': 17.4, 'Humidity': 43.0, 'Pressure': 1012.0, 'Irradiation': 0, 'Irr_max': 20, 'Rain': 0.0, 'Rain_min_time': 0.0}
2026-03-21 09:08:15,309 - uplink - INFO - Verarbeite Uplink für Gerät: AABBCC01020307
2026-03-21 09:08:15,316 - uplink - INFO - Daten erfolgreich in DB gespeichert für AABBCC01020307: {'Type': 1, 'Battery': 3.85, 'Temperature': 18.3, 'T_min': 17.1, 'T_max': 19.0, 'Humidity': 39.8, 'Pressure': 1015.1, 'Irradiation': 2, 'Irr_max': 42, 'Rain': 0.0, 'Rain_min_time': 0.0}
2026-03-21 09:08:22,294 - uplink - INFO - Verarbeite Uplink für Gerät: AABBCC01020316
2026-03-21 09:08:22,302 - uplink - INFO - Daten erfolgreich in DB gespeichert für AABBCC01020316: {'Type': 1, 'Battery': 4.2, 'Temperature': 24.3, 'T_min': 23.7, 'T_max': 25.5, 'Humidity': 54.0, 'Pressure': 1017.25, 'Irradiation': 4, 'Irr_max': 36, 'Rain': 0.0, 'Rain_min_time': 0.0}
2026-03-21 09:08:24,839 - uplink - INFO - Verarbeite Uplink für Gerät: AABBCC01020412
2026-03-21 09:08:24,847 - uplink - INFO - Daten erfolgreich in DB gespeichert für AABBCC01020412: {'Type': 1, 'Battery': 3.85, 'Temperature': 16.9, 'T_min': 15.6, 'T_max': 17.9, 'Humidity': 43.0, 'Pressure': 1012.0, 'Irradiation': 0, 'Irr_max': 30, 'Rain': 0.0, 'Rain_min_time': 0.0}
2026-03-21 09:08:25,342 - uplink - INFO - Verarbeite Uplink für Gerät: AABBCC01020307
2026-03-21 09:08:25,349 - uplink - INFO - Daten erfolgreich in DB gespeichert für AABBCC01020307: {'Type': 1, 'Battery': 3.85, 'Temperature': 18.3, 'T_min': 17.6, 'T_max': 19.5, 'Humidity': 39.8, 'Pressure': 1015.1, 'Irradiation': 0, 'Irr_max': 8, 'Rain': 0.0, 'Rain_min_time': 0.0}
2026-03-21 09:08:32,308 - uplink - INFO - Verarbeite Uplink für Gerät: AABBCC01020316
2026-03-21 09:08:32,315 - uplink - INFO - Daten erfolgreich in DB gespeichert für AABBCC01020316: {'Type': 1, 'Battery': 4.2, 'Temperature': 24.3, 'T_min': 22.9, 'T_max': 24.4, 'Humidity': 53.8, 'Pressure': 1017.25, 'Irradiation': 6, 'Irr_max': 26, 'Rain': 0.0, 'Rain_min_time': 0.0}
2026-03-21 09:08:34,851 - uplink - INFO - Verarbeite Uplink für Gerät: AABBCC01020412
2026-03-21 09:08:34,858 - uplink - INFO - Daten erfolgreich in DB gespeichert für AABBCC01020412: {'Type': 1, 'Battery': 3.85, 'Temperature': 16.9, 'T_min': 16.4, 'T_max': 18.3, 'Humidity': 43.0, 'Pressure': 1012.0, 'Irradiation': 0, 'Irr_max': 42, 'Rain': 0.0, 'Rain_min_time': 0.0}
2026-03-21 09:08:35,365 - uplink - INFO - Verarbeite Uplink für Gerät: AABBCC01020307
2026-03-21 09:08:35,372 - uplink - INFO - Daten erfolgreich in DB gespeichert für AABBCC01020307: {'Type': 1, 'Battery': 3.85, 'Temperature': 18.3, 'T_min': 17.6, 'T_max': 19.4, 'Humidity': 39.8, 'Pressure': 1015.1, 'Irradiation': 0, 'Irr_max': 10, 'Rain': 0.0, 'Rain_min_time': 0.0}
2026-03-21 09:08:42,327 - uplink - INFO - Verarbeite Uplink für Gerät: AABBCC01020316
2026-03-21 09:08:42,335 - uplink - INFO - Daten erfolgreich in DB gespeichert für AABBCC01020316: {'Type': 1, 'Battery': 4.2, 'Temperature': 24.3, 'T_min': 24.0, 'T_max': 25.5, 'Humidity': 53.8, 'Pressure': 1017.25, 'Irradiation': 6, 'Irr_max': 32, 'Rain': 1.0, 'Rain_min_time': 0.0}
2026-03-21 09:08:44,864 - uplink - INFO - Verarbeite Uplink für Gerät: AABBCC01020412
2026-03-21 09:08:44,871 - uplink - INFO - Daten erfolgreich in DB gespeichert für AABBCC01020412: {'Type': 1, 'Battery': 3.85, 'Temperature': 16.9, 'T_min': 16.8, 'T_max': 17.4, 'Humidity': 43.0, 'Pressure': 1012.0, 'Irradiation': 2, 'Irr_max': 42, 'Rain': 0.0, 'Rain_min_time': 0.0}
2026-03-21 09:08:45,395 - uplink - INFO - Verarbeite Uplink für Gerät: AABBCC01020307
2026-03-21 09:08:45,403 - uplink - INFO - Daten erfolgreich in DB gespeichert für AABBCC01020307: {'Type': 1, 'Battery': 3.85, 'Temperature': 18.3, 'T_min': 17.3, 'T_max': 18.5, 'Humidity': 39.8, 'Pressure': 1015.1, 'Irradiation': 0, 'Irr_max': 16, 'Rain': 0.0, 'Rain_min_time': 0.0}
2026-03-21 09:08:52,355 - uplink - INFO - Verarbeite Uplink für Gerät: AABBCC01020316
2026-03-21 09:08:52,378 - uplink - INFO - Daten erfolgreich in DB gespeichert für AABBCC01020316: {'Type': 1, 'Battery': 4.2, 'Temperature': 24.3, 'T_min': 22.9, 'T_max': 25.8, 'Humidity': 53.8, 'Pressure': 1017.25, 'Irradiation': 8, 'Irr_max': 42, 'Rain': 0.0, 'Rain_min_time': 0.0}
2026-03-21 09:08:54,891 - uplink - INFO - Verarbeite Uplink für Gerät: AABBCC01020412
2026-03-21 09:08:54,899 - uplink - INFO - Daten erfolgreich in DB gespeichert für AABBCC01020412: {'Type': 1, 'Battery': 3.85, 'Temperature': 16.9, 'T_min': 15.5, 'T_max': 17.4, 'Humidity': 43.0, 'Pressure': 1012.0, 'Irradiation': 0, 'Irr_max': 32, 'Rain': 0.0, 'Rain_min_time': 0.0}
2026-03-21 09:08:55,408 - uplink - INFO - Verarbeite Uplink für Gerät: AABBCC01020307
2026-03-21 09:08:55,417 - uplink - INFO - Daten erfolgreich in DB gespeichert für AABBCC01020307: {'Type': 1, 'Battery': 3.85, 'Temperature': 18.3, 'T_min': 17.4, 'T_max': 19.6, 'Humidity': 40.0, 'Pressure': 1015.1, 'Irradiation': 0, 'Irr_max': 10, 'Rain': 0.0, 'Rain_min_time': 0.0}
2026-03-21 09:09:02,398 - uplink - INFO - Verarbeite Uplink für Gerät: AABBCC01020316
2026-03-21 09:09:02,506 - uplink - INFO - Daten erfolgreich in DB gespeichert für AABBCC01020316: {'Type': 1, 'Battery': 4.2, 'Temperature': 24.3, 'T_min': 23.9, 'T_max': 24.9, 'Humidity': 53.8, 'Pressure': 1017.25, 'Irradiation': 8, 'Irr_max': 56, 'Rain': 0.0, 'Rain_min_time': 0.0}
2026-03-21 09:09:04,922 - uplink - INFO - Verarbeite Uplink für Gerät: AABBCC01020412
2026-03-21 09:09:04,930 - uplink - INFO - Daten erfolgreich in DB gespeichert für AABBCC01020412: {'Type': 1, 'Battery': 3.85, 'Temperature': 16.9, 'T_min': 15.5, 'T_max': 17.9, 'Humidity': 43.0, 'Pressure': 1012.0, 'Irradiation': 0, 'Irr_max': 44, 'Rain': 0.0, 'Rain_min_time': 0.0}
2026-03-21 09:09:05,430 - uplink - INFO - Verarbeite Uplink für Gerät: AABBCC01020307
2026-03-21 09:09:05,438 - uplink - INFO - Daten erfolgreich in DB gespeichert für AABBCC01020307: {'Type': 1, 'Battery': 3.85, 'Temperature': 18.3, 'T_min': 18.3, 'T_max': 18.6, 'Humidity': 40.0, 'Pressure': 1015.1, 'Irradiation': 0, 'Irr_max': 38, 'Rain': 0.0, 'Rain_min_time': 0.0}
2026-03-21 09:09:12,522 - uplink - INFO - Verarbeite Uplink für Gerät: AABBCC01020316
2026-03-21 09:09:12,530 - uplink - INFO - Daten erfolgreich in DB gespeichert für AABBCC01020316: {'Type': 1, 'Battery': 4.2, 'Temperature': 24.3, 'T_min': 24.0, 'T_max': 24.8, 'Humidity': 53.8, 'Pressure': 1017.25, 'Irradiation': 10, 'Irr_max': 46, 'Rain': 0.0, 'Rain_min_time': 0.0}
2026-03-21 09:09:14,935 - uplink - INFO - Verarbeite Uplink für Gerät: AABBCC01020412
2026-03-21 09:09:14,943 - uplink - INFO - Daten erfolgreich in DB gespeichert für AABBCC01020412: {'Type': 1, 'Battery': 3.85, 'Temperature': 16.9, 'T_min': 16.7, 'T_max': 18.3, 'Humidity': 43.0, 'Pressure': 1012.0, 'Irradiation': 0, 'Irr_max': 8, 'Rain': 0.0, 'Rain_min_time': 0.0}
2026-03-21 09:09:15,461 - uplink - INFO - Verarbeite Uplink für Gerät: AABBCC01020307
2026-03-21 09:09:15,469 - uplink - INFO - Daten erfolgreich in DB gespeichert für AABBCC01020307: {'Type': 1, 'Battery': 3.85, 'Temperature': 18.3, 'T_min': 17.6, 'T_max': 19.4, 'Humidity': 39.8, 'Pressure': 1015.1, 'Irradiation': 0, 'Irr_max': 2, 'Rain': 0.0, 'Rain_min_time': 0.0}
2026-03-21 09:09:22,554 - uplink - INFO - Verarbeite Uplink für Gerät: AABBCC01020316
2026-03-21 09:09:22,562 - uplink - INFO - Daten erfolgreich in DB gespeichert für AABBCC01020316: {'Type': 1, 'Battery': 4.2, 'Temperature': 24.3, 'T_min': 23.5, 'T_max': 24.8, 'Humidity': 53.8, 'Pressure': 1017.25, 'Irradiation': 10, 'Irr_max': 36, 'Rain': 0.0, 'Rain_min_time': 0.0}
2026-03-21 09:09:24,948 - uplink - INFO - Verarbeite Uplink für Gerät: AABBCC01020412
2026-03-21 09:09:24,957 - uplink - INFO - Daten erfolgreich in DB gespeichert für AABBCC01020412: {'Type': 1, 'Battery': 3.85, 'Temperature': 16.9, 'T_min': 16.0, 'T_max': 18.2, 'Humidity': 43.0, 'Pressure': 1012.0, 'Irradiation': 2, 'Irr_max': 30, 'Rain': 0.0, 'Rain_min_time': 0.0}
2026-03-21 09:09:25,474 - uplink - INFO - Verarbeite Uplink für Gerät: AABBCC01020307
2026-03-21 09:09:25,481 - uplink - INFO - Daten erfolgreich in DB gespeichert für AABBCC01020307: {'Type': 1, 'Battery': 3.85, 'Temperature': 18.3, 'T_min': 18.0, 'T_max': 18.8, 'Humidity': 39.8, 'Pressure': 1015.1, 'Irradiation': 2, 'Irr_max': 8, 'Rain': 0.0, 'Rain_min_time': 0.0}
2026-03-21 09:09:32,584 - uplink - INFO - Verarbeite Uplink für Gerät: AABBCC01020316
2026-03-21 09:09:32,591 - uplink - INFO - Daten erfolgreich in DB gespeichert für AABBCC01020316: {'Type': 1, 'Battery': 4.2, 'Temperature': 24.3, 'T_min': 24.1, 'T_max': 25.7, 'Humidity': 53.8, 'Pressure': 1017.25, 'Irradiation': 0, 'Irr_max': 32, 'Rain': 0.0, 'Rain_min_time': 0.0}
2026-03-21 09:09:34,982 - uplink - INFO - Verarbeite Uplink für Gerät: AABBCC01020412
2026-03-21 09:09:34,989 - uplink - INFO - Daten erfolgreich in DB gespeichert für AABBCC01020412: {'Type': 1, 'Battery': 3.85, 'Temperature': 16.9, 'T_min': 16.9, 'T_max': 18.2, 'Humidity': 43.0, 'Pressure': 1012.0, 'Irradiation': 0, 'Irr_max': 18, 'Rain': 0.0, 'Rain_min_time': 0.0}
2026-03-21 09:09:35,505 - uplink - INFO - Verarbeite Uplink für Gerät: AABBCC01020307
2026-03-21 09:09:35,513 - uplink - INFO - Daten erfolgreich in DB gespeichert für AABBCC01020307: {'Type': 1, 'Battery': 3.85, 'Temperature': 18.3, 'T_min': 18.1, 'T_max': 19.4, 'Humidity': 39.8, 'Pressure': 1015.1, 'Irradiation': 2, 'Irr_max': 38, 'Rain': 0.0, 'Rain_min_time': 0.0}
2026-03-21 09:09:42,612 - uplink - INFO - Verarbeite Uplink für Gerät: AABBCC01020316
2026-03-21 09:09:42,620 - uplink - INFO - Daten erfolgreich in DB gespeichert für AABBCC01020316: {'Type': 1, 'Battery': 4.2, 'Temperature': 24.3, 'T_min': 24.3, 'T_max': 24.8, 'Humidity': 53.8, 'Pressure': 1017.25, 'Irradiation': 2, 'Irr_max': 44, 'Rain': 0.0, 'Rain_min_time': 0.0}
2026-03-21 09:09:44,994 - uplink - INFO - Verarbeite Uplink für Gerät: AABBCC01020412
2026-03-21 09:09:45,002 - uplink - INFO - Daten erfolgreich in DB gespeichert für AABBCC01020412: {'Type': 1, 'Battery': 3.85, 'Temperature': 16.9, 'T_min': 15.4, 'T_max': 17.9, 'Humidity': 43.0, 'Pressure': 1012.0, 'Irradiation': 0, 'Irr_max': 36, 'Rain': 0.0, 'Rain_min_time': 0.0}
2026-03-21 09:09:45,532 - uplink - INFO - Verarbeite Uplink für Gerät: AABBCC01020307
2026-03-21 09:09:45,541 - uplink - INFO - Daten erfolgreich in DB gespeichert für AABBCC01020307: {'Type': 1, 'Battery': 3.85, 'Temperature': 18.3, 'T_min': 18.2, 'T_max': 19.7, 'Humidity': 39.8, 'Pressure': 1015.1, 'Irradiation': 2, 'Irr_max': 16, 'Rain': 0.0, 'Rain_min_time': 0.0}
2026-03-21 09:09:52,635 - uplink - INFO - Verarbeite Uplink für Gerät: AABBCC01020316
2026-03-21 09:09:52,643 - uplink - INFO - Daten erfolgreich in DB gespeichert für AABBCC01020316: {'Type': 1, 'Battery': 4.2, 'Temperature': 24.3, 'T_min': 23.6, 'T_max': 25.3, 'Humidity': 53.8, 'Pressure': 1017.25, 'Irradiation': 0, 'Irr_max': 2, 'Rain': 0.0, 'Rain_min_time': 0.0}
2026-03-21 09:09:55,008 - uplink - INFO - Verarbeite Uplink für Gerät: AABBCC01020412
2026-03-21 09:09:55,015 - uplink - INFO - Daten erfolgreich in DB gespeichert für AABBCC01020412: {'Type': 1, 'Battery': 3.85, 'Temperature': 16.9, 'T_min': 16.7, 'T_max': 17.8, 'Humidity': 43.0, 'Pressure': 1012.0, 'Irradiation': 0, 'Irr_max': 16, 'Rain': 0.0, 'Rain_min_time': 0.0}
2026-03-21 09:09:55,546 - uplink - INFO - Verarbeite Uplink für Gerät: AABBCC01020307
2026-03-21 09:09:55,553 - uplink - INFO - Daten erfolgreich in DB gespeichert für AABBCC01020307: {'Type': 1, 'Battery': 3.85, 'Temperature': 18.3, 'T_min': 18.3, 'T_max': 18.9, 'Humidity': 39.8, 'Pressure': 1015.1, 'Irradiation': 0, 'Irr_max': 2, 'Rain': 0.0, 'Rain_min_time': 0.0}
2026-03-21 09:10:02,659 - uplink - INFO - Verarbeite Uplink für Gerät: AABBCC01020316
2026-03-21 09:10:02,667 - uplink - INFO - Daten erfolgreich in DB gespeichert für AABBCC01020316: {'Type': 1, 'Battery': 4.2, 'Temperature': 24.3, 'T_min': 23.6, 'T_max': 25.2, 'Humidity': 53.8, 'Pressure': 1017.25, 'Irradiation': 2, 'Irr_max': 48, 'Rain': 0.0, 'Rain_min_time': 0.0}
2026-03-21 09:10:05,041 - uplink - INFO - Verarbeite Uplink für Gerät: AABBCC01020412
2026-03-21 09:10:05,048 - uplink - INFO - Daten erfolgreich in DB gespeichert für AABBCC01020412: {'Type': 1, 'Battery': 3.85, 'Temperature': 16.9, 'T_min': 15.6, 'T_max': 16.9, 'Humidity': 43.0, 'Pressure': 1012.0, 'Irradiation': 0, 'Irr_max': 12, 'Rain': 0.0, 'Rain_min_time': 0.0}
2026-03-21 09:10:05,575 - uplink - INFO - Verarbeite Uplink für Gerät: AABBCC01020307
2026-03-21 09:10:05,582 - uplink - INFO - Daten erfolgreich in DB gespeichert für AABBCC01020307: {'Type': 1, 'Battery': 3.85, 'Temperature': 18.3, 'T_min': 18.1, 'T_max': 18.6, 'Humidity': 39.8, 'Pressure': 1015.1, 'Irradiation': 0, 'Irr_max': 8, 'Rain': 0.0, 'Rain_min_time': 0.0}
2026-03-21 09:10:12,670 - uplink - INFO - Verarbeite Uplink für Gerät: AABBCC01020316
2026-03-21 09:10:12,677 - uplink - INFO - Daten erfolgreich in DB gespeichert für AABBCC01020316: {'Type': 1, 'Battery': 4.2, 'Temperature': 24.3, 'T_min': 23.8, 'T_max': 24.4, 'Humidity': 53.8, 'Pressure': 1017.25, 'Irradiation': 0, 'Irr_max': 16, 'Rain': 0.0, 'Rain_min_time': 0.0}
2026-03-21 09:10:15,070 - uplink - INFO - Verarbeite Uplink für Gerät: AABBCC01020412
2026-03-21 09:10:15,078 - uplink - INFO - Daten erfolgreich in DB gespeichert für AABBCC01020412: {'Type': 1, 'Battery': 3.85, 'Temperature': 16.9, 'T_min': 15.8, 'T_max': 17.2, 'Humidity': 43.0, 'Pressure': 1012.0, 'Irradiation': 0, 'Irr_max': 32, 'Rain': 0.0, 'Rain_min_time': 0.0}
2026-03-21 09:10:15,597 - uplink - INFO - Verarbeite Uplink für Gerät: AABBCC01020307
2026-03-21 09:10:15,604 - uplink - INFO - Daten erfolgreich in DB gespeichert für AABBCC01020307: {'Type': 1, 'Battery': 3.85, 'Temperature': 18.3, 'T_min': 17.1, 'T_max': 19.0, 'Humidity': 39.8, 'Pressure': 1015.1, 'Irradiation': 0, 'Irr_max': 50, 'Rain': 0.0, 'Rain_min_time': 0.0}
2026-03-21 09:10:22,702 - uplink - INFO - Verarbeite Uplink für Gerät: AABBCC01020316
2026-03-21 09:10:22,710 - uplink - INFO - Daten erfolgreich in DB gespeichert für AABBCC01020316: {'Type': 1, 'Battery': 4.2, 'Temperature': 24.3, 'T_min': 23.5, 'T_max': 25.0, 'Humidity': 53.8, 'Pressure': 1017.25, 'Irradiation': 0, 'Irr_max': 2, 'Rain': 0.0, 'Rain_min_time': 0.0}
2026-03-21 09:10:25,098 - uplink - INFO - Verarbeite Uplink für Gerät: AABBCC01020412
2026-03-21 09:10:25,106 - uplink - INFO - Daten erfolgreich in DB gespeichert für AABBCC01020412: {'Type': 1, 'Battery': 3.85, 'Temperature': 16.9, 'T_min': 16.5, 'T_max': 17.7, 'Humidity': 43.0, 'Pressure': 1012.0, 'Irradiation': 0, 'Irr_max': 34, 'Rain': 0.0, 'Rain_min_time': 0.0}
2026-03-21 09:10:25,609 - uplink - INFO - Verarbeite Uplink für Gerät: AABBCC01020307
2026-03-21 09:10:25,617 - uplink - INFO - Daten erfolgreich in DB gespeichert für AABBCC01020307: {'Type': 1, 'Battery': 3.85, 'Temperature': 18.3, 'T_min': 17.7, 'T_max': 19.3, 'Humidity': 39.8, 'Pressure': 1015.1, 'Irradiation': 0, 'Irr_max': 0, 'Rain': 0.0, 'Rain_min_time': 0.0}
2026-03-21 09:10:32,728 - uplink - INFO - Verarbeite Uplink für Gerät: AABBCC01020316
2026-03-21 09:10:32,735 - uplink - INFO - Daten erfolgreich in DB gespeichert für AABBCC01020316: {'Type': 1, 'Battery': 4.2, 'Temperature': 24.3, 'T_min': 23.0, 'T_max': 24.5, 'Humidity': 53.8, 'Pressure': 1017.25, 'Irradiation': 0, 'Irr_max': 4, 'Rain': 0.0, 'Rain_min_time': 0.0}
2026-03-21 09:10:35,129 - uplink - INFO - Verarbeite Uplink für Gerät: AABBCC01020412
2026-03-21 09:10:35,137 - uplink - INFO - Daten erfolgreich in DB gespeichert für AABBCC01020412: {'Type': 1, 'Battery': 3.85, 'Temperature': 16.9, 'T_min': 16.2, 'T_max': 17.0, 'Humidity': 43.0, 'Pressure': 1012.0, 'Irradiation': 2, 'Irr_max': 46, 'Rain': 0.0, 'Rain_min_time': 0.0}
2026-03-21 09:10:35,643 - uplink - INFO - Verarbeite Uplink für Gerät: AABBCC01020307
2026-03-21 09:10:35,650 - uplink - INFO - Daten erfolgreich in DB gespeichert für AABBCC01020307: {'Type': 1, 'Battery': 3.85, 'Temperature': 18.3, 'T_min': 17.2, 'T_max': 19.5, 'Humidity': 39.8, 'Pressure': 1015.1, 'Irradiation': 0, 'Irr_max': 26, 'Rain': 0.0, 'Rain_min_time': 0.0}
2026-03-21 09:10:42,762 - uplink - INFO - Verarbeite Uplink für Gerät: AABBCC01020316
2026-03-21 09:10:42,770 - uplink - INFO - Daten erfolgreich in DB gespeichert für AABBCC01020316: {'Type': 1, 'Battery': 4.2, 'Temperature': 24.3, 'T_min': 24.2, 'T_max': 25.7, 'Humidity': 53.8, 'Pressure': 1017.25, 'Irradiation': 0, 'Irr_max': 22, 'Rain': 0.0, 'Rain_min_time': 0.0}
2026-03-21 09:10:45,166 - uplink - INFO - Verarbeite Uplink für Gerät: AABBCC01020412
2026-03-21 09:10:45,174 - uplink - INFO - Daten erfolgreich in DB gespeichert für AABBCC01020412: {'Type': 1, 'Battery': 3.85, 'Temperature': 16.9, 'T_min': 16.7, 'T_max': 17.9, 'Humidity': 43.0, 'Pressure': 1012.0, 'Irradiation': 2, 'Irr_max': 32, 'Rain': 2.0, 'Rain_min_time': 0.0}
2026-03-21 09:10:45,677 - uplink - INFO - Verarbeite Uplink für Gerät: AABBCC01020307
2026-03-21 09:10:45,684 - uplink - INFO - Daten erfolgreich in DB gespeichert für AABBCC01020307: {'Type': 1, 'Battery': 3.85, 'Temperature': 18.3, 'T_min': 17.9, 'T_max': 18.8, 'Humidity': 39.8, 'Pressure': 1015.1, 'Irradiation': 0, 'Irr_max': 16, 'Rain': 0.0, 'Rain_min_time': 0.0}
2026-03-21 09:10:52,784 - uplink - INFO - Verarbeite Uplink für Gerät: AABBCC01020316
2026-03-21 09:10:52,792 - uplink - INFO - Daten erfolgreich in DB gespeichert für AABBCC01020316: {'Type': 1, 'Battery': 4.2, 'Temperature': 24.3, 'T_min': 23.8, 'T_max': 25.7, 'Humidity': 53.8, 'Pressure': 1017.25, 'Irradiation': 2, 'Irr_max': 46, 'Rain': 0.0, 'Rain_min_time': 0.0}
2026-03-21 09:10:55,179 - uplink - INFO - Verarbeite Uplink für Gerät: AABBCC01020412
2026-03-21 09:10:55,188 - uplink - INFO - Daten erfolgreich in DB gespeichert für AABBCC01020412: {'Type': 1, 'Battery': 3.85, 'Temperature': 16.9, 'T_min': 16.6, 'T_max': 17.8, 'Humidity': 43.0, 'Pressure': 1012.0, 'Irradiation': 0, 'Irr_max': 48, 'Rain': 0.0, 'Rain_min_time': 0.0}
2026-03-21 09:10:55,689 - uplink - INFO - Verarbeite Uplink für Gerät: AABBCC01020307
2026-03-21 09:10:55,697 - uplink - INFO - Daten erfolgreich in DB gespeichert für AABBCC01020307: {'Type': 1, 'Battery': 3.85, 'Temperature': 18.3, 'T_min': 17.1, 'T_max': 18.8, 'Humidity': 39.8, 'Pressure': 1015.1, 'Irradiation': 0, 'Irr_max': 24, 'Rain': 0.0, 'Rain_min_time': 0.0}
2026-03-21 09:11:02,820 - uplink - INFO - Verarbeite Uplink für Gerät: AABBCC01020316
2026-03-21 09:11:02,828 - uplink - INFO - Daten erfolgreich in DB gespeichert für AABBCC01020316: {'Type': 1, 'Battery': 4.2, 'Temperature': 24.3, 'T_min': 22.9, 'T_max': 25.4, 'Humidity': 53.8, 'Pressure': 1017.25, 'Irradiation': 2, 'Irr_max': 46, 'Rain': 2.0, 'Rain_min_time': 0.0}
2026-03-21 09:11:05,207 - uplink - INFO - Verarbeite Uplink für Gerät: AABBCC01020412
2026-03-21 09:11:05,215 - uplink - INFO - Daten erfolgreich in DB gespeichert für AABBCC01020412: {'Type': 1, 'Battery': 3.85, 'Temperature': 16.9, 'T_min': 16.8, 'T_max': 17.3, 'Humidity': 43.0, 'Pressure': 1012.0, 'Irradiation': 2, 'Irr_max': 20, 'Rain': 0.0, 'Rain_min_time': 0.0}
2026-03-21 09:11:05,700 - uplink - INFO - Verarbeite Uplink für Gerät: AABBCC01020307
2026-03-21 09:11:05,709 - uplink - INFO - Daten erfolgreich in DB gespeichert für AABBCC01020307: {'Type': 1, 'Battery': 3.85, 'Temperature': 18.3, 'T_min': 17.3, 'T_max': 19.1, 'Humidity': 39.8, 'Pressure': 1015.1, 'Irradiation': 0, 'Irr_max': 30, 'Rain': 0.0, 'Rain_min_time': 0.0}
2026-03-21 09:11:12,842 - uplink - INFO - Verarbeite Uplink für Gerät: AABBCC01020316
2026-03-21 09:11:12,851 - uplink - INFO - Daten erfolgreich in DB gespeichert für AABBCC01020316: {'Type': 1, 'Battery': 4.2, 'Temperature': 24.3, 'T_min': 23.8, 'T_max': 25.2, 'Humidity': 53.8, 'Pressure': 1017.25, 'Irradiation': 2, 'Irr_max': 14, 'Rain': 4.0, 'Rain_min_time': 0.0}
2026-03-21 09:11:15,233 - uplink - INFO - Verarbeite Uplink für Gerät: AABBCC01020412
2026-03-21 09:11:15,241 - uplink - INFO - Daten erfolgreich in DB gespeichert für AABBCC01020412: {'Type': 1, 'Battery': 3.85, 'Temperature': 16.9, 'T_min': 15.6, 'T_max': 18.2, 'Humidity': 43.0, 'Pressure': 1012.0, 'Irradiation': 2, 'Irr_max': 44, 'Rain': 0.0, 'Rain_min_time': 0.0}
2026-03-21 09:11:15,733 - uplink - INFO - Verarbeite Uplink für Gerät: AABBCC01020307
2026-03-21 09:11:15,740 - uplink - INFO - Daten erfolgreich in DB gespeichert für AABBCC01020307: {'Type': 1, 'Battery': 3.85, 'Temperature': 18.3, 'T_min': 17.7, 'T_max': 19.3, 'Humidity': 39.8, 'Pressure': 1015.1, 'Irradiation': 0, 'Irr_max': 46, 'Rain': 0.0, 'Rain_min_time': 0.0}
2026-03-21 09:11:22,874 - uplink - INFO - Verarbeite Uplink für Gerät: AABBCC01020316
2026-03-21 09:11:22,882 - uplink - INFO - Daten erfolgreich in DB gespeichert für AABBCC01020316: {'Type': 1, 'Battery': 4.2, 'Temperature': 24.3, 'T_min': 23.7, 'T_max': 24.9, 'Humidity': 53.8, 'Pressure': 1017.25, 'Irradiation': 2, 'Irr_max': 48, 'Rain': 0.0, 'Rain_min_time': 0.0}
2026-03-21 09:11:25,264 - uplink - INFO - Verarbeite Uplink für Gerät: AABBCC01020412
2026-03-21 09:11:25,271 - uplink - INFO - Daten erfolgreich in DB gespeichert für AABBCC01020412: {'Type': 1, 'Battery': 3.85, 'Temperature': 16.9, 'T_min': 16.8, 'T_max': 17.2, 'Humidity': 43.0, 'Pressure': 1012.0, 'Irradiation': 4, 'Irr_max': 34, 'Rain': 0.0, 'Rain_min_time': 0.0}
2026-03-21 09:11:25,764 - uplink - INFO - Verarbeite Uplink für Gerät: AABBCC01020307
2026-03-21 09:11:25,774 - uplink - INFO - Daten erfolgreich in DB gespeichert für AABBCC01020307: {'Type': 1, 'Battery': 3.85, 'Temperature': 18.3, 'T_min': 16.9, 'T_max': 18.3, 'Humidity': 39.8, 'Pressure': 1015.1, 'Irradiation': 0, 'Irr_max': 20, 'Rain': 0.0, 'Rain_min_time': 0.0}
2026-03-21 09:11:32,899 - uplink - INFO - Verarbeite Uplink für Gerät: AABBCC01020316
2026-03-21 09:11:32,907 - uplink - INFO - Daten erfolgreich in DB gespeichert für AABBCC01020316: {'Type': 1, 'Battery': 4.2, 'Temperature': 24.3, 'T_min': 23.7, 'T_max': 24.6, 'Humidity': 53.8, 'Pressure': 1017.25, 'Irradiation': 0, 'Irr_max': 8, 'Rain': 0.0, 'Rain_min_time': 0.0}
2026-03-21 09:11:35,291 - uplink - INFO - Verarbeite Uplink für Gerät: AABBCC01020412
2026-03-21 09:11:35,298 - uplink - INFO - Daten erfolgreich in DB gespeichert für AABBCC01020412: {'Type': 1, 'Battery': 3.85, 'Temperature': 16.9, 'T_min': 16.6, 'T_max': 17.5, 'Humidity': 43.0, 'Pressure': 1012.0, 'Irradiation': 4, 'Irr_max': 32, 'Rain': 0.0, 'Rain_min_time': 0.0}
2026-03-21 09:11:35,778 - uplink - INFO - Verarbeite Uplink für Gerät: AABBCC01020307
2026-03-21 09:11:35,786 - uplink - INFO - Daten erfolgreich in DB gespeichert für AABBCC01020307: {'Type': 1, 'Battery': 3.85, 'Temperature': 18.3, 'T_min': 17.7, 'T_max': 19.0, 'Humidity': 39.8, 'Pressure': 1015.1, 'Irradiation': 0, 'Irr_max': 20, 'Rain': 0.0, 'Rain_min_time': 0.0}
2026-03-21 09:11:42,926 - uplink - INFO - Verarbeite Uplink für Gerät: AABBCC01020316
2026-03-21 09:11:42,933 - uplink - INFO - Daten erfolgreich in DB gespeichert für AABBCC01020316: {'Type': 1, 'Battery': 4.2, 'Temperature': 24.3, 'T_min': 23.9, 'T_max': 25.3, 'Humidity': 53.8, 'Pressure': 1017.25, 'Irradiation': 0, 'Irr_max': 32, 'Rain': 0.0, 'Rain_min_time': 0.0}
2026-03-21 09:11:45,326 - uplink - INFO - Verarbeite Uplink für Gerät: AABBCC01020412
2026-03-21 09:11:45,335 - uplink - INFO - Daten erfolgreich in DB gespeichert für AABBCC01020412: {'Type': 1, 'Battery': 3.85, 'Temperature': 16.9, 'T_min': 15.4, 'T_max': 17.6, 'Humidity': 43.0, 'Pressure': 1012.0, 'Irradiation': 0, 'Irr_max': 8, 'Rain': 0.0, 'Rain_min_time': 0.0}
2026-03-21 09:11:45,805 - uplink - INFO - Verarbeite Uplink für Gerät: AABBCC01020307
2026-03-21 09:11:45,813 - uplink - INFO - Daten erfolgreich in DB gespeichert für AABBCC01020307: {'Type': 1, 'Battery': 3.85, 'Temperature': 18.3, 'T_min': 17.2, 'T_max': 18.9, 'Humidity': 39.8, 'Pressure': 1015.1, 'Irradiation': 0, 'Irr_max': 46, 'Rain': 0.0, 'Rain_min_time': 0.0}
2026-03-21 09:11:52,950 - uplink - INFO - Verarbeite Uplink für Gerät: AABBCC01020316
2026-03-21 09:11:52,958 - uplink - INFO - Daten erfolgreich in DB gespeichert für AABBCC01020316: {'Type': 1, 'Battery': 4.2, 'Temperature': 24.3, 'T_min': 23.6, 'T_max': 25.1, 'Humidity': 53.8, 'Pressure': 1017.25, 'Irradiation': 0, 'Irr_max': 32, 'Rain': 1.0, 'Rain_min_time': 0.0}
2026-03-21 09:11:55,357 - uplink - INFO - Verarbeite Uplink für Gerät: AABBCC01020412
2026-03-21 09:11:55,364 - uplink - INFO - Daten erfolgreich in DB gespeichert für AABBCC01020412: {'Type': 1, 'Battery': 3.85, 'Temperature': 16.9, 'T_min': 16.6, 'T_max': 16.9, 'Humidity': 43.0, 'Pressure': 1012.0, 'Irradiation': 0, 'Irr_max': 22, 'Rain': 0.0, 'Rain_min_time': 0.0}
2026-03-21 09:11:55,837 - uplink - INFO - Verarbeite Uplink für Gerät: AABBCC01020307
2026-03-21 09:11:55,844 - uplink - INFO - Daten erfolgreich in DB gespeichert für AABBCC01020307: {'Type': 1, 'Battery': 3.85, 'Temperature': 18.3, 'T_min': 17.5, 'T_max': 18.7, 'Humidity': 40.0, 'Pressure': 1015.1, 'Irradiation': 0, 'Irr_max': 20, 'Rain': 0.0, 'Rain_min_time': 0.0}
2026-03-21 09:12:02,985 - uplink - INFO - Verarbeite Uplink für Gerät: AABBCC01020316
2026-03-21 09:12:02,993 - uplink - INFO - Daten erfolgreich in DB gespeichert für AABBCC01020316: {'Type': 1, 'Battery': 4.2, 'Temperature': 24.3, 'T_min': 23.6, 'T_max': 25.2, 'Humidity': 53.8, 'Pressure': 1017.25, 'Irradiation': 0, 'Irr_max': 20, 'Rain': 0.0, 'Rain_min_time': 0.0}
2026-03-21 09:12:05,390 - uplink - INFO - Verarbeite Uplink für Gerät: AABBCC01020412
2026-03-21 09:12:05,398 - uplink - INFO - Daten erfolgreich in DB gespeichert für AABBCC01020412: {'Type': 1, 'Battery': 3.85, 'Temperature': 16.9, 'T_min': 16.1, 'T_max': 17.2, 'Humidity': 43.0, 'Pressure': 1012.0, 'Irradiation': 0, 'Irr_max': 42, 'Rain': 0.0, 'Rain_min_time': 0.0}
2026-03-21 09:12:05,870 - uplink - INFO - Verarbeite Uplink für Gerät: AABBCC01020307
2026-03-21 09:12:05,878 - uplink - INFO - Daten erfolgreich in DB gespeichert für AABBCC01020307: {'Type': 1, 'Battery': 3.85, 'Temperature': 18.3, 'T_min': 17.7, 'T_max': 19.2, 'Humidity': 40.0, 'Pressure': 1015.1, 'Irradiation': 2, 'Irr_max': 16, 'Rain': 0.0, 'Rain_min_time': 0.0}
2026-03-21 09:12:13,017 - uplink - INFO - Verarbeite Uplink für Gerät: AABBCC01020316
2026-03-21 09:12:13,025 - uplink - INFO - Daten erfolgreich in DB gespeichert für AABBCC01020316: {'Type': 1, 'Battery': 4.2, 'Temperature': 24.3, 'T_min': 23.0, 'T_max': 25.7, 'Humidity': 53.8, 'Pressure': 1017.25, 'Irradiation': 0, 'Irr_max': 48, 'Rain': 0.0, 'Rain_min_time': 0.0}
2026-03-21 09:12:15,424 - uplink - INFO - Verarbeite Uplink für Gerät: AABBCC01020412
2026-03-21 09:12:15,432 - uplink - INFO - Daten erfolgreich in DB gespeichert für AABBCC01020412: {'Type': 1, 'Battery': 3.85, 'Temperature': 16.9, 'T_min': 15.4, 'T_max': 17.8, 'Humidity': 43.0, 'Pressure': 1012.0, 'Irradiation': 2, 'Irr_max': 50, 'Rain': 0.0, 'Rain_min_time': 0.0}
2026-03-21 09:12:15,892 - uplink - INFO - Verarbeite Uplink für Gerät: AABBCC01020307
2026-03-21 09:12:15,901 - uplink - INFO - Daten erfolgreich in DB gespeichert für AABBCC01020307: {'Type': 1, 'Battery': 3.85, 'Temperature': 18.3, 'T_min': 17.7, 'T_max': 18.9, 'Humidity': 40.0, 'Pressure': 1015.1, 'Irradiation': 0, 'Irr_max': 20, 'Rain': 0.0, 'Rain_min_time': 0.0}
2026-03-21 09:12:23,048 - uplink - INFO - Verarbeite Uplink für Gerät: AABBCC01020316
2026-03-21 09:12:23,056 - uplink - INFO - Daten erfolgreich in DB gespeichert für AABBCC01020316: {'Type': 1, 'Battery': 4.2, 'Temperature': 24.3, 'T_min': 23.9, 'T_max': 25.4, 'Humidity': 53.8, 'Pressure': 1017.25, 'Irradiation': 0, 'Irr_max': 16, 'Rain': 0.0, 'Rain_min_time': 0.0}
2026-03-21 09:12:25,455 - uplink - INFO - Verarbeite Uplink für Gerät: AABBCC01020412
2026-03-21 09:12:25,462 - uplink - INFO - Daten erfolgreich in DB gespeichert für AABBCC01020412: {'Type': 1, 'Battery': 3.85, 'Temperature': 16.9, 'T_min': 16.2, 'T_max': 18.4, 'Humidity': 43.0, 'Pressure': 1012.0, 'Irradiation': 0, 'Irr_max': 8, 'Rain': 0.0, 'Rain_min_time': 0.0}
2026-03-21 09:12:25,919 - uplink - INFO - Verarbeite Uplink für Gerät: AABBCC01020307
2026-03-21 09:12:25,927 - uplink - INFO - Daten erfolgreich in DB gespeichert für AABBCC01020307: {'Type': 1, 'Battery': 3.85, 'Temperature': 18.3, 'T_min': 17.7, 'T_max': 18.5, 'Humidity': 40.0, 'Pressure': 1015.1, 'Irradiation': 0, 'Irr_max': 36, 'Rain': 0.0, 'Rain_min_time': 0.0}
2026-03-21 09:12:33,084 - uplink - INFO - Verarbeite Uplink für Gerät: AABBCC01020316
2026-03-21 09:12:33,093 - uplink - INFO - Daten erfolgreich in DB gespeichert für AABBCC01020316: {'Type': 1, 'Battery': 4.2, 'Temperature': 24.3, 'T_min': 24.2, 'T_max': 25.2, 'Humidity': 53.8, 'Pressure': 1017.25, 'Irradiation': 2, 'Irr_max': 30, 'Rain': 0.0, 'Rain_min_time': 0.0}
2026-03-21 09:12:35,482 - uplink - INFO - Verarbeite Uplink für Gerät: AABBCC01020412
2026-03-21 09:12:35,490 - uplink - INFO - Daten erfolgreich in DB gespeichert für AABBCC01020412: {'Type': 1, 'Battery': 3.85, 'Temperature': 16.9, 'T_min': 15.7, 'T_max': 17.4, 'Humidity': 43.0, 'Pressure': 1012.0, 'Irradiation': 0, 'Irr_max': 8, 'Rain': 0.0, 'Rain_min_time': 0.0}
2026-03-21 09:12:35,951 - uplink - INFO - Verarbeite Uplink für Gerät: AABBCC01020307
2026-03-21 09:12:35,958 - uplink - INFO - Daten erfolgreich in DB gespeichert für AABBCC01020307: {'Type': 1, 'Battery': 3.85, 'Temperature': 18.3, 'T_min': 17.7, 'T_max': 19.3, 'Humidity': 40.0, 'Pressure': 1015.1, 'Irradiation': 0, 'Irr_max': 8, 'Rain': 0.0, 'Rain_min_time': 0.0}
2026-03-21 09:12:43,106 - uplink - INFO - Verarbeite Uplink für Gerät: AABBCC01020316
2026-03-21 09:12:43,114 - uplink - INFO - Daten erfolgreich in DB gespeichert für AABBCC01020316: {'Type': 1, 'Battery': 4.2, 'Temperature': 24.3, 'T_min': 22.9, 'T_max': 25.0, 'Humidity': 53.8, 'Pressure': 1017.25, 'Irradiation': 0, 'Irr_max': 8, 'Rain': 0.0, 'Rain_min_time': 0.0}
2026-03-21 09:12:45,513 - uplink - INFO - Verarbeite Uplink für Gerät: AABBCC01020412
2026-03-21 09:12:45,521 - uplink - INFO - Daten erfolgreich in DB gespeichert für AABBCC01020412: {'Type': 1, 'Battery': 3.85, 'Temperature': 16.9, 'T_min': 15.5, 'T_max': 17.3, 'Humidity': 43.0, 'Pressure': 1012.0, 'Irradiation': 0, 'Irr_max': 40, 'Rain': 0.0, 'Rain_min_time': 0.0}
2026-03-21 09:12:45,979 - uplink - INFO - Verarbeite Uplink für Gerät: AABBCC01020307
2026-03-21 09:12:45,987 - uplink - INFO - Daten erfolgreich in DB gespeichert für AABBCC01020307: {'Type': 1, 'Battery': 3.85, 'Temperature': 18.3, 'T_min': 16.8, 'T_max': 18.6, 'Humidity': 40.0, 'Pressure': 1015.1, 'Irradiation': 0, 'Irr_max': 14, 'Rain': 0.0, 'Rain_min_time': 0.0}
2026-03-21 09:12:53,132 - uplink - INFO - Verarbeite Uplink für Gerät: AABBCC01020316
2026-03-21 09:12:53,142 - uplink - INFO - Daten erfolgreich in DB gespeichert für AABBCC01020316: {'Type': 1, 'Battery': 4.2, 'Temperature': 24.3, 'T_min': 24.2, 'T_max': 25.7, 'Humidity': 53.8, 'Pressure': 1017.25, 'Irradiation': 0, 'Irr_max': 48, 'Rain': 0.0, 'Rain_min_time': 0.0}
2026-03-21 09:12:55,538 - uplink - INFO - Verarbeite Uplink für Gerät: AABBCC01020412
2026-03-21 09:12:55,545 - uplink - INFO - Daten erfolgreich in DB gespeichert für AABBCC01020412: {'Type': 1, 'Battery': 3.85, 'Temperature': 16.9, 'T_min': 16.2, 'T_max': 17.2, 'Humidity': 43.0, 'Pressure': 1012.0, 'Irradiation': 0, 'Irr_max': 8, 'Rain': 0.0, 'Rain_min_time': 0.0}
2026-03-21 09:12:56,004 - uplink - INFO - Verarbeite Uplink für Gerät: AABBCC01020307
2026-03-21 09:12:56,011 - uplink - INFO - Daten erfolgreich in DB gespeichert für AABBCC01020307: {'Type': 1, 'Battery': 3.85, 'Temperature': 18.3, 'T_min': 18.1, 'T_max': 18.7, 'Humidity': 40.0, 'Pressure': 1015.1, 'Irradiation': 0, 'Irr_max': 16, 'Rain': 0.0, 'Rain_min_time': 0.0}
2026-03-21 09:13:03,156 - uplink - INFO - Verarbeite Uplink für Gerät: AABBCC01020316
2026-03-21 09:13:03,165 - uplink - INFO - Daten erfolgreich in DB gespeichert für AABBCC01020316: {'Type': 1, 'Battery': 4.2, 'Temperature': 24.3, 'T_min': 22.9, 'T_max': 24.8, 'Humidity': 54.0, 'Pressure': 1017.25, 'Irradiation': 0, 'Irr_max': 20, 'Rain': 0.0, 'Rain_min_time': 0.0}
2026-03-21 09:13:05,564 - uplink - INFO - Verarbeite Uplink für Gerät: AABBCC01020412
2026-03-21 09:13:05,572 - uplink - INFO - Daten erfolgreich in DB gespeichert für AABBCC01020412: {'Type': 1, 'Battery': 3.85, 'Temperature': 16.9, 'T_min': 15.6, 'T_max': 17.9, 'Humidity': 43.0, 'Pressure': 1012.0, 'Irradiation': 0, 'Irr_max': 8, 'Rain': 0.0, 'Rain_min_time': 0.0}
2026-03-21 09:13:06,029 - uplink - INFO - Verarbeite Uplink für Gerät: AABBCC01020307
2026-03-21 09:13:06,038 - uplink - INFO - Daten erfolgreich in DB gespeichert für AABBCC01020307: {'Type': 1, 'Battery': 3.85, 'Temperature': 18.3, 'T_min': 18.3, 'T_max': 19.8, 'Humidity': 40.0, 'Pressure': 1015.1, 'Irradiation': 0, 'Irr_max': 30, 'Rain': 0.0, 'Rain_min_time': 0.0}
2026-03-21 09:13:13,182 - uplink - INFO - Verarbeite Uplink für Gerät: AABBCC01020316
2026-03-21 09:13:13,189 - uplink - INFO - Daten erfolgreich in DB gespeichert für AABBCC01020316: {'Type': 1, 'Battery': 4.2, 'Temperature': 24.3, 'T_min': 23.5, 'T_max': 25.3, 'Humidity': 54.0, 'Pressure': 1017.25, 'Irradiation': 0, 'Irr_max': 20, 'Rain': 0.0, 'Rain_min_time': 0.0}
2026-03-21 09:13:15,596 - uplink - INFO - Verarbeite Uplink für Gerät: AABBCC01020412
2026-03-21 09:13:15,604 - uplink - INFO - Daten erfolgreich in DB gespeichert für AABBCC01020412: {'Type': 1, 'Battery': 3.85, 'Temperature': 16.9, 'T_min': 15.6, 'T_max': 18.0, 'Humidity': 43.0, 'Pressure': 1012.0, 'Irradiation': 0, 'Irr_max': 18, 'Rain': 0.0, 'Rain_min_time': 0.0}
2026-03-21 09:13:16,063 - uplink - INFO - Verarbeite Uplink für Gerät: AABBCC01020307
2026-03-21 09:13:16,071 - uplink - INFO - Daten erfolgreich in DB gespeichert für AABBCC01020307: {'Type': 1, 'Battery': 3.85, 'Temperature': 18.3, 'T_min': 17.4, 'T_max': 19.1, 'Humidity': 40.0, 'Pressure': 1015.1, 'Irradiation': 0, 'Irr_max': 38, 'Rain': 0.0, 'Rain_min_time': 0.0}
2026-03-21 09:13:23,216 - uplink - INFO - Verarbeite Uplink für Gerät: AABBCC01020316
2026-03-21 09:13:23,223 - uplink - INFO - Daten erfolgreich in DB gespeichert für AABBCC01020316: {'Type': 1, 'Battery': 4.2, 'Temperature': 24.3, 'T_min': 24.0, 'T_max': 24.4, 'Humidity': 54.0, 'Pressure': 1017.25, 'Irradiation': 0, 'Irr_max': 50, 'Rain': 0.0, 'Rain_min_time': 0.0}
2026-03-21 09:13:25,610 - uplink - INFO - Verarbeite Uplink für Gerät: AABBCC01020412
2026-03-21 09:13:25,617 - uplink - INFO - Daten erfolgreich in DB gespeichert für AABBCC01020412: {'Type': 1, 'Battery': 3.85, 'Temperature': 16.9, 'T_min': 15.5, 'T_max': 18.2, 'Humidity': 43.0, 'Pressure': 1012.0, 'Irradiation': 0, 'Irr_max': 4, 'Rain': 0.0, 'Rain_min_time': 0.0}
2026-03-21 09:13:26,088 - uplink - INFO - Verarbeite Uplink für Gerät: AABBCC01020307
2026-03-21 09:13:26,095 - uplink - INFO - Daten erfolgreich in DB gespeichert für AABBCC01020307: {'Type': 1, 'Battery': 3.85, 'Temperature': 18.3, 'T_min': 17.4, 'T_max': 18.8, 'Humidity': 40.0, 'Pressure': 1015.1, 'Irradiation': 2, 'Irr_max': 20, 'Rain': 0.0, 'Rain_min_time': 0.0}
2026-03-21 09:13:33,248 - uplink - INFO - Verarbeite Uplink für Gerät: AABBCC01020316
2026-03-21 09:13:33,256 - uplink - INFO - Daten erfolgreich in DB gespeichert für AABBCC01020316: {'Type': 1, 'Battery': 4.2, 'Temperature': 24.3, 'T_min': 23.4, 'T_max': 25.0, 'Humidity': 54.0, 'Pressure': 1017.25, 'Irradiation': 0, 'Irr_max': 42, 'Rain': 0.0, 'Rain_min_time': 0.0}
2026-03-21 09:13:35,637 - uplink - INFO - Verarbeite Uplink für Gerät: AABBCC01020412
2026-03-21 09:13:35,645 - uplink - INFO - Daten erfolgreich in DB gespeichert für AABBCC01020412: {'Type': 1, 'Battery': 3.85, 'Temperature': 16.9, 'T_min': 16.5, 'T_max': 17.6, 'Humidity': 43.0, 'Pressure': 1012.0, 'Irradiation': 0, 'Irr_max': 2, 'Rain': 0.0, 'Rain_min_time': 0.0}
2026-03-21 09:13:36,099 - uplink - INFO - Verarbeite Uplink für Gerät: AABBCC01020307
2026-03-21 09:13:36,106 - uplink - INFO - Daten erfolgreich in DB gespeichert für AABBCC01020307: {'Type': 1, 'Battery': 3.85, 'Temperature': 18.3, 'T_min': 17.8, 'T_max': 19.3, 'Humidity': 40.0, 'Pressure': 1015.1, 'Irradiation': 0, 'Irr_max': 4, 'Rain': 0.0, 'Rain_min_time': 0.0}
2026-03-21 09:13:43,277 - uplink - INFO - Verarbeite Uplink für Gerät: AABBCC01020316
2026-03-21 09:13:43,286 - uplink - INFO - Daten erfolgreich in DB gespeichert für AABBCC01020316: {'Type': 1, 'Battery': 4.2, 'Temperature': 24.3, 'T_min': 24.2, 'T_max': 25.1, 'Humidity': 53.8, 'Pressure': 1017.25, 'Irradiation': 0, 'Irr_max': 2, 'Rain': 0.0, 'Rain_min_time': 0.0}
2026-03-21 09:13:45,664 - uplink - INFO - Verarbeite Uplink für Gerät: AABBCC01020412
2026-03-21 09:13:45,671 - uplink - INFO - Daten erfolgreich in DB gespeichert für AABBCC01020412: {'Type': 1, 'Battery': 3.85, 'Temperature': 16.9, 'T_min': 16.8, 'T_max': 17.1, 'Humidity': 42.8, 'Pressure': 1012.0, 'Irradiation': 0, 'Irr_max': 18, 'Rain': 0.0, 'Rain_min_time': 0.0}
2026-03-21 09:13:46,130 - uplink - INFO - Verarbeite Uplink für Gerät: AABBCC01020307
2026-03-21 09:13:46,138 - uplink - INFO - Daten erfolgreich in DB gespeichert für AABBCC01020307: {'Type': 1, 'Battery': 3.85, 'Temperature': 18.3, 'T_min': 17.8, 'T_max': 19.2, 'Humidity': 40.0, 'Pressure': 1015.1, 'Irradiation': 0, 'Irr_max': 6, 'Rain': 0.0, 'Rain_min_time': 0.0}
2026-03-21 09:13:53,307 - uplink - INFO - Verarbeite Uplink für Gerät: AABBCC01020316
2026-03-21 09:13:53,315 - uplink - INFO - Daten erfolgreich in DB gespeichert für AABBCC01020316: {'Type': 1, 'Battery': 4.2, 'Temperature': 24.3, 'T_min': 22.9, 'T_max': 25.8, 'Humidity': 54.0, 'Pressure': 1017.25, 'Irradiation': 2, 'Irr_max': 18, 'Rain': 0.0, 'Rain_min_time': 0.0}
2026-03-21 09:13:55,677 - uplink - INFO - Verarbeite Uplink für Gerät: AABBCC01020412
2026-03-21 09:13:55,684 - uplink - INFO - Daten erfolgreich in DB gespeichert für AABBCC01020412: {'Type': 1, 'Battery': 3.85, 'Temperature': 16.9, 'T_min': 16.4, 'T_max': 17.4, 'Humidity': 42.8, 'Pressure': 1012.0, 'Irradiation': 2, 'Irr_max': 36, 'Rain': 0.0, 'Rain_min_time': 0.0}
2026-03-21 09:13:56,154 - uplink - INFO - Verarbeite Uplink für Gerät: AABBCC01020307
2026-03-21 09:13:56,161 - uplink - INFO - Daten erfolgreich in DB gespeichert für AABBCC01020307: {'Type': 1, 'Battery': 3.85, 'Temperature': 18.3, 'T_min': 18.1, 'T_max': 19.6, 'Humidity': 40.0, 'Pressure': 1015.1, 'Irradiation': 0, 'Irr_max': 8, 'Rain': 0.0, 'Rain_min_time': 0.0}
2026-03-21 09:14:03,321 - uplink - INFO - Verarbeite Uplink für Gerät: AABBCC01020316
2026-03-21 09:14:03,329 - uplink - INFO - Daten erfolgreich in DB gespeichert für AABBCC01020316: {'Type': 1, 'Battery': 4.2, 'Temperature': 24.3, 'T_min': 23.0, 'T_max': 24.5, 'Humidity': 54.0, 'Pressure': 1017.25, 'Irradiation': 2, 'Irr_max': 26, 'Rain': 0.0, 'Rain_min_time': 0.0}
2026-03-21 09:14:05,710 - uplink - INFO - Verarbeite Uplink für Gerät: AABBCC01020412
2026-03-21 09:14:05,718 - uplink - INFO - Daten erfolgreich in DB gespeichert für AABBCC01020412: {'Type': 1, 'Battery': 3.85, 'Temperature': 16.9, 'T_min': 16.4, 'T_max': 17.9, 'Humidity': 42.8, 'Pressure': 1012.0, 'Irradiation': 2, 'Irr_max': 16, 'Rain': 0.0, 'Rain_min_time': 0.0}
2026-03-21 09:14:06,165 - uplink - INFO - Verarbeite Uplink für Gerät: AABBCC01020307
2026-03-21 09:14:06,174 - uplink - INFO - Daten erfolgreich in DB gespeichert für AABBCC01020307: {'Type': 1, 'Battery': 3.85, 'Temperature': 18.3, 'T_min': 17.5, 'T_max': 18.9, 'Humidity': 40.0, 'Pressure': 1015.1, 'Irradiation': 2, 'Irr_max': 28, 'Rain': 0.0, 'Rain_min_time': 0.0}
2026-03-21 09:14:13,349 - uplink - INFO - Verarbeite Uplink für Gerät: AABBCC01020316
2026-03-21 09:14:13,357 - uplink - INFO - Daten erfolgreich in DB gespeichert für AABBCC01020316: {'Type': 1, 'Battery': 4.2, 'Temperature': 24.3, 'T_min': 23.1, 'T_max': 25.0, 'Humidity': 53.8, 'Pressure': 1017.25, 'Irradiation': 4, 'Irr_max': 18, 'Rain': 0.0, 'Rain_min_time': 0.0}
2026-03-21 09:14:15,723 - uplink - INFO - Verarbeite Uplink für Gerät: AABBCC01020412
2026-03-21 09:14:15,733 - uplink - INFO - Daten erfolgreich in DB gespeichert für AABBCC01020412: {'Type': 1, 'Battery': 3.85, 'Temperature': 16.9, 'T_min': 15.5, 'T_max': 17.3, 'Humidity': 43.0, 'Pressure': 1012.0, 'Irradiation': 0, 'Irr_max': 4, 'Rain': 0.0, 'Rain_min_time': 0.0}
2026-03-21 09:14:16,179 - uplink - INFO - Verarbeite Uplink für Gerät: AABBCC01020307
2026-03-21 09:14:16,187 - uplink - INFO - Daten erfolgreich in DB gespeichert für AABBCC01020307: {'Type': 1, 'Battery': 3.85, 'Temperature': 18.3, 'T_min': 17.9, 'T_max': 19.0, 'Humidity': 40.0, 'Pressure': 1015.1, 'Irradiation': 2, 'Irr_max': 24, 'Rain': 0.0, 'Rain_min_time': 0.0}
2026-03-21 09:14:23,383 - uplink - INFO - Verarbeite Uplink für Gerät: AABBCC01020316
2026-03-21 09:14:23,390 - uplink - INFO - Daten erfolgreich in DB gespeichert für AABBCC01020316: {'Type': 1, 'Battery': 4.2, 'Temperature': 24.3, 'T_min': 24.0, 'T_max': 24.4, 'Humidity': 54.0, 'Pressure': 1017.25, 'Irradiation': 4, 'Irr_max': 40, 'Rain': 0.0, 'Rain_min_time': 0.0}
2026-03-21 09:14:25,738 - uplink - INFO - Verarbeite Uplink für Gerät: AABBCC01020412
2026-03-21 09:14:25,746 - uplink - INFO - Daten erfolgreich in DB gespeichert für AABBCC01020412: {'Type': 1, 'Battery': 3.85, 'Temperature': 16.9, 'T_min': 15.8, 'T_max': 18.4, 'Humidity': 42.8, 'Pressure': 1012.0, 'Irradiation': 0, 'Irr_max': 30, 'Rain': 1.0, 'Rain_min_time': 0.0}
2026-03-21 09:14:26,192 - uplink - INFO - Verarbeite Uplink für Gerät: AABBCC01020307
2026-03-21 09:14:26,200 - uplink - INFO - Daten erfolgreich in DB gespeichert für AABBCC01020307: {'Type': 1, 'Battery': 3.85, 'Temperature': 18.4, 'T_min': 18.2, 'T_max': 18.9, 'Humidity': 40.0, 'Pressure': 1015.1, 'Irradiation': 0, 'Irr_max': 18, 'Rain': 1.0, 'Rain_min_time': 0.0}
2026-03-21 09:14:33,395 - uplink - INFO - Verarbeite Uplink für Gerät: AABBCC01020316
2026-03-21 09:14:33,403 - uplink - INFO - Daten erfolgreich in DB gespeichert für AABBCC01020316: {'Type': 1, 'Battery': 4.2, 'Temperature': 24.3, 'T_min': 24.0, 'T_max': 24.8, 'Humidity': 54.0, 'Pressure': 1017.25, 'Irradiation': 4, 'Irr_max': 18, 'Rain': 0.0, 'Rain_min_time': 0.0}
2026-03-21 09:14:35,749 - uplink - INFO - Verarbeite Uplink für Gerät: AABBCC01020412
2026-03-21 09:14:35,757 - uplink - INFO - Daten erfolgreich in DB gespeichert für AABBCC01020412: {'Type': 1, 'Battery': 3.85, 'Temperature': 16.9, 'T_min': 15.8, 'T_max': 18.0, 'Humidity': 42.8, 'Pressure': 1012.0, 'Irradiation': 0, 'Irr_max': 2, 'Rain': 0.0, 'Rain_min_time': 0.0}
2026-03-21 09:14:36,203 - uplink - INFO - Verarbeite Uplink für Gerät: AABBCC01020307
2026-03-21 09:14:36,211 - uplink - INFO - Daten erfolgreich in DB gespeichert für AABBCC01020307: {'Type': 1, 'Battery': 3.85, 'Temperature': 18.4, 'T_min': 17.3, 'T_max': 19.4, 'Humidity': 40.0, 'Pressure': 1015.1, 'Irradiation': 0, 'Irr_max': 32, 'Rain': 0.0, 'Rain_min_time': 0.0}
2026-03-21 09:14:43,406 - uplink - INFO - Verarbeite Uplink für Gerät: AABBCC01020316
2026-03-21 09:14:43,414 - uplink - INFO - Daten erfolgreich in DB gespeichert für AABBCC01020316: {'Type': 1, 'Battery': 4.2, 'Temperature': 24.3, 'T_min': 23.7, 'T_max': 25.7, 'Humidity': 53.8, 'Pressure': 1017.25, 'Irradiation': 4, 'Irr_max': 34, 'Rain': 0.0, 'Rain_min_time': 0.0}
2026-03-21 09:14:45,762 - uplink - INFO - Verarbeite Uplink für Gerät: AABBCC01020412
2026-03-21 09:14:45,769 - uplink - INFO - Daten erfolgreich in DB gespeichert für AABBCC01020412: {'Type': 1, 'Battery': 3.85, 'Temperature': 16.9, 'T_min': 16.3, 'T_max': 18.1, 'Humidity': 42.8, 'Pressure': 1012.0, 'Irradiation': 0, 'Irr_max': 22, 'Rain': 0.0, 'Rain_min_time': 0.0}
2026-03-21 09:14:46,217 - uplink - INFO - Verarbeite Uplink für Gerät: AABBCC01020307
2026-03-21 09:14:46,225 - uplink - INFO - Daten erfolgreich in DB gespeichert für AABBCC01020307: {'Type': 1, 'Battery': 3.85, 'Temperature': 18.3, 'T_min': 17.5, 'T_max': 19.4, 'Humidity': 40.0, 'Pressure': 1015.1, 'Irradiation': 2, 'Irr_max': 8, 'Rain': 0.0, 'Rain_min_time': 0.0}
2026-03-21 09:14:53,419 - uplink - INFO - Verarbeite Uplink für Gerät: AABBCC01020316
2026-03-21 09:14:53,426 - uplink - INFO - Daten erfolgreich in DB gespeichert für AABBCC01020316: {'Type': 1, 'Battery': 4.2, 'Temperature': 24.3, 'T_min': 23.8, 'T_max': 25.3, 'Humidity': 53.8, 'Pressure': 1017.25, 'Irradiation': 4, 'Irr_max': 26, 'Rain': 0.0, 'Rain_min_time': 0.0}
2026-03-21 09:14:55,775 - uplink - INFO - Verarbeite Uplink für Gerät: AABBCC01020412
2026-03-21 09:14:55,786 - uplink - INFO - Daten erfolgreich in DB gespeichert für AABBCC01020412: {'Type': 1, 'Battery': 3.85, 'Temperature': 16.9, 'T_min': 16.0, 'T_max': 17.7, 'Humidity': 42.8, 'Pressure': 1012.0, 'Irradiation': 0, 'Irr_max': 2, 'Rain': 0.0, 'Rain_min_time': 0.0}
2026-03-21 09:14:56,230 - uplink - INFO - Verarbeite Uplink für Gerät: AABBCC01020307
2026-03-21 09:14:56,238 - uplink - INFO - Daten erfolgreich in DB gespeichert für AABBCC01020307: {'Type': 1, 'Battery': 3.85, 'Temperature': 18.3, 'T_min': 17.3, 'T_max': 18.6, 'Humidity': 40.0, 'Pressure': 1015.1, 'Irradiation': 2, 'Irr_max': 24, 'Rain': 0.0, 'Rain_min_time': 0.0}
2026-03-21 09:15:03,432 - uplink - INFO - Verarbeite Uplink für Gerät: AABBCC01020316
2026-03-21 09:15:03,439 - uplink - INFO - Daten erfolgreich in DB gespeichert für AABBCC01020316: {'Type': 1, 'Battery': 4.2, 'Temperature': 24.3, 'T_min': 22.8, 'T_max': 24.9, 'Humidity': 53.8, 'Pressure': 1017.25, 'Irradiation': 6, 'Irr_max': 24, 'Rain': 0.0, 'Rain_min_time': 0.0}
2026-03-21 09:15:05,791 - uplink - INFO - Verarbeite Uplink für Gerät: AABBCC01020412
2026-03-21 09:15:05,798 - uplink - INFO - Daten erfolgreich in DB gespeichert für AABBCC01020412: {'Type': 1, 'Battery': 3.85, 'Temperature': 16.9, 'T_min': 16.8, 'T_max': 17.9, 'Humidity': 42.8, 'Pressure': 1012.0, 'Irradiation': 0, 'Irr_max': 8, 'Rain': 0.0, 'Rain_min_time': 0.0}
2026-03-21 09:15:06,242 - uplink - INFO - Verarbeite Uplink für Gerät: AABBCC01020307
2026-03-21 09:15:06,250 - uplink - INFO - Daten erfolgreich in DB gespeichert für AABBCC01020307: {'Type': 1, 'Battery': 3.85, 'Temperature': 18.3, 'T_min': 17.7, 'T_max': 19.2, 'Humidity': 40.0, 'Pressure': 1015.1, 'Irradiation': 2, 'Irr_max': 8, 'Rain': 0.0, 'Rain_min_time': 0.0}
2026-03-21 09:15:13,459 - uplink - INFO - Verarbeite Uplink für Gerät: AABBCC01020316
2026-03-21 09:15:13,469 - uplink - INFO - Daten erfolgreich in DB gespeichert für AABBCC01020316: {'Type': 1, 'Battery': 4.2, 'Temperature': 24.3, 'T_min': 23.5, 'T_max': 24.5, 'Humidity': 53.8, 'Pressure': 1017.25, 'Irradiation': 0, 'Irr_max': 2, 'Rain': 0.0, 'Rain_min_time': 0.0}
2026-03-21 09:15:15,820 - uplink - INFO - Verarbeite Uplink für Gerät: AABBCC01020412
2026-03-21 09:15:15,827 - uplink - INFO - Daten erfolgreich in DB gespeichert für AABBCC01020412: {'Type': 1, 'Battery': 3.85, 'Temperature': 16.9, 'T_min': 16.4, 'T_max': 18.4, 'Humidity': 42.8, 'Pressure': 1012.0, 'Irradiation': 0, 'Irr_max': 44, 'Rain': 0.0, 'Rain_min_time': 0.0}
2026-03-21 09:15:16,272 - uplink - INFO - Verarbeite Uplink für Gerät: AABBCC01020307
2026-03-21 09:15:16,280 - uplink - INFO - Daten erfolgreich in DB gespeichert für AABBCC01020307: {'Type': 1, 'Battery': 3.85, 'Temperature': 18.3, 'T_min': 17.4, 'T_max': 19.1, 'Humidity': 40.0, 'Pressure': 1015.1, 'Irradiation': 2, 'Irr_max': 34, 'Rain': 0.0, 'Rain_min_time': 0.0}
2026-03-21 09:15:23,493 - uplink - INFO - Verarbeite Uplink für Gerät: AABBCC01020316
2026-03-21 09:15:23,501 - uplink - INFO - Daten erfolgreich in DB gespeichert für AABBCC01020316: {'Type': 1, 'Battery': 4.2, 'Temperature': 24.3, 'T_min': 23.6, 'T_max': 25.6, 'Humidity': 53.8, 'Pressure': 1017.25, 'Irradiation': 0, 'Irr_max': 34, 'Rain': 0.0, 'Rain_min_time': 0.0}
2026-03-21 09:15:25,850 - uplink - INFO - Verarbeite Uplink für Gerät: AABBCC01020412
2026-03-21 09:15:25,857 - uplink - INFO - Daten erfolgreich in DB gespeichert für AABBCC01020412: {'Type': 1, 'Battery': 3.85, 'Temperature': 16.9, 'T_min': 16.2, 'T_max': 17.1, 'Humidity': 42.8, 'Pressure': 1012.0, 'Irradiation': 0, 'Irr_max': 28, 'Rain': 0.0, 'Rain_min_time': 0.0}
2026-03-21 09:15:26,301 - uplink - INFO - Verarbeite Uplink für Gerät: AABBCC01020307
2026-03-21 09:15:26,309 - uplink - INFO - Daten erfolgreich in DB gespeichert für AABBCC01020307: {'Type': 1, 'Battery': 3.85, 'Temperature': 18.3, 'T_min': 18.3, 'T_max': 19.5, 'Humidity': 40.0, 'Pressure': 1015.1, 'Irradiation': 0, 'Irr_max': 26, 'Rain': 0.0, 'Rain_min_time': 0.0}
2026-03-21 09:15:33,528 - uplink - INFO - Verarbeite Uplink für Gerät: AABBCC01020316
2026-03-21 09:15:33,535 - uplink - INFO - Daten erfolgreich in DB gespeichert für AABBCC01020316: {'Type': 1, 'Battery': 4.2, 'Temperature': 24.3, 'T_min': 23.5, 'T_max': 25.6, 'Humidity': 54.0, 'Pressure': 1017.25, 'Irradiation': 0, 'Irr_max': 42, 'Rain': 0.0, 'Rain_min_time': 0.0}
2026-03-21 09:15:35,876 - uplink - INFO - Verarbeite Uplink für Gerät: AABBCC01020412
2026-03-21 09:15:35,884 - uplink - INFO - Daten erfolgreich in DB gespeichert für AABBCC01020412: {'Type': 1, 'Battery': 3.85, 'Temperature': 16.9, 'T_min': 16.3, 'T_max': 18.0, 'Humidity': 42.8, 'Pressure': 1012.0, 'Irradiation': 0, 'Irr_max': 6, 'Rain': 0.0, 'Rain_min_time': 0.0}
2026-03-21 09:15:36,326 - uplink - INFO - Verarbeite Uplink für Gerät: AABBCC01020307
2026-03-21 09:15:36,335 - uplink - INFO - Daten erfolgreich in DB gespeichert für AABBCC01020307: {'Type': 1, 'Battery': 3.85, 'Temperature': 18.3, 'T_min': 17.1, 'T_max': 18.9, 'Humidity': 40.0, 'Pressure': 1015.1, 'Irradiation': 0, 'Irr_max': 30, 'Rain': 0.0, 'Rain_min_time': 0.0}
2026-03-21 09:15:43,540 - uplink - INFO - Verarbeite Uplink für Gerät: AABBCC01020316
2026-03-21 09:15:43,548 - uplink - INFO - Daten erfolgreich in DB gespeichert für AABBCC01020316: {'Type': 1, 'Battery': 4.2, 'Temperature': 24.3, 'T_min': 23.9, 'T_max': 25.2, 'Humidity': 53.8, 'Pressure': 1017.25, 'Irradiation': 2, 'Irr_max': 50, 'Rain': 0.0, 'Rain_min_time': 0.0}
2026-03-21 09:15:45,909 - uplink - INFO - Verarbeite Uplink für Gerät: AABBCC01020412
2026-03-21 09:15:45,916 - uplink - INFO - Daten erfolgreich in DB gespeichert für AABBCC01020412: {'Type': 1, 'Battery': 3.85, 'Temperature': 16.9, 'T_min': 16.4, 'T_max': 17.7, 'Humidity': 42.8, 'Pressure': 1012.0, 'Irradiation': 0, 'Irr_max': 38, 'Rain': 0.0, 'Rain_min_time': 0.0}
2026-03-21 09:15:46,361 - uplink - INFO - Verarbeite Uplink für Gerät: AABBCC01020307
2026-03-21 09:15:46,369 - uplink - INFO - Daten erfolgreich in DB gespeichert für AABBCC01020307: {'Type': 1, 'Battery': 3.85, 'Temperature': 18.3, 'T_min': 17.9, 'T_max': 18.7, 'Humidity': 40.0, 'Pressure': 1015.1, 'Irradiation': 0, 'Irr_max': 38, 'Rain': 0.0, 'Rain_min_time': 0.0}
2026-03-21 09:15:53,570 - uplink - INFO - Verarbeite Uplink für Gerät: AABBCC01020316
2026-03-21 09:15:53,578 - uplink - INFO - Daten erfolgreich in DB gespeichert für AABBCC01020316: {'Type': 1, 'Battery': 4.2, 'Temperature': 24.3, 'T_min': 23.9, 'T_max': 25.1, 'Humidity': 53.8, 'Pressure': 1017.25, 'Irradiation': 2, 'Irr_max': 14, 'Rain': 0.0, 'Rain_min_time': 0.0}
2026-03-21 09:15:55,921 - uplink - INFO - Verarbeite Uplink für Gerät: AABBCC01020412
2026-03-21 09:15:55,929 - uplink - INFO - Daten erfolgreich in DB gespeichert für AABBCC01020412: {'Type': 1, 'Battery': 3.85, 'Temperature': 16.9, 'T_min': 16.3, 'T_max': 17.0, 'Humidity': 42.8, 'Pressure': 1012.0, 'Irradiation': 2, 'Irr_max': 28, 'Rain': 0.0, 'Rain_min_time': 0.0}
2026-03-21 09:15:56,385 - uplink - INFO - Verarbeite Uplink für Gerät: AABBCC01020307
2026-03-21 09:15:56,393 - uplink - INFO - Daten erfolgreich in DB gespeichert für AABBCC01020307: {'Type': 1, 'Battery': 3.85, 'Temperature': 18.4, 'T_min': 17.0, 'T_max': 18.9, 'Humidity': 40.0, 'Pressure': 1015.1, 'Irradiation': 0, 'Irr_max': 28, 'Rain': 0.0, 'Rain_min_time': 0.0}
2026-03-21 09:16:03,600 - uplink - INFO - Verarbeite Uplink für Gerät: AABBCC01020316
2026-03-21 09:16:03,607 - uplink - INFO - Daten erfolgreich in DB gespeichert für AABBCC01020316: {'Type': 1, 'Battery': 4.2, 'Temperature': 24.3, 'T_min': 24.1, 'T_max': 25.2, 'Humidity': 54.0, 'Pressure': 1017.25, 'Irradiation': 4, 'Irr_max': 32, 'Rain': 0.0, 'Rain_min_time': 0.0}
2026-03-21 09:16:05,932 - uplink - INFO - Verarbeite Uplink für Gerät: AABBCC01020412
2026-03-21 09:16:05,940 - uplink - INFO - Daten erfolgreich in DB gespeichert für AABBCC01020412: {'Type': 1, 'Battery': 3.85, 'Temperature': 16.9, 'T_min': 16.3, 'T_max': 17.2, 'Humidity': 42.8, 'Pressure': 1012.0, 'Irradiation': 2, 'Irr_max': 8, 'Rain': 0.0, 'Rain_min_time': 0.0}
2026-03-21 09:16:06,397 - uplink - INFO - Verarbeite Uplink für Gerät: AABBCC01020307
2026-03-21 09:16:06,404 - uplink - INFO - Daten erfolgreich in DB gespeichert für AABBCC01020307: {'Type': 1, 'Battery': 3.85, 'Temperature': 18.4, 'T_min': 18.3, 'T_max': 18.8, 'Humidity': 39.8, 'Pressure': 1015.1, 'Irradiation': 0, 'Irr_max': 22, 'Rain': 0.0, 'Rain_min_time': 0.0}
2026-03-21 09:16:13,613 - uplink - INFO - Verarbeite Uplink für Gerät: AABBCC01020316
2026-03-21 09:16:13,622 - uplink - INFO - Daten erfolgreich in DB gespeichert für AABBCC01020316: {'Type': 1, 'Battery': 4.2, 'Temperature': 24.3, 'T_min': 23.6, 'T_max': 25.7, 'Humidity': 54.0, 'Pressure': 1017.25, 'Irradiation': 4, 'Irr_max': 40, 'Rain': 0.0, 'Rain_min_time': 0.0}
2026-03-21 09:16:15,966 - uplink - INFO - Verarbeite Uplink für Gerät: AABBCC01020412
2026-03-21 09:16:15,974 - uplink - INFO - Daten erfolgreich in DB gespeichert für AABBCC01020412: {'Type': 1, 'Battery': 3.85, 'Temperature': 16.9, 'T_min': 16.0, 'T_max': 17.5, 'Humidity': 42.8, 'Pressure': 1012.0, 'Irradiation': 2, 'Irr_max': 18, 'Rain': 0.0, 'Rain_min_time': 0.0}
2026-03-21 09:16:16,409 - uplink - INFO - Verarbeite Uplink für Gerät: AABBCC01020307
2026-03-21 09:16:16,417 - uplink - INFO - Daten erfolgreich in DB gespeichert für AABBCC01020307: {'Type': 1, 'Battery': 3.85, 'Temperature': 18.4, 'T_min': 17.5, 'T_max': 19.8, 'Humidity': 39.8, 'Pressure': 1015.1, 'Irradiation': 0, 'Irr_max': 16, 'Rain': 0.0, 'Rain_min_time': 0.0}
2026-03-21 09:16:23,627 - uplink - INFO - Verarbeite Uplink für Gerät: AABBCC01020316
2026-03-21 09:16:23,635 - uplink - INFO - Daten erfolgreich in DB gespeichert für AABBCC01020316: {'Type': 1, 'Battery': 4.2, 'Temperature': 24.3, 'T_min': 24.1, 'T_max': 24.4, 'Humidity': 54.0, 'Pressure': 1017.25, 'Irradiation': 0, 'Irr_max': 48, 'Rain': 0.0, 'Rain_min_time': 0.0}
2026-03-21 09:16:25,979 - uplink - INFO - Verarbeite Uplink für Gerät: AABBCC01020412
2026-03-21 09:16:25,986 - uplink - INFO - Daten erfolgreich in DB gespeichert für AABBCC01020412: {'Type': 1, 'Battery': 3.85, 'Temperature': 16.9, 'T_min': 15.6, 'T_max': 17.2, 'Humidity': 42.8, 'Pressure': 1012.0, 'Irradiation': 2, 'Irr_max': 46, 'Rain': 0.0, 'Rain_min_time': 0.0}
2026-03-21 09:16:26,438 - uplink - INFO - Verarbeite Uplink für Gerät: AABBCC01020307
2026-03-21 09:16:26,446 - uplink - INFO - Daten erfolgreich in DB gespeichert für AABBCC01020307: {'Type': 1, 'Battery': 3.85, 'Temperature': 18.4, 'T_min': 17.8, 'T_max': 18.7, 'Humidity': 39.8, 'Pressure': 1015.1, 'Irradiation': 0, 'Irr_max': 0, 'Rain': 0.0, 'Rain_min_time': 0.0}
2026-03-21 09:16:33,639 - uplink - INFO - Verarbeite Uplink für Gerät: AABBCC01020316
2026-03-21 09:16:33,647 - uplink - INFO - Daten erfolgreich in DB gespeichert für AABBCC01020316: {'Type': 1, 'Battery': 4.2, 'Temperature': 24.3, 'T_min': 23.4, 'T_max': 24.5, 'Humidity': 54.0, 'Pressure': 1017.25, 'Irradiation': 0, 'Irr_max': 40, 'Rain': 0.0, 'Rain_min_time': 0.0}
2026-03-21 09:16:36,006 - uplink - INFO - Verarbeite Uplink für Gerät: AABBCC01020412
2026-03-21 09:16:36,013 - uplink - INFO - Daten erfolgreich in DB gespeichert für AABBCC01020412: {'Type': 1, 'Battery': 3.85, 'Temperature': 16.9, 'T_min': 16.4, 'T_max': 17.8, 'Humidity': 42.8, 'Pressure': 1012.0, 'Irradiation': 2, 'Irr_max': 16, 'Rain': 0.0, 'Rain_min_time': 0.0}
2026-03-21 09:16:36,470 - uplink - INFO - Verarbeite Uplink für Gerät: AABBCC01020307
2026-03-21 09:16:36,478 - uplink - INFO - Daten erfolgreich in DB gespeichert für AABBCC01020307: {'Type': 1, 'Battery': 3.85, 'Temperature': 18.4, 'T_min': 18.0, 'T_max': 19.1, 'Humidity': 39.8, 'Pressure': 1015.1, 'Irradiation': 0, 'Irr_max': 10, 'Rain': 0.0, 'Rain_min_time': 0.0}
2026-03-21 09:16:43,667 - uplink - INFO - Verarbeite Uplink für Gerät: AABBCC01020316
2026-03-21 09:16:43,675 - uplink - INFO - Daten erfolgreich in DB gespeichert für AABBCC01020316: {'Type': 1, 'Battery': 4.2, 'Temperature': 24.3, 'T_min': 24.1, 'T_max': 24.4, 'Humidity': 54.0, 'Pressure': 1017.25, 'Irradiation': 0, 'Irr_max': 44, 'Rain': 0.0, 'Rain_min_time': 0.0}
2026-03-21 09:16:46,041 - uplink - INFO - Verarbeite Uplink für Gerät: AABBCC01020412
2026-03-21 09:16:46,051 - uplink - INFO - Daten erfolgreich in DB gespeichert für AABBCC01020412: {'Type': 1, 'Battery': 3.85, 'Temperature': 16.9, 'T_min': 16.6, 'T_max': 17.4, 'Humidity': 42.8, 'Pressure': 1012.0, 'Irradiation': 0, 'Irr_max': 2, 'Rain': 3.0, 'Rain_min_time': 0.0}
2026-03-21 09:16:46,491 - uplink - INFO - Verarbeite Uplink für Gerät: AABBCC01020307
2026-03-21 09:16:46,498 - uplink - INFO - Daten erfolgreich in DB gespeichert für AABBCC01020307: {'Type': 1, 'Battery': 3.85, 'Temperature': 18.4, 'T_min': 17.2, 'T_max': 18.8, 'Humidity': 39.8, 'Pressure': 1015.1, 'Irradiation': 0, 'Irr_max': 12, 'Rain': 0.0, 'Rain_min_time': 0.0}
2026-03-21 09:16:53,703 - uplink - INFO - Verarbeite Uplink für Gerät: AABBCC01020316
2026-03-21 09:16:53,711 - uplink - INFO - Daten erfolgreich in DB gespeichert für AABBCC01020316: {'Type': 1, 'Battery': 4.2, 'Temperature': 24.3, 'T_min': 23.2, 'T_max': 25.5, 'Humidity': 54.0, 'Pressure': 1017.25, 'Irradiation': 2, 'Irr_max': 36, 'Rain': 3.0, 'Rain_min_time': 0.0}
2026-03-21 09:16:56,071 - uplink - INFO - Verarbeite Uplink für Gerät: AABBCC01020412
2026-03-21 09:16:56,078 - uplink - INFO - Daten erfolgreich in DB gespeichert für AABBCC01020412: {'Type': 1, 'Battery': 3.85, 'Temperature': 16.9, 'T_min': 15.8, 'T_max': 18.0, 'Humidity': 42.8, 'Pressure': 1012.0, 'Irradiation': 0, 'Irr_max': 28, 'Rain': 0.0, 'Rain_min_time': 0.0}
2026-03-21 09:16:56,520 - uplink - INFO - Verarbeite Uplink für Gerät: AABBCC01020307
2026-03-21 09:16:56,527 - uplink - INFO - Daten erfolgreich in DB gespeichert für AABBCC01020307: {'Type': 1, 'Battery': 3.85, 'Temperature': 18.4, 'T_min': 18.2, 'T_max': 19.4, 'Humidity': 39.8, 'Pressure': 1015.1, 'Irradiation': 2, 'Irr_max': 48, 'Rain': 0.0, 'Rain_min_time': 0.0}
2026-03-21 09:17:03,714 - uplink - INFO - Verarbeite Uplink für Gerät: AABBCC01020316
2026-03-21 09:17:03,722 - uplink - INFO - Daten erfolgreich in DB gespeichert für AABBCC01020316: {'Type': 1, 'Battery': 4.2, 'Temperature': 24.3, 'T_min': 23.7, 'T_max': 24.4, 'Humidity': 54.0, 'Pressure': 1017.25, 'Irradiation': 0, 'Irr_max': 30, 'Rain': 0.0, 'Rain_min_time': 0.0}
2026-03-21 09:17:06,095 - uplink - INFO - Verarbeite Uplink für Gerät: AABBCC01020412
2026-03-21 09:17:06,103 - uplink - INFO - Daten erfolgreich in DB gespeichert für AABBCC01020412: {'Type': 1, 'Battery': 3.85, 'Temperature': 16.9, 'T_min': 16.8, 'T_max': 18.3, 'Humidity': 42.8, 'Pressure': 1012.0, 'Irradiation': 0, 'Irr_max': 8, 'Rain': 0.0, 'Rain_min_time': 0.0}
2026-03-21 09:17:06,531 - uplink - INFO - Verarbeite Uplink für Gerät: AABBCC01020307
2026-03-21 09:17:06,539 - uplink - INFO - Daten erfolgreich in DB gespeichert für AABBCC01020307: {'Type': 1, 'Battery': 3.85, 'Temperature': 18.4, 'T_min': 17.6, 'T_max': 18.7, 'Humidity': 39.8, 'Pressure': 1015.1, 'Irradiation': 2, 'Irr_max': 30, 'Rain': 0.0, 'Rain_min_time': 0.0}
2026-03-21 09:17:13,727 - uplink - INFO - Verarbeite Uplink für Gerät: AABBCC01020316
2026-03-21 09:17:13,735 - uplink - INFO - Daten erfolgreich in DB gespeichert für AABBCC01020316: {'Type': 1, 'Battery': 4.2, 'Temperature': 24.3, 'T_min': 24.2, 'T_max': 25.1, 'Humidity': 54.0, 'Pressure': 1017.25, 'Irradiation': 0, 'Irr_max': 8, 'Rain': 0.0, 'Rain_min_time': 0.0}
2026-03-21 09:17:16,116 - uplink - INFO - Verarbeite Uplink für Gerät: AABBCC01020412
2026-03-21 09:17:16,124 - uplink - INFO - Daten erfolgreich in DB gespeichert für AABBCC01020412: {'Type': 1, 'Battery': 3.85, 'Temperature': 16.9, 'T_min': 16.4, 'T_max': 17.0, 'Humidity': 42.8, 'Pressure': 1012.0, 'Irradiation': 0, 'Irr_max': 6, 'Rain': 0.0, 'Rain_min_time': 0.0}
2026-03-21 09:17:16,564 - uplink - INFO - Verarbeite Uplink für Gerät: AABBCC01020307
2026-03-21 09:17:16,573 - uplink - INFO - Daten erfolgreich in DB gespeichert für AABBCC01020307: {'Type': 1, 'Battery': 3.85, 'Temperature': 18.4, 'T_min': 17.3, 'T_max': 18.5, 'Humidity': 39.8, 'Pressure': 1015.1, 'Irradiation': 0, 'Irr_max': 46, 'Rain': 0.0, 'Rain_min_time': 0.0}
2026-03-21 09:17:23,750 - uplink - INFO - Verarbeite Uplink für Gerät: AABBCC01020316
2026-03-21 09:17:23,757 - uplink - INFO - Daten erfolgreich in DB gespeichert für AABBCC01020316: {'Type': 1, 'Battery': 4.2, 'Temperature': 24.3, 'T_min': 22.8, 'T_max': 24.6, 'Humidity': 54.0, 'Pressure': 1017.25, 'Irradiation': 0, 'Irr_max': 6, 'Rain': 0.0, 'Rain_min_time': 0.0}
2026-03-21 09:17:26,130 - uplink - INFO - Verarbeite Uplink für Gerät: AABBCC01020412
2026-03-21 09:17:26,137 - uplink - INFO - Daten erfolgreich in DB gespeichert für AABBCC01020412: {'Type': 1, 'Battery': 3.85, 'Temperature': 16.9, 'T_min': 16.7, 'T_max': 17.2, 'Humidity': 42.8, 'Pressure': 1012.0, 'Irradiation': 2, 'Irr_max': 32, 'Rain': 0.0, 'Rain_min_time': 0.0}
2026-03-21 09:17:26,597 - uplink - INFO - Verarbeite Uplink für Gerät: AABBCC01020307
2026-03-21 09:17:26,604 - uplink - INFO - Daten erfolgreich in DB gespeichert für AABBCC01020307: {'Type': 1, 'Battery': 3.85, 'Temperature': 18.4, 'T_min': 17.9, 'T_max': 19.5, 'Humidity': 39.8, 'Pressure': 1015.1, 'Irradiation': 0, 'Irr_max': 8, 'Rain': 0.0, 'Rain_min_time': 0.0}
2026-03-21 09:17:33,762 - uplink - INFO - Verarbeite Uplink für Gerät: AABBCC01020316
2026-03-21 09:17:33,769 - uplink - INFO - Daten erfolgreich in DB gespeichert für AABBCC01020316: {'Type': 1, 'Battery': 4.2, 'Temperature': 24.3, 'T_min': 23.6, 'T_max': 24.9, 'Humidity': 54.0, 'Pressure': 1017.25, 'Irradiation': 0, 'Irr_max': 46, 'Rain': 0.0, 'Rain_min_time': 0.0}
2026-03-21 09:17:36,155 - uplink - INFO - Verarbeite Uplink für Gerät: AABBCC01020412
2026-03-21 09:17:36,163 - uplink - INFO - Daten erfolgreich in DB gespeichert für AABBCC01020412: {'Type': 1, 'Battery': 3.85, 'Temperature': 16.9, 'T_min': 15.5, 'T_max': 17.2, 'Humidity': 42.8, 'Pressure': 1012.0, 'Irradiation': 4, 'Irr_max': 32, 'Rain': 0.0, 'Rain_min_time': 0.0}
2026-03-21 09:17:36,621 - uplink - INFO - Verarbeite Uplink für Gerät: AABBCC01020307
2026-03-21 09:17:36,628 - uplink - INFO - Daten erfolgreich in DB gespeichert für AABBCC01020307: {'Type': 1, 'Battery': 3.85, 'Temperature': 18.4, 'T_min': 17.4, 'T_max': 19.2, 'Humidity': 39.8, 'Pressure': 1015.1, 'Irradiation': 0, 'Irr_max': 8, 'Rain': 0.0, 'Rain_min_time': 0.0}
2026-03-21 09:17:43,784 - uplink - INFO - Verarbeite Uplink für Gerät: AABBCC01020316
2026-03-21 09:17:43,792 - uplink - INFO - Daten erfolgreich in DB gespeichert für AABBCC01020316: {'Type': 1, 'Battery': 4.2, 'Temperature': 24.3, 'T_min': 24.1, 'T_max': 25.6, 'Humidity': 54.0, 'Pressure': 1017.25, 'Irradiation': 0, 'Irr_max': 50, 'Rain': 0.0, 'Rain_min_time': 0.0}
2026-03-21 09:17:46,188 - uplink - INFO - Verarbeite Uplink für Gerät: AABBCC01020412
2026-03-21 09:17:46,196 - uplink - INFO - Daten erfolgreich in DB gespeichert für AABBCC01020412: {'Type': 1, 'Battery': 3.85, 'Temperature': 16.9, 'T_min': 16.6, 'T_max': 17.4, 'Humidity': 42.8, 'Pressure': 1012.0, 'Irradiation': 0, 'Irr_max': 44, 'Rain': 0.0, 'Rain_min_time': 0.0}
2026-03-21 09:17:46,653 - uplink - INFO - Verarbeite Uplink für Gerät: AABBCC01020307
2026-03-21 09:17:46,661 - uplink - INFO - Daten erfolgreich in DB gespeichert für AABBCC01020307: {'Type': 1, 'Battery': 3.85, 'Temperature': 18.4, 'T_min': 17.5, 'T_max': 19.7, 'Humidity': 39.8, 'Pressure': 1015.1, 'Irradiation': 0, 'Irr_max': 20, 'Rain': 0.0, 'Rain_min_time': 0.0}
2026-03-21 09:17:53,798 - uplink - INFO - Verarbeite Uplink für Gerät: AABBCC01020316
2026-03-21 09:17:53,806 - uplink - INFO - Daten erfolgreich in DB gespeichert für AABBCC01020316: {'Type': 1, 'Battery': 4.2, 'Temperature': 24.3, 'T_min': 24.1, 'T_max': 25.4, 'Humidity': 54.0, 'Pressure': 1017.25, 'Irradiation': 0, 'Irr_max': 30, 'Rain': 0.0, 'Rain_min_time': 0.0}
2026-03-21 09:17:56,201 - uplink - INFO - Verarbeite Uplink für Gerät: AABBCC01020412
2026-03-21 09:17:56,209 - uplink - INFO - Daten erfolgreich in DB gespeichert für AABBCC01020412: {'Type': 1, 'Battery': 3.85, 'Temperature': 16.9, 'T_min': 15.7, 'T_max': 17.4, 'Humidity': 42.8, 'Pressure': 1012.0, 'Irradiation': 0, 'Irr_max': 8, 'Rain': 0.0, 'Rain_min_time': 0.0}
2026-03-21 09:17:56,666 - uplink - INFO - Verarbeite Uplink für Gerät: AABBCC01020307
2026-03-21 09:17:56,674 - uplink - INFO - Daten erfolgreich in DB gespeichert für AABBCC01020307: {'Type': 1, 'Battery': 3.85, 'Temperature': 18.4, 'T_min': 18.3, 'T_max': 19.2, 'Humidity': 39.8, 'Pressure': 1015.1, 'Irradiation': 0, 'Irr_max': 28, 'Rain': 0.0, 'Rain_min_time': 0.0}
2026-03-21 09:18:03,829 - uplink - INFO - Verarbeite Uplink für Gerät: AABBCC01020316
2026-03-21 09:18:03,837 - uplink - INFO - Daten erfolgreich in DB gespeichert für AABBCC01020316: {'Type': 1, 'Battery': 4.2, 'Temperature': 24.3, 'T_min': 24.2, 'T_max': 24.5, 'Humidity': 53.8, 'Pressure': 1017.25, 'Irradiation': 0, 'Irr_max': 42, 'Rain': 0.0, 'Rain_min_time': 0.0}
2026-03-21 09:18:06,214 - uplink - INFO - Verarbeite Uplink für Gerät: AABBCC01020412
2026-03-21 09:18:06,221 - uplink - INFO - Daten erfolgreich in DB gespeichert für AABBCC01020412: {'Type': 1, 'Battery': 3.85, 'Temperature': 16.9, 'T_min': 16.5, 'T_max': 18.0, 'Humidity': 42.8, 'Pressure': 1012.0, 'Irradiation': 2, 'Irr_max': 34, 'Rain': 0.0, 'Rain_min_time': 0.0}
2026-03-21 09:18:06,689 - uplink - INFO - Verarbeite Uplink für Gerät: AABBCC01020307
2026-03-21 09:18:06,698 - uplink - INFO - Daten erfolgreich in DB gespeichert für AABBCC01020307: {'Type': 1, 'Battery': 3.85, 'Temperature': 18.4, 'T_min': 17.9, 'T_max': 18.9, 'Humidity': 39.8, 'Pressure': 1015.1, 'Irradiation': 0, 'Irr_max': 22, 'Rain': 5.0, 'Rain_min_time': 0.0}
2026-03-21 09:18:13,864 - uplink - INFO - Verarbeite Uplink für Gerät: AABBCC01020316
2026-03-21 09:18:13,872 - uplink - INFO - Daten erfolgreich in DB gespeichert für AABBCC01020316: {'Type': 1, 'Battery': 4.2, 'Temperature': 24.3, 'T_min': 23.9, 'T_max': 24.5, 'Humidity': 54.0, 'Pressure': 1017.25, 'Irradiation': 0, 'Irr_max': 32, 'Rain': 0.0, 'Rain_min_time': 0.0}
2026-03-21 09:18:16,237 - uplink - INFO - Verarbeite Uplink für Gerät: AABBCC01020412
2026-03-21 09:18:16,245 - uplink - INFO - Daten erfolgreich in DB gespeichert für AABBCC01020412: {'Type': 1, 'Battery': 3.85, 'Temperature': 16.9, 'T_min': 15.8, 'T_max': 17.5, 'Humidity': 42.8, 'Pressure': 1012.0, 'Irradiation': 0, 'Irr_max': 50, 'Rain': 0.0, 'Rain_min_time': 0.0}
2026-03-21 09:18:16,704 - uplink - INFO - Verarbeite Uplink für Gerät: AABBCC01020307
2026-03-21 09:18:16,711 - uplink - INFO - Daten erfolgreich in DB gespeichert für AABBCC01020307: {'Type': 1, 'Battery': 3.85, 'Temperature': 18.4, 'T_min': 17.2, 'T_max': 19.3, 'Humidity': 39.8, 'Pressure': 1015.1, 'Irradiation': 0, 'Irr_max': 38, 'Rain': 3.0, 'Rain_min_time': 0.0}
2026-03-21 09:18:23,891 - uplink - INFO - Verarbeite Uplink für Gerät: AABBCC01020316
2026-03-21 09:18:23,899 - uplink - INFO - Daten erfolgreich in DB gespeichert für AABBCC01020316: {'Type': 1, 'Battery': 4.2, 'Temperature': 24.3, 'T_min': 23.0, 'T_max': 24.8, 'Humidity': 54.0, 'Pressure': 1017.25, 'Irradiation': 0, 'Irr_max': 6, 'Rain': 0.0, 'Rain_min_time': 0.0}
2026-03-21 09:18:26,263 - uplink - INFO - Verarbeite Uplink für Gerät: AABBCC01020412
2026-03-21 09:18:26,270 - uplink - INFO - Daten erfolgreich in DB gespeichert für AABBCC01020412: {'Type': 1, 'Battery': 3.85, 'Temperature': 16.9, 'T_min': 16.0, 'T_max': 17.0, 'Humidity': 42.8, 'Pressure': 1012.0, 'Irradiation': 0, 'Irr_max': 42, 'Rain': 0.0, 'Rain_min_time': 0.0}
2026-03-21 09:18:26,728 - uplink - INFO - Verarbeite Uplink für Gerät: AABBCC01020307
2026-03-21 09:18:26,736 - uplink - INFO - Daten erfolgreich in DB gespeichert für AABBCC01020307: {'Type': 1, 'Battery': 3.85, 'Temperature': 18.4, 'T_min': 17.1, 'T_max': 19.5, 'Humidity': 39.8, 'Pressure': 1015.1, 'Irradiation': 0, 'Irr_max': 14, 'Rain': 0.0, 'Rain_min_time': 0.0}
2026-03-21 09:18:33,913 - uplink - INFO - Verarbeite Uplink für Gerät: AABBCC01020316
2026-03-21 09:18:33,921 - uplink - INFO - Daten erfolgreich in DB gespeichert für AABBCC01020316: {'Type': 1, 'Battery': 4.2, 'Temperature': 24.3, 'T_min': 23.4, 'T_max': 25.6, 'Humidity': 54.0, 'Pressure': 1017.25, 'Irradiation': 0, 'Irr_max': 42, 'Rain': 0.0, 'Rain_min_time': 0.0}
2026-03-21 09:18:36,274 - uplink - INFO - Verarbeite Uplink für Gerät: AABBCC01020412
2026-03-21 09:18:36,281 - uplink - INFO - Daten erfolgreich in DB gespeichert für AABBCC01020412: {'Type': 1, 'Battery': 3.85, 'Temperature': 16.9, 'T_min': 16.4, 'T_max': 18.3, 'Humidity': 42.8, 'Pressure': 1012.0, 'Irradiation': 0, 'Irr_max': 16, 'Rain': 0.0, 'Rain_min_time': 0.0}
2026-03-21 09:18:36,762 - uplink - INFO - Verarbeite Uplink für Gerät: AABBCC01020307
2026-03-21 09:18:36,769 - uplink - INFO - Daten erfolgreich in DB gespeichert für AABBCC01020307: {'Type': 1, 'Battery': 3.85, 'Temperature': 18.4, 'T_min': 18.4, 'T_max': 19.9, 'Humidity': 39.8, 'Pressure': 1015.1, 'Irradiation': 0, 'Irr_max': 10, 'Rain': 0.0, 'Rain_min_time': 0.0}
2026-03-21 09:18:43,945 - uplink - INFO - Verarbeite Uplink für Gerät: AABBCC01020316
2026-03-21 09:18:43,954 - uplink - INFO - Daten erfolgreich in DB gespeichert für AABBCC01020316: {'Type': 1, 'Battery': 4.2, 'Temperature': 24.3, 'T_min': 23.1, 'T_max': 25.4, 'Humidity': 54.0, 'Pressure': 1017.25, 'Irradiation': 0, 'Irr_max': 10, 'Rain': 0.0, 'Rain_min_time': 0.0}
2026-03-21 09:18:46,307 - uplink - INFO - Verarbeite Uplink für Gerät: AABBCC01020412
2026-03-21 09:18:46,315 - uplink - INFO - Daten erfolgreich in DB gespeichert für AABBCC01020412: {'Type': 1, 'Battery': 3.85, 'Temperature': 16.9, 'T_min': 15.8, 'T_max': 17.6, 'Humidity': 42.8, 'Pressure': 1012.0, 'Irradiation': 0, 'Irr_max': 28, 'Rain': 0.0, 'Rain_min_time': 0.0}
2026-03-21 09:18:46,774 - uplink - INFO - Verarbeite Uplink für Gerät: AABBCC01020307
2026-03-21 09:18:46,782 - uplink - INFO - Daten erfolgreich in DB gespeichert für AABBCC01020307: {'Type': 1, 'Battery': 3.85, 'Temperature': 18.4, 'T_min': 18.2, 'T_max': 19.4, 'Humidity': 39.8, 'Pressure': 1015.1, 'Irradiation': 0, 'Irr_max': 16, 'Rain': 0.0, 'Rain_min_time': 0.0}
2026-03-21 09:18:53,959 - uplink - INFO - Verarbeite Uplink für Gerät: AABBCC01020316
2026-03-21 09:18:53,967 - uplink - INFO - Daten erfolgreich in DB gespeichert für AABBCC01020316: {'Type': 1, 'Battery': 4.2, 'Temperature': 24.3, 'T_min': 23.6, 'T_max': 25.6, 'Humidity': 54.0, 'Pressure': 1017.25, 'Irradiation': 0, 'Irr_max': 48, 'Rain': 0.0, 'Rain_min_time': 0.0}
2026-03-21 09:18:56,333 - uplink - INFO - Verarbeite Uplink für Gerät: AABBCC01020412
2026-03-21 09:18:56,341 - uplink - INFO - Daten erfolgreich in DB gespeichert für AABBCC01020412: {'Type': 1, 'Battery': 3.85, 'Temperature': 16.9, 'T_min': 15.7, 'T_max': 17.3, 'Humidity': 42.8, 'Pressure': 1012.0, 'Irradiation': 0, 'Irr_max': 6, 'Rain': 0.0, 'Rain_min_time': 0.0}
2026-03-21 09:18:56,797 - uplink - INFO - Verarbeite Uplink für Gerät: AABBCC01020307
2026-03-21 09:18:56,804 - uplink - INFO - Daten erfolgreich in DB gespeichert für AABBCC01020307: {'Type': 1, 'Battery': 3.85, 'Temperature': 18.4, 'T_min': 17.1, 'T_max': 19.8, 'Humidity': 39.8, 'Pressure': 1015.1, 'Irradiation': 0, 'Irr_max': 32, 'Rain': 0.0, 'Rain_min_time': 0.0}
2026-03-21 09:19:03,978 - uplink - INFO - Verarbeite Uplink für Gerät: AABBCC01020316
2026-03-21 09:19:03,986 - uplink - INFO - Daten erfolgreich in DB gespeichert für AABBCC01020316: {'Type': 1, 'Battery': 4.2, 'Temperature': 24.3, 'T_min': 23.4, 'T_max': 25.7, 'Humidity': 54.0, 'Pressure': 1017.25, 'Irradiation': 0, 'Irr_max': 4, 'Rain': 0.0, 'Rain_min_time': 0.0}
2026-03-21 09:19:06,367 - uplink - INFO - Verarbeite Uplink für Gerät: AABBCC01020412
2026-03-21 09:19:06,375 - uplink - INFO - Daten erfolgreich in DB gespeichert für AABBCC01020412: {'Type': 1, 'Battery': 3.85, 'Temperature': 16.9, 'T_min': 16.5, 'T_max': 17.1, 'Humidity': 42.8, 'Pressure': 1012.0, 'Irradiation': 0, 'Irr_max': 36, 'Rain': 0.0, 'Rain_min_time': 0.0}
2026-03-21 09:19:06,807 - uplink - INFO - Verarbeite Uplink für Gerät: AABBCC01020307
2026-03-21 09:19:06,815 - uplink - INFO - Daten erfolgreich in DB gespeichert für AABBCC01020307: {'Type': 1, 'Battery': 3.85, 'Temperature': 18.4, 'T_min': 17.2, 'T_max': 19.7, 'Humidity': 39.8, 'Pressure': 1015.1, 'Irradiation': 0, 'Irr_max': 16, 'Rain': 0.0, 'Rain_min_time': 0.0}
2026-03-21 09:19:14,001 - uplink - INFO - Verarbeite Uplink für Gerät: AABBCC01020316
2026-03-21 09:19:14,008 - uplink - INFO - Daten erfolgreich in DB gespeichert für AABBCC01020316: {'Type': 1, 'Battery': 4.2, 'Temperature': 24.3, 'T_min': 23.0, 'T_max': 25.3, 'Humidity': 54.0, 'Pressure': 1017.25, 'Irradiation': 2, 'Irr_max': 38, 'Rain': 0.0, 'Rain_min_time': 0.0}
2026-03-21 09:19:16,389 - uplink - INFO - Verarbeite Uplink für Gerät: AABBCC01020412
2026-03-21 09:19:16,399 - uplink - INFO - Daten erfolgreich in DB gespeichert für AABBCC01020412: {'Type': 1, 'Battery': 3.85, 'Temperature': 16.9, 'T_min': 15.7, 'T_max': 18.3, 'Humidity': 42.8, 'Pressure': 1012.0, 'Irradiation': 2, 'Irr_max': 30, 'Rain': 0.0, 'Rain_min_time': 0.0}
2026-03-21 09:19:16,841 - uplink - INFO - Verarbeite Uplink für Gerät: AABBCC01020307
2026-03-21 09:19:16,848 - uplink - INFO - Daten erfolgreich in DB gespeichert für AABBCC01020307: {'Type': 1, 'Battery': 3.85, 'Temperature': 18.4, 'T_min': 18.0, 'T_max': 18.8, 'Humidity': 39.8, 'Pressure': 1015.1, 'Irradiation': 0, 'Irr_max': 16, 'Rain': 0.0, 'Rain_min_time': 0.0}
2026-03-21 09:19:24,033 - uplink - INFO - Verarbeite Uplink für Gerät: AABBCC01020316
2026-03-21 09:19:24,042 - uplink - INFO - Daten erfolgreich in DB gespeichert für AABBCC01020316: {'Type': 1, 'Battery': 4.2, 'Temperature': 24.3, 'T_min': 24.2, 'T_max': 24.8, 'Humidity': 54.0, 'Pressure': 1017.25, 'Irradiation': 2, 'Irr_max': 4, 'Rain': 0.0, 'Rain_min_time': 0.0}
2026-03-21 09:19:26,412 - uplink - INFO - Verarbeite Uplink für Gerät: AABBCC01020412
2026-03-21 09:19:26,420 - uplink - INFO - Daten erfolgreich in DB gespeichert für AABBCC01020412: {'Type': 1, 'Battery': 3.85, 'Temperature': 16.9, 'T_min': 16.0, 'T_max': 17.1, 'Humidity': 42.8, 'Pressure': 1012.0, 'Irradiation': 0, 'Irr_max': 34, 'Rain': 0.0, 'Rain_min_time': 0.0}
2026-03-21 09:19:26,876 - uplink - INFO - Verarbeite Uplink für Gerät: AABBCC01020307
2026-03-21 09:19:26,885 - uplink - INFO - Daten erfolgreich in DB gespeichert für AABBCC01020307: {'Type': 1, 'Battery': 3.85, 'Temperature': 18.4, 'T_min': 17.6, 'T_max': 19.7, 'Humidity': 39.8, 'Pressure': 1015.1, 'Irradiation': 2, 'Irr_max': 40, 'Rain': 0.0, 'Rain_min_time': 0.0}
2026-03-21 09:19:34,059 - uplink - INFO - Verarbeite Uplink für Gerät: AABBCC01020316
2026-03-21 09:19:34,281 - uplink - INFO - Daten erfolgreich in DB gespeichert für AABBCC01020316: {'Type': 1, 'Battery': 4.2, 'Temperature': 24.3, 'T_min': 23.4, 'T_max': 25.2, 'Humidity': 53.8, 'Pressure': 1017.25, 'Irradiation': 4, 'Irr_max': 44, 'Rain': 0.0, 'Rain_min_time': 0.0}
2026-03-21 09:19:36,437 - uplink - INFO - Verarbeite Uplink für Gerät: AABBCC01020412
2026-03-21 09:19:36,444 - uplink - INFO - Daten erfolgreich in DB gespeichert für AABBCC01020412: {'Type': 1, 'Battery': 3.85, 'Temperature': 16.9, 'T_min': 16.4, 'T_max': 17.7, 'Humidity': 42.8, 'Pressure': 1012.0, 'Irradiation': 2, 'Irr_max': 4, 'Rain': 0.0, 'Rain_min_time': 0.0}
2026-03-21 09:19:36,903 - uplink - INFO - Verarbeite Uplink für Gerät: AABBCC01020307
2026-03-21 09:19:36,911 - uplink - INFO - Daten erfolgreich in DB gespeichert für AABBCC01020307: {'Type': 1, 'Battery': 3.85, 'Temperature': 18.4, 'T_min': 17.0, 'T_max': 19.2, 'Humidity': 39.8, 'Pressure': 1015.1, 'Irradiation': 2, 'Irr_max': 30, 'Rain': 0.0, 'Rain_min_time': 0.0}
2026-03-21 09:19:44,304 - uplink - INFO - Verarbeite Uplink für Gerät: AABBCC01020316
2026-03-21 09:19:44,311 - uplink - INFO - Daten erfolgreich in DB gespeichert für AABBCC01020316: {'Type': 1, 'Battery': 4.2, 'Temperature': 24.3, 'T_min': 23.4, 'T_max': 24.9, 'Humidity': 53.8, 'Pressure': 1017.25, 'Irradiation': 4, 'Irr_max': 54, 'Rain': 0.0, 'Rain_min_time': 0.0}
2026-03-21 09:19:46,469 - uplink - INFO - Verarbeite Uplink für Gerät: AABBCC01020412
2026-03-21 09:19:46,476 - uplink - INFO - Daten erfolgreich in DB gespeichert für AABBCC01020412: {'Type': 1, 'Battery': 3.85, 'Temperature': 16.9, 'T_min': 16.3, 'T_max': 16.9, 'Humidity': 42.8, 'Pressure': 1012.0, 'Irradiation': 0, 'Irr_max': 20, 'Rain': 0.0, 'Rain_min_time': 0.0}
2026-03-21 09:19:46,936 - uplink - INFO - Verarbeite Uplink für Gerät: AABBCC01020307
2026-03-21 09:19:46,945 - uplink - INFO - Daten erfolgreich in DB gespeichert für AABBCC01020307: {'Type': 1, 'Battery': 3.85, 'Temperature': 18.4, 'T_min': 17.1, 'T_max': 19.4, 'Humidity': 39.8, 'Pressure': 1015.1, 'Irradiation': 0, 'Irr_max': 34, 'Rain': 0.0, 'Rain_min_time': 0.0}
2026-03-21 09:19:54,325 - uplink - INFO - Verarbeite Uplink für Gerät: AABBCC01020316
2026-03-21 09:19:54,333 - uplink - INFO - Daten erfolgreich in DB gespeichert für AABBCC01020316: {'Type': 1, 'Battery': 4.2, 'Temperature': 24.3, 'T_min': 24.0, 'T_max': 24.6, 'Humidity': 53.8, 'Pressure': 1017.25, 'Irradiation': 0, 'Irr_max': 22, 'Rain': 0.0, 'Rain_min_time': 0.0}
2026-03-21 09:19:56,500 - uplink - INFO - Verarbeite Uplink für Gerät: AABBCC01020412
2026-03-21 09:19:56,507 - uplink - INFO - Daten erfolgreich in DB gespeichert für AABBCC01020412: {'Type': 1, 'Battery': 3.85, 'Temperature': 16.9, 'T_min': 16.9, 'T_max': 18.3, 'Humidity': 42.8, 'Pressure': 1012.0, 'Irradiation': 0, 'Irr_max': 24, 'Rain': 0.0, 'Rain_min_time': 0.0}
2026-03-21 09:19:56,964 - uplink - INFO - Verarbeite Uplink für Gerät: AABBCC01020307
2026-03-21 09:19:56,971 - uplink - INFO - Daten erfolgreich in DB gespeichert für AABBCC01020307: {'Type': 1, 'Battery': 3.85, 'Temperature': 18.4, 'T_min': 17.2, 'T_max': 19.5, 'Humidity': 39.6, 'Pressure': 1015.1, 'Irradiation': 0, 'Irr_max': 24, 'Rain': 0.0, 'Rain_min_time': 0.0}
2026-03-21 09:20:04,348 - uplink - INFO - Verarbeite Uplink für Gerät: AABBCC01020316
2026-03-21 09:20:04,356 - uplink - INFO - Daten erfolgreich in DB gespeichert für AABBCC01020316: {'Type': 1, 'Battery': 4.2, 'Temperature': 24.3, 'T_min': 23.0, 'T_max': 25.8, 'Humidity': 53.8, 'Pressure': 1017.25, 'Irradiation': 0, 'Irr_max': 30, 'Rain': 0.0, 'Rain_min_time': 0.0}
2026-03-21 09:20:06,531 - uplink - INFO - Verarbeite Uplink für Gerät: AABBCC01020412
2026-03-21 09:20:06,541 - uplink - INFO - Daten erfolgreich in DB gespeichert für AABBCC01020412: {'Type': 1, 'Battery': 3.85, 'Temperature': 16.9, 'T_min': 16.8, 'T_max': 17.7, 'Humidity': 42.8, 'Pressure': 1012.0, 'Irradiation': 0, 'Irr_max': 0, 'Rain': 0.0, 'Rain_min_time': 0.0}
2026-03-21 09:20:06,997 - uplink - INFO - Verarbeite Uplink für Gerät: AABBCC01020307
2026-03-21 09:20:07,004 - uplink - INFO - Daten erfolgreich in DB gespeichert für AABBCC01020307: {'Type': 1, 'Battery': 3.85, 'Temperature': 18.4, 'T_min': 17.0, 'T_max': 18.5, 'Humidity': 39.6, 'Pressure': 1015.1, 'Irradiation': 0, 'Irr_max': 40, 'Rain': 0.0, 'Rain_min_time': 0.0}
2026-03-21 09:20:14,384 - uplink - INFO - Verarbeite Uplink für Gerät: AABBCC01020316
2026-03-21 09:20:14,392 - uplink - INFO - Daten erfolgreich in DB gespeichert für AABBCC01020316: {'Type': 1, 'Battery': 4.2, 'Temperature': 24.3, 'T_min': 23.0, 'T_max': 24.7, 'Humidity': 53.8, 'Pressure': 1017.25, 'Irradiation': 2, 'Irr_max': 22, 'Rain': 0.0, 'Rain_min_time': 0.0}
2026-03-21 09:20:16,546 - uplink - INFO - Verarbeite Uplink für Gerät: AABBCC01020412
2026-03-21 09:20:16,554 - uplink - INFO - Daten erfolgreich in DB gespeichert für AABBCC01020412: {'Type': 1, 'Battery': 3.85, 'Temperature': 16.9, 'T_min': 16.3, 'T_max': 16.9, 'Humidity': 42.8, 'Pressure': 1012.0, 'Irradiation': 0, 'Irr_max': 28, 'Rain': 0.0, 'Rain_min_time': 0.0}
2026-03-21 09:20:17,010 - uplink - INFO - Verarbeite Uplink für Gerät: AABBCC01020307
2026-03-21 09:20:17,017 - uplink - INFO - Daten erfolgreich in DB gespeichert für AABBCC01020307: {'Type': 1, 'Battery': 3.85, 'Temperature': 18.4, 'T_min': 17.2, 'T_max': 18.4, 'Humidity': 39.8, 'Pressure': 1015.1, 'Irradiation': 0, 'Irr_max': 8, 'Rain': 0.0, 'Rain_min_time': 0.0}
2026-03-21 09:20:24,397 - uplink - INFO - Verarbeite Uplink für Gerät: AABBCC01020316
2026-03-21 09:20:24,406 - uplink - INFO - Daten erfolgreich in DB gespeichert für AABBCC01020316: {'Type': 1, 'Battery': 4.2, 'Temperature': 24.3, 'T_min': 23.4, 'T_max': 24.8, 'Humidity': 54.0, 'Pressure': 1017.25, 'Irradiation': 2, 'Irr_max': 6, 'Rain': 0.0, 'Rain_min_time': 0.0}
2026-03-21 09:20:26,580 - uplink - INFO - Verarbeite Uplink für Gerät: AABBCC01020412
2026-03-21 09:20:26,588 - uplink - INFO - Daten erfolgreich in DB gespeichert für AABBCC01020412: {'Type': 1, 'Battery': 3.85, 'Temperature': 16.9, 'T_min': 16.3, 'T_max': 18.2, 'Humidity': 42.8, 'Pressure': 1012.0, 'Irradiation': 0, 'Irr_max': 18, 'Rain': 0.0, 'Rain_min_time': 0.0}
2026-03-21 09:20:27,045 - uplink - INFO - Verarbeite Uplink für Gerät: AABBCC01020307
2026-03-21 09:20:27,052 - uplink - INFO - Daten erfolgreich in DB gespeichert für AABBCC01020307: {'Type': 1, 'Battery': 3.85, 'Temperature': 18.4, 'T_min': 17.1, 'T_max': 19.7, 'Humidity': 39.8, 'Pressure': 1015.1, 'Irradiation': 0, 'Irr_max': 26, 'Rain': 0.0, 'Rain_min_time': 0.0}
2026-03-21 09:20:34,410 - uplink - INFO - Verarbeite Uplink für Gerät: AABBCC01020316
2026-03-21 09:20:34,418 - uplink - INFO - Daten erfolgreich in DB gespeichert für AABBCC01020316: {'Type': 1, 'Battery': 4.2, 'Temperature': 24.3, 'T_min': 23.8, 'T_max': 25.5, 'Humidity': 54.0, 'Pressure': 1017.25, 'Irradiation': 0, 'Irr_max': 0, 'Rain': 0.0, 'Rain_min_time': 0.0}
2026-03-21 09:20:36,601 - uplink - INFO - Verarbeite Uplink für Gerät: AABBCC01020412
2026-03-21 09:20:36,609 - uplink - INFO - Daten erfolgreich in DB gespeichert für AABBCC01020412: {'Type': 1, 'Battery': 3.85, 'Temperature': 16.9, 'T_min': 16.4, 'T_max': 17.0, 'Humidity': 42.8, 'Pressure': 1012.0, 'Irradiation': 2, 'Irr_max': 34, 'Rain': 0.0, 'Rain_min_time': 0.0}
2026-03-21 09:20:37,056 - uplink - INFO - Verarbeite Uplink für Gerät: AABBCC01020307
2026-03-21 09:20:37,064 - uplink - INFO - Daten erfolgreich in DB gespeichert für AABBCC01020307: {'Type': 1, 'Battery': 3.85, 'Temperature': 18.4, 'T_min': 18.1, 'T_max': 19.5, 'Humidity': 39.8, 'Pressure': 1015.1, 'Irradiation': 0, 'Irr_max': 0, 'Rain': 0.0, 'Rain_min_time': 0.0}
2026-03-21 09:20:44,433 - uplink - INFO - Verarbeite Uplink für Gerät: AABBCC01020316
2026-03-21 09:20:44,440 - uplink - INFO - Daten erfolgreich in DB gespeichert für AABBCC01020316: {'Type': 1, 'Battery': 4.2, 'Temperature': 24.3, 'T_min': 23.2, 'T_max': 25.5, 'Humidity': 54.0, 'Pressure': 1017.25, 'Irradiation': 0, 'Irr_max': 28, 'Rain': 0.0, 'Rain_min_time': 0.0}
2026-03-21 09:20:46,614 - uplink - INFO - Verarbeite Uplink für Gerät: AABBCC01020412
2026-03-21 09:20:46,621 - uplink - INFO - Daten erfolgreich in DB gespeichert für AABBCC01020412: {'Type': 1, 'Battery': 3.85, 'Temperature': 16.9, 'T_min': 16.0, 'T_max': 17.0, 'Humidity': 42.8, 'Pressure': 1012.0, 'Irradiation': 2, 'Irr_max': 46, 'Rain': 0.0, 'Rain_min_time': 0.0}
2026-03-21 09:20:47,079 - uplink - INFO - Verarbeite Uplink für Gerät: AABBCC01020307
2026-03-21 09:20:47,087 - uplink - INFO - Daten erfolgreich in DB gespeichert für AABBCC01020307: {'Type': 1, 'Battery': 3.85, 'Temperature': 18.4, 'T_min': 17.5, 'T_max': 18.5, 'Humidity': 39.8, 'Pressure': 1015.1, 'Irradiation': 0, 'Irr_max': 48, 'Rain': 0.0, 'Rain_min_time': 0.0}
2026-03-21 09:20:54,445 - uplink - INFO - Verarbeite Uplink für Gerät: AABBCC01020316
2026-03-21 09:20:54,453 - uplink - INFO - Daten erfolgreich in DB gespeichert für AABBCC01020316: {'Type': 1, 'Battery': 4.2, 'Temperature': 24.3, 'T_min': 24.3, 'T_max': 24.9, 'Humidity': 54.0, 'Pressure': 1017.25, 'Irradiation': 0, 'Irr_max': 24, 'Rain': 0.0, 'Rain_min_time': 0.0}
2026-03-21 09:20:56,645 - uplink - INFO - Verarbeite Uplink für Gerät: AABBCC01020412
2026-03-21 09:20:56,653 - uplink - INFO - Daten erfolgreich in DB gespeichert für AABBCC01020412: {'Type': 1, 'Battery': 3.85, 'Temperature': 16.9, 'T_min': 16.5, 'T_max': 17.1, 'Humidity': 42.8, 'Pressure': 1012.0, 'Irradiation': 0, 'Irr_max': 12, 'Rain': 0.0, 'Rain_min_time': 0.0}
2026-03-21 09:20:57,108 - uplink - INFO - Verarbeite Uplink für Gerät: AABBCC01020307
2026-03-21 09:20:57,116 - uplink - INFO - Daten erfolgreich in DB gespeichert für AABBCC01020307: {'Type': 1, 'Battery': 3.85, 'Temperature': 18.4, 'T_min': 18.4, 'T_max': 19.2, 'Humidity': 39.8, 'Pressure': 1015.1, 'Irradiation': 0, 'Irr_max': 44, 'Rain': 0.0, 'Rain_min_time': 0.0}
2026-03-21 09:21:04,467 - uplink - INFO - Verarbeite Uplink für Gerät: AABBCC01020316
2026-03-21 09:21:04,475 - uplink - INFO - Daten erfolgreich in DB gespeichert für AABBCC01020316: {'Type': 1, 'Battery': 4.2, 'Temperature': 24.3, 'T_min': 23.2, 'T_max': 24.3, 'Humidity': 54.0, 'Pressure': 1017.25, 'Irradiation': 0, 'Irr_max': 34, 'Rain': 0.0, 'Rain_min_time': 0.0}
2026-03-21 09:21:06,675 - uplink - INFO - Verarbeite Uplink für Gerät: AABBCC01020412
2026-03-21 09:21:06,683 - uplink - INFO - Daten erfolgreich in DB gespeichert für AABBCC01020412: {'Type': 1, 'Battery': 3.85, 'Temperature': 16.9, 'T_min': 16.5, 'T_max': 17.4, 'Humidity': 42.8, 'Pressure': 1012.0, 'Irradiation': 2, 'Irr_max': 34, 'Rain': 0.0, 'Rain_min_time': 0.0}
2026-03-21 09:21:07,139 - uplink - INFO - Verarbeite Uplink für Gerät: AABBCC01020307
2026-03-21 09:21:07,146 - uplink - INFO - Daten erfolgreich in DB gespeichert für AABBCC01020307: {'Type': 1, 'Battery': 3.85, 'Temperature': 18.4, 'T_min': 18.3, 'T_max': 18.5, 'Humidity': 39.8, 'Pressure': 1015.1, 'Irradiation': 0, 'Irr_max': 38, 'Rain': 0.0, 'Rain_min_time': 0.0}
2026-03-21 09:21:14,496 - uplink - INFO - Verarbeite Uplink für Gerät: AABBCC01020316
2026-03-21 09:21:14,505 - uplink - INFO - Daten erfolgreich in DB gespeichert für AABBCC01020316: {'Type': 1, 'Battery': 4.2, 'Temperature': 24.3, 'T_min': 24.2, 'T_max': 25.5, 'Humidity': 54.0, 'Pressure': 1017.25, 'Irradiation': 0, 'Irr_max': 20, 'Rain': 0.0, 'Rain_min_time': 0.0}
2026-03-21 09:21:16,688 - uplink - INFO - Verarbeite Uplink für Gerät: AABBCC01020412
2026-03-21 09:21:16,696 - uplink - INFO - Daten erfolgreich in DB gespeichert für AABBCC01020412: {'Type': 1, 'Battery': 3.85, 'Temperature': 16.9, 'T_min': 15.5, 'T_max': 17.7, 'Humidity': 42.8, 'Pressure': 1012.0, 'Irradiation': 2, 'Irr_max': 34, 'Rain': 4.0, 'Rain_min_time': 0.0}
2026-03-21 09:21:17,163 - uplink - INFO - Verarbeite Uplink für Gerät: AABBCC01020307
2026-03-21 09:21:17,170 - uplink - INFO - Daten erfolgreich in DB gespeichert für AABBCC01020307: {'Type': 1, 'Battery': 3.85, 'Temperature': 18.4, 'T_min': 17.8, 'T_max': 19.6, 'Humidity': 39.8, 'Pressure': 1015.1, 'Irradiation': 0, 'Irr_max': 22, 'Rain': 0.0, 'Rain_min_time': 0.0}
2026-03-21 09:21:24,524 - uplink - INFO - Verarbeite Uplink für Gerät: AABBCC01020316
2026-03-21 09:21:24,532 - uplink - INFO - Daten erfolgreich in DB gespeichert für AABBCC01020316: {'Type': 1, 'Battery': 4.2, 'Temperature': 24.3, 'T_min': 22.9, 'T_max': 25.1, 'Humidity': 53.8, 'Pressure': 1017.25, 'Irradiation': 0, 'Irr_max': 18, 'Rain': 4.0, 'Rain_min_time': 0.0}
2026-03-21 09:21:26,702 - uplink - INFO - Verarbeite Uplink für Gerät: AABBCC01020412
2026-03-21 09:21:26,709 - uplink - INFO - Daten erfolgreich in DB gespeichert für AABBCC01020412: {'Type': 1, 'Battery': 3.85, 'Temperature': 16.9, 'T_min': 15.6, 'T_max': 17.2, 'Humidity': 42.8, 'Pressure': 1012.0, 'Irradiation': 4, 'Irr_max': 38, 'Rain': 0.0, 'Rain_min_time': 0.0}
2026-03-21 09:21:27,194 - uplink - INFO - Verarbeite Uplink für Gerät: AABBCC01020307
2026-03-21 09:21:27,201 - uplink - INFO - Daten erfolgreich in DB gespeichert für AABBCC01020307: {'Type': 1, 'Battery': 3.85, 'Temperature': 18.4, 'T_min': 17.6, 'T_max': 19.0, 'Humidity': 39.8, 'Pressure': 1015.1, 'Irradiation': 0, 'Irr_max': 22, 'Rain': 0.0, 'Rain_min_time': 0.0}
2026-03-21 09:21:34,553 - uplink - INFO - Verarbeite Uplink für Gerät: AABBCC01020316
2026-03-21 09:21:34,561 - uplink - INFO - Daten erfolgreich in DB gespeichert für AABBCC01020316: {'Type': 1, 'Battery': 4.2, 'Temperature': 24.3, 'T_min': 23.3, 'T_max': 25.1, 'Humidity': 53.8, 'Pressure': 1017.25, 'Irradiation': 0, 'Irr_max': 4, 'Rain': 0.0, 'Rain_min_time': 0.0}
2026-03-21 09:21:36,713 - uplink - INFO - Verarbeite Uplink für Gerät: AABBCC01020412
2026-03-21 09:21:36,722 - uplink - INFO - Daten erfolgreich in DB gespeichert für AABBCC01020412: {'Type': 1, 'Battery': 3.85, 'Temperature': 16.9, 'T_min': 15.9, 'T_max': 18.2, 'Humidity': 42.8, 'Pressure': 1012.0, 'Irradiation': 4, 'Irr_max': 32, 'Rain': 0.0, 'Rain_min_time': 0.0}
2026-03-21 09:21:37,222 - uplink - INFO - Verarbeite Uplink für Gerät: AABBCC01020307
2026-03-21 09:21:37,231 - uplink - INFO - Daten erfolgreich in DB gespeichert für AABBCC01020307: {'Type': 1, 'Battery': 3.85, 'Temperature': 18.4, 'T_min': 17.7, 'T_max': 19.0, 'Humidity': 39.8, 'Pressure': 1015.1, 'Irradiation': 0, 'Irr_max': 12, 'Rain': 0.0, 'Rain_min_time': 0.0}
2026-03-21 09:21:44,580 - uplink - INFO - Verarbeite Uplink für Gerät: AABBCC01020316
2026-03-21 09:21:44,587 - uplink - INFO - Daten erfolgreich in DB gespeichert für AABBCC01020316: {'Type': 1, 'Battery': 4.2, 'Temperature': 24.3, 'T_min': 23.4, 'T_max': 25.5, 'Humidity': 53.8, 'Pressure': 1017.25, 'Irradiation': 0, 'Irr_max': 48, 'Rain': 0.0, 'Rain_min_time': 0.0}
2026-03-21 09:21:46,750 - uplink - INFO - Verarbeite Uplink für Gerät: AABBCC01020412
2026-03-21 09:21:46,760 - uplink - INFO - Daten erfolgreich in DB gespeichert für AABBCC01020412: {'Type': 1, 'Battery': 3.85, 'Temperature': 16.9, 'T_min': 15.8, 'T_max': 17.6, 'Humidity': 42.8, 'Pressure': 1012.0, 'Irradiation': 4, 'Irr_max': 14, 'Rain': 0.0, 'Rain_min_time': 0.0}
2026-03-21 09:21:47,245 - uplink - INFO - Verarbeite Uplink für Gerät: AABBCC01020307
2026-03-21 09:21:47,252 - uplink - INFO - Daten erfolgreich in DB gespeichert für AABBCC01020307: {'Type': 1, 'Battery': 3.85, 'Temperature': 18.4, 'T_min': 18.4, 'T_max': 19.0, 'Humidity': 39.8, 'Pressure': 1015.1, 'Irradiation': 0, 'Irr_max': 46, 'Rain': 0.0, 'Rain_min_time': 0.0}
2026-03-21 09:21:54,615 - uplink - INFO - Verarbeite Uplink für Gerät: AABBCC01020316
2026-03-21 09:21:54,622 - uplink - INFO - Daten erfolgreich in DB gespeichert für AABBCC01020316: {'Type': 1, 'Battery': 4.2, 'Temperature': 24.3, 'T_min': 23.2, 'T_max': 24.7, 'Humidity': 53.8, 'Pressure': 1017.25, 'Irradiation': 0, 'Irr_max': 32, 'Rain': 0.0, 'Rain_min_time': 0.0}
2026-03-21 09:21:56,784 - uplink - INFO - Verarbeite Uplink für Gerät: AABBCC01020412
2026-03-21 09:21:56,791 - uplink - INFO - Daten erfolgreich in DB gespeichert für AABBCC01020412: {'Type': 1, 'Battery': 3.85, 'Temperature': 16.9, 'T_min': 16.2, 'T_max': 18.4, 'Humidity': 42.8, 'Pressure': 1012.0, 'Irradiation': 2, 'Irr_max': 4, 'Rain': 0.0, 'Rain_min_time': 0.0}
2026-03-21 09:21:57,282 - uplink - INFO - Verarbeite Uplink für Gerät: AABBCC01020307
2026-03-21 09:21:57,289 - uplink - INFO - Daten erfolgreich in DB gespeichert für AABBCC01020307: {'Type': 1, 'Battery': 3.85, 'Temperature': 18.4, 'T_min': 17.5, 'T_max': 19.2, 'Humidity': 39.8, 'Pressure': 1015.1, 'Irradiation': 0, 'Irr_max': 42, 'Rain': 0.0, 'Rain_min_time': 0.0}
2026-03-21 09:22:04,637 - uplink - INFO - Verarbeite Uplink für Gerät: AABBCC01020316
2026-03-21 09:22:04,645 - uplink - INFO - Daten erfolgreich in DB gespeichert für AABBCC01020316: {'Type': 1, 'Battery': 4.2, 'Temperature': 24.3, 'T_min': 23.6, 'T_max': 24.6, 'Humidity': 53.8, 'Pressure': 1017.25, 'Irradiation': 0, 'Irr_max': 14, 'Rain': 0.0, 'Rain_min_time': 0.0}
2026-03-21 09:22:06,815 - uplink - INFO - Verarbeite Uplink für Gerät: AABBCC01020412
2026-03-21 09:22:06,822 - uplink - INFO - Daten erfolgreich in DB gespeichert für AABBCC01020412: {'Type': 1, 'Battery': 3.85, 'Temperature': 16.9, 'T_min': 16.7, 'T_max': 17.9, 'Humidity': 42.8, 'Pressure': 1012.0, 'Irradiation': 0, 'Irr_max': 30, 'Rain': 0.0, 'Rain_min_time': 0.0}
2026-03-21 09:22:07,310 - uplink - INFO - Verarbeite Uplink für Gerät: AABBCC01020307
2026-03-21 09:22:07,317 - uplink - INFO - Daten erfolgreich in DB gespeichert für AABBCC01020307: {'Type': 1, 'Battery': 3.85, 'Temperature': 18.4, 'T_min': 17.2, 'T_max': 19.5, 'Humidity': 39.8, 'Pressure': 1015.1, 'Irradiation': 0, 'Irr_max': 32, 'Rain': 0.0, 'Rain_min_time': 0.0}
2026-03-21 09:22:14,660 - uplink - INFO - Verarbeite Uplink für Gerät: AABBCC01020316
2026-03-21 09:22:14,668 - uplink - INFO - Daten erfolgreich in DB gespeichert für AABBCC01020316: {'Type': 1, 'Battery': 4.2, 'Temperature': 24.3, 'T_min': 23.3, 'T_max': 24.9, 'Humidity': 53.8, 'Pressure': 1017.25, 'Irradiation': 0, 'Irr_max': 26, 'Rain': 0.0, 'Rain_min_time': 0.0}
2026-03-21 09:22:16,835 - uplink - INFO - Verarbeite Uplink für Gerät: AABBCC01020412
2026-03-21 09:22:16,843 - uplink - INFO - Daten erfolgreich in DB gespeichert für AABBCC01020412: {'Type': 1, 'Battery': 3.85, 'Temperature': 16.9, 'T_min': 16.1, 'T_max': 17.6, 'Humidity': 42.8, 'Pressure': 1012.0, 'Irradiation': 0, 'Irr_max': 0, 'Rain': 0.0, 'Rain_min_time': 0.0}
2026-03-21 09:22:17,346 - uplink - INFO - Verarbeite Uplink für Gerät: AABBCC01020307
2026-03-21 09:22:17,355 - uplink - INFO - Daten erfolgreich in DB gespeichert für AABBCC01020307: {'Type': 1, 'Battery': 3.85, 'Temperature': 18.4, 'T_min': 17.7, 'T_max': 19.7, 'Humidity': 39.8, 'Pressure': 1015.1, 'Irradiation': 0, 'Irr_max': 6, 'Rain': 0.0, 'Rain_min_time': 0.0}
2026-03-21 09:22:24,673 - uplink - INFO - Verarbeite Uplink für Gerät: AABBCC01020316
2026-03-21 09:22:24,681 - uplink - INFO - Daten erfolgreich in DB gespeichert für AABBCC01020316: {'Type': 1, 'Battery': 4.2, 'Temperature': 24.3, 'T_min': 23.0, 'T_max': 25.4, 'Humidity': 53.8, 'Pressure': 1017.25, 'Irradiation': 0, 'Irr_max': 22, 'Rain': 0.0, 'Rain_min_time': 0.0}
2026-03-21 09:22:26,861 - uplink - INFO - Verarbeite Uplink für Gerät: AABBCC01020412
2026-03-21 09:22:26,868 - uplink - INFO - Daten erfolgreich in DB gespeichert für AABBCC01020412: {'Type': 1, 'Battery': 3.85, 'Temperature': 16.9, 'T_min': 16.1, 'T_max': 17.2, 'Humidity': 42.8, 'Pressure': 1012.0, 'Irradiation': 0, 'Irr_max': 46, 'Rain': 0.0, 'Rain_min_time': 0.0}
2026-03-21 09:22:27,374 - uplink - INFO - Verarbeite Uplink für Gerät: AABBCC01020307
2026-03-21 09:22:27,382 - uplink - INFO - Daten erfolgreich in DB gespeichert für AABBCC01020307: {'Type': 1, 'Battery': 3.85, 'Temperature': 18.4, 'T_min': 18.2, 'T_max': 19.8, 'Humidity': 39.8, 'Pressure': 1015.1, 'Irradiation': 0, 'Irr_max': 28, 'Rain': 0.0, 'Rain_min_time': 0.0}
2026-03-21 09:22:34,707 - uplink - INFO - Verarbeite Uplink für Gerät: AABBCC01020316
2026-03-21 09:22:34,717 - uplink - INFO - Daten erfolgreich in DB gespeichert für AABBCC01020316: {'Type': 1, 'Battery': 4.2, 'Temperature': 24.3, 'T_min': 24.0, 'T_max': 24.5, 'Humidity': 53.8, 'Pressure': 1017.25, 'Irradiation': 0, 'Irr_max': 10, 'Rain': 0.0, 'Rain_min_time': 0.0}
2026-03-21 09:22:36,892 - uplink - INFO - Verarbeite Uplink für Gerät: AABBCC01020412
2026-03-21 09:22:36,899 - uplink - INFO - Daten erfolgreich in DB gespeichert für AABBCC01020412: {'Type': 1, 'Battery': 3.85, 'Temperature': 16.9, 'T_min': 16.2, 'T_max': 17.9, 'Humidity': 42.8, 'Pressure': 1012.0, 'Irradiation': 0, 'Irr_max': 36, 'Rain': 0.0, 'Rain_min_time': 0.0}
2026-03-21 09:22:37,401 - uplink - INFO - Verarbeite Uplink für Gerät: AABBCC01020307
2026-03-21 09:22:37,439 - uplink - INFO - Daten erfolgreich in DB gespeichert für AABBCC01020307: {'Type': 1, 'Battery': 3.85, 'Temperature': 18.4, 'T_min': 17.8, 'T_max': 19.4, 'Humidity': 39.8, 'Pressure': 1015.1, 'Irradiation': 0, 'Irr_max': 46, 'Rain': 0.0, 'Rain_min_time': 0.0}
2026-03-21 09:22:44,731 - uplink - INFO - Verarbeite Uplink für Gerät: AABBCC01020316
2026-03-21 09:22:44,739 - uplink - INFO - Daten erfolgreich in DB gespeichert für AABBCC01020316: {'Type': 1, 'Battery': 4.2, 'Temperature': 24.3, 'T_min': 23.4, 'T_max': 24.5, 'Humidity': 53.8, 'Pressure': 1017.25, 'Irradiation': 0, 'Irr_max': 50, 'Rain': 0.0, 'Rain_min_time': 0.0}
2026-03-21 09:22:46,916 - uplink - INFO - Verarbeite Uplink für Gerät: AABBCC01020412
2026-03-21 09:22:46,924 - uplink - INFO - Daten erfolgreich in DB gespeichert für AABBCC01020412: {'Type': 1, 'Battery': 3.85, 'Temperature': 16.9, 'T_min': 15.8, 'T_max': 17.2, 'Humidity': 42.8, 'Pressure': 1012.0, 'Irradiation': 0, 'Irr_max': 0, 'Rain': 3.0, 'Rain_min_time': 0.0}
2026-03-21 09:22:47,459 - uplink - INFO - Verarbeite Uplink für Gerät: AABBCC01020307
2026-03-21 09:22:47,467 - uplink - INFO - Daten erfolgreich in DB gespeichert für AABBCC01020307: {'Type': 1, 'Battery': 3.85, 'Temperature': 18.4, 'T_min': 18.1, 'T_max': 19.7, 'Humidity': 39.8, 'Pressure': 1015.1, 'Irradiation': 0, 'Irr_max': 46, 'Rain': 0.0, 'Rain_min_time': 0.0}
2026-03-21 09:22:54,754 - uplink - INFO - Verarbeite Uplink für Gerät: AABBCC01020316
2026-03-21 09:22:54,762 - uplink - INFO - Daten erfolgreich in DB gespeichert für AABBCC01020316: {'Type': 1, 'Battery': 4.2, 'Temperature': 24.3, 'T_min': 23.7, 'T_max': 24.9, 'Humidity': 53.8, 'Pressure': 1017.25, 'Irradiation': 0, 'Irr_max': 44, 'Rain': 0.0, 'Rain_min_time': 0.0}
2026-03-21 09:22:56,943 - uplink - INFO - Verarbeite Uplink für Gerät: AABBCC01020412
2026-03-21 09:22:56,953 - uplink - INFO - Daten erfolgreich in DB gespeichert für AABBCC01020412: {'Type': 1, 'Battery': 3.85, 'Temperature': 16.9, 'T_min': 16.3, 'T_max': 17.4, 'Humidity': 42.8, 'Pressure': 1012.0, 'Irradiation': 2, 'Irr_max': 38, 'Rain': 0.0, 'Rain_min_time': 0.0}
2026-03-21 09:22:57,486 - uplink - INFO - Verarbeite Uplink für Gerät: AABBCC01020307
2026-03-21 09:22:57,494 - uplink - INFO - Daten erfolgreich in DB gespeichert für AABBCC01020307: {'Type': 1, 'Battery': 3.85, 'Temperature': 18.4, 'T_min': 17.8, 'T_max': 19.4, 'Humidity': 39.8, 'Pressure': 1015.1, 'Irradiation': 2, 'Irr_max': 42, 'Rain': 0.0, 'Rain_min_time': 0.0}
2026-03-21 09:23:04,778 - uplink - INFO - Verarbeite Uplink für Gerät: AABBCC01020316
2026-03-21 09:23:04,785 - uplink - INFO - Daten erfolgreich in DB gespeichert für AABBCC01020316: {'Type': 1, 'Battery': 4.2, 'Temperature': 24.3, 'T_min': 23.4, 'T_max': 24.8, 'Humidity': 53.8, 'Pressure': 1017.25, 'Irradiation': 2, 'Irr_max': 18, 'Rain': 0.0, 'Rain_min_time': 0.0}
2026-03-21 09:23:06,976 - uplink - INFO - Verarbeite Uplink für Gerät: AABBCC01020412
2026-03-21 09:23:06,983 - uplink - INFO - Daten erfolgreich in DB gespeichert für AABBCC01020412: {'Type': 1, 'Battery': 3.85, 'Temperature': 16.9, 'T_min': 16.8, 'T_max': 17.0, 'Humidity': 42.8, 'Pressure': 1012.0, 'Irradiation': 2, 'Irr_max': 36, 'Rain': 0.0, 'Rain_min_time': 0.0}
2026-03-21 09:23:07,496 - uplink - INFO - Verarbeite Uplink für Gerät: AABBCC01020307
2026-03-21 09:23:07,505 - uplink - INFO - Daten erfolgreich in DB gespeichert für AABBCC01020307: {'Type': 1, 'Battery': 3.85, 'Temperature': 18.4, 'T_min': 18.2, 'T_max': 19.6, 'Humidity': 39.8, 'Pressure': 1015.1, 'Irradiation': 2, 'Irr_max': 28, 'Rain': 0.0, 'Rain_min_time': 0.0}
2026-03-21 09:23:14,804 - uplink - INFO - Verarbeite Uplink für Gerät: AABBCC01020316
2026-03-21 09:23:14,812 - uplink - INFO - Daten erfolgreich in DB gespeichert für AABBCC01020316: {'Type': 1, 'Battery': 4.2, 'Temperature': 24.3, 'T_min': 23.9, 'T_max': 24.9, 'Humidity': 53.8, 'Pressure': 1017.25, 'Irradiation': 2, 'Irr_max': 34, 'Rain': 0.0, 'Rain_min_time': 0.0}
2026-03-21 09:23:16,989 - uplink - INFO - Verarbeite Uplink für Gerät: AABBCC01020412
2026-03-21 09:23:16,996 - uplink - INFO - Daten erfolgreich in DB gespeichert für AABBCC01020412: {'Type': 1, 'Battery': 3.85, 'Temperature': 16.9, 'T_min': 16.1, 'T_max': 18.1, 'Humidity': 42.8, 'Pressure': 1012.0, 'Irradiation': 0, 'Irr_max': 14, 'Rain': 0.0, 'Rain_min_time': 0.0}
2026-03-21 09:23:17,522 - uplink - INFO - Verarbeite Uplink für Gerät: AABBCC01020307
2026-03-21 09:23:17,529 - uplink - INFO - Daten erfolgreich in DB gespeichert für AABBCC01020307: {'Type': 1, 'Battery': 3.85, 'Temperature': 18.4, 'T_min': 17.7, 'T_max': 19.6, 'Humidity': 39.8, 'Pressure': 1015.1, 'Irradiation': 4, 'Irr_max': 34, 'Rain': 0.0, 'Rain_min_time': 0.0}
2026-03-21 09:23:24,836 - uplink - INFO - Verarbeite Uplink für Gerät: AABBCC01020316
2026-03-21 09:23:24,845 - uplink - INFO - Daten erfolgreich in DB gespeichert für AABBCC01020316: {'Type': 1, 'Battery': 4.2, 'Temperature': 24.3, 'T_min': 23.6, 'T_max': 24.7, 'Humidity': 53.8, 'Pressure': 1017.25, 'Irradiation': 0, 'Irr_max': 38, 'Rain': 0.0, 'Rain_min_time': 0.0}
2026-03-21 09:23:27,025 - uplink - INFO - Verarbeite Uplink für Gerät: AABBCC01020412
2026-03-21 09:23:27,032 - uplink - INFO - Daten erfolgreich in DB gespeichert für AABBCC01020412: {'Type': 1, 'Battery': 3.85, 'Temperature': 16.9, 'T_min': 15.8, 'T_max': 17.0, 'Humidity': 42.8, 'Pressure': 1012.0, 'Irradiation': 0, 'Irr_max': 14, 'Rain': 0.0, 'Rain_min_time': 0.0}
2026-03-21 09:23:27,553 - uplink - INFO - Verarbeite Uplink für Gerät: AABBCC01020307
2026-03-21 09:23:27,560 - uplink - INFO - Daten erfolgreich in DB gespeichert für AABBCC01020307: {'Type': 1, 'Battery': 3.85, 'Temperature': 18.4, 'T_min': 17.8, 'T_max': 18.4, 'Humidity': 39.6, 'Pressure': 1015.1, 'Irradiation': 0, 'Irr_max': 28, 'Rain': 0.0, 'Rain_min_time': 0.0}
2026-03-21 09:23:34,851 - uplink - INFO - Verarbeite Uplink für Gerät: AABBCC01020316
2026-03-21 09:23:34,858 - uplink - INFO - Daten erfolgreich in DB gespeichert für AABBCC01020316: {'Type': 1, 'Battery': 4.2, 'Temperature': 24.4, 'T_min': 24.1, 'T_max': 25.4, 'Humidity': 53.8, 'Pressure': 1017.25, 'Irradiation': 0, 'Irr_max': 32, 'Rain': 0.0, 'Rain_min_time': 0.0}
2026-03-21 09:23:37,048 - uplink - INFO - Verarbeite Uplink für Gerät: AABBCC01020412
2026-03-21 09:23:37,056 - uplink - INFO - Daten erfolgreich in DB gespeichert für AABBCC01020412: {'Type': 1, 'Battery': 3.85, 'Temperature': 16.9, 'T_min': 16.4, 'T_max': 17.7, 'Humidity': 43.0, 'Pressure': 1012.0, 'Irradiation': 2, 'Irr_max': 22, 'Rain': 2.0, 'Rain_min_time': 0.0}
2026-03-21 09:23:37,576 - uplink - INFO - Verarbeite Uplink für Gerät: AABBCC01020307
2026-03-21 09:23:37,584 - uplink - INFO - Daten erfolgreich in DB gespeichert für AABBCC01020307: {'Type': 1, 'Battery': 3.85, 'Temperature': 18.4, 'T_min': 17.9, 'T_max': 19.1, 'Humidity': 39.6, 'Pressure': 1015.1, 'Irradiation': 0, 'Irr_max': 16, 'Rain': 0.0, 'Rain_min_time': 0.0}
2026-03-21 09:23:44,872 - uplink - INFO - Verarbeite Uplink für Gerät: AABBCC01020316
2026-03-21 09:23:44,879 - uplink - INFO - Daten erfolgreich in DB gespeichert für AABBCC01020316: {'Type': 1, 'Battery': 4.2, 'Temperature': 24.4, 'T_min': 23.5, 'T_max': 24.8, 'Humidity': 53.8, 'Pressure': 1017.25, 'Irradiation': 0, 'Irr_max': 8, 'Rain': 0.0, 'Rain_min_time': 0.0}
2026-03-21 09:23:47,081 - uplink - INFO - Verarbeite Uplink für Gerät: AABBCC01020412
2026-03-21 09:23:47,089 - uplink - INFO - Daten erfolgreich in DB gespeichert für AABBCC01020412: {'Type': 1, 'Battery': 3.85, 'Temperature': 16.9, 'T_min': 16.1, 'T_max': 17.8, 'Humidity': 43.0, 'Pressure': 1012.0, 'Irradiation': 0, 'Irr_max': 8, 'Rain': 0.0, 'Rain_min_time': 0.0}
2026-03-21 09:23:47,606 - uplink - INFO - Verarbeite Uplink für Gerät: AABBCC01020307
2026-03-21 09:23:47,614 - uplink - INFO - Daten erfolgreich in DB gespeichert für AABBCC01020307: {'Type': 1, 'Battery': 3.85, 'Temperature': 18.4, 'T_min': 17.7, 'T_max': 19.7, 'Humidity': 39.6, 'Pressure': 1015.1, 'Irradiation': 0, 'Irr_max': 42, 'Rain': 0.0, 'Rain_min_time': 0.0}
2026-03-21 09:23:54,906 - uplink - INFO - Verarbeite Uplink für Gerät: AABBCC01020316
2026-03-21 09:23:54,914 - uplink - INFO - Daten erfolgreich in DB gespeichert für AABBCC01020316: {'Type': 1, 'Battery': 4.2, 'Temperature': 24.3, 'T_min': 23.0, 'T_max': 25.0, 'Humidity': 53.8, 'Pressure': 1017.25, 'Irradiation': 0, 'Irr_max': 44, 'Rain': 0.0, 'Rain_min_time': 0.0}
2026-03-21 09:23:57,110 - uplink - INFO - Verarbeite Uplink für Gerät: AABBCC01020412
2026-03-21 09:23:57,118 - uplink - INFO - Daten erfolgreich in DB gespeichert für AABBCC01020412: {'Type': 1, 'Battery': 3.85, 'Temperature': 16.9, 'T_min': 16.4, 'T_max': 17.0, 'Humidity': 43.0, 'Pressure': 1012.0, 'Irradiation': 2, 'Irr_max': 44, 'Rain': 0.0, 'Rain_min_time': 0.0}
2026-03-21 09:23:57,637 - uplink - INFO - Verarbeite Uplink für Gerät: AABBCC01020307
2026-03-21 09:23:57,644 - uplink - INFO - Daten erfolgreich in DB gespeichert für AABBCC01020307: {'Type': 1, 'Battery': 3.85, 'Temperature': 18.4, 'T_min': 18.3, 'T_max': 18.9, 'Humidity': 39.6, 'Pressure': 1015.1, 'Irradiation': 0, 'Irr_max': 36, 'Rain': 0.0, 'Rain_min_time': 0.0}
2026-03-21 09:24:04,933 - uplink - INFO - Verarbeite Uplink für Gerät: AABBCC01020316
2026-03-21 09:24:04,941 - uplink - INFO - Daten erfolgreich in DB gespeichert für AABBCC01020316: {'Type': 1, 'Battery': 4.2, 'Temperature': 24.4, 'T_min': 24.0, 'T_max': 25.4, 'Humidity': 53.8, 'Pressure': 1017.25, 'Irradiation': 2, 'Irr_max': 26, 'Rain': 0.0, 'Rain_min_time': 0.0}
2026-03-21 09:24:07,133 - uplink - INFO - Verarbeite Uplink für Gerät: AABBCC01020412
2026-03-21 09:24:07,141 - uplink - INFO - Daten erfolgreich in DB gespeichert für AABBCC01020412: {'Type': 1, 'Battery': 3.85, 'Temperature': 16.9, 'T_min': 16.4, 'T_max': 17.4, 'Humidity': 43.0, 'Pressure': 1012.0, 'Irradiation': 0, 'Irr_max': 28, 'Rain': 5.0, 'Rain_min_time': 0.0}
2026-03-21 09:24:07,661 - uplink - INFO - Verarbeite Uplink für Gerät: AABBCC01020307
2026-03-21 09:24:07,668 - uplink - INFO - Daten erfolgreich in DB gespeichert für AABBCC01020307: {'Type': 1, 'Battery': 3.85, 'Temperature': 18.4, 'T_min': 17.3, 'T_max': 19.6, 'Humidity': 39.6, 'Pressure': 1015.1, 'Irradiation': 0, 'Irr_max': 8, 'Rain': 0.0, 'Rain_min_time': 0.0}
2026-03-21 09:24:14,957 - uplink - INFO - Verarbeite Uplink für Gerät: AABBCC01020316
2026-03-21 09:24:14,965 - uplink - INFO - Daten erfolgreich in DB gespeichert für AABBCC01020316: {'Type': 1, 'Battery': 4.2, 'Temperature': 24.4, 'T_min': 23.3, 'T_max': 24.9, 'Humidity': 53.8, 'Pressure': 1017.25, 'Irradiation': 2, 'Irr_max': 30, 'Rain': 0.0, 'Rain_min_time': 0.0}
2026-03-21 09:24:17,146 - uplink - INFO - Verarbeite Uplink für Gerät: AABBCC01020412
2026-03-21 09:24:17,154 - uplink - INFO - Daten erfolgreich in DB gespeichert für AABBCC01020412: {'Type': 1, 'Battery': 3.85, 'Temperature': 16.9, 'T_min': 16.7, 'T_max': 18.1, 'Humidity': 43.0, 'Pressure': 1012.0, 'Irradiation': 0, 'Irr_max': 20, 'Rain': 0.0, 'Rain_min_time': 0.0}
2026-03-21 09:24:17,690 - uplink - INFO - Verarbeite Uplink für Gerät: AABBCC01020307
2026-03-21 09:24:17,698 - uplink - INFO - Daten erfolgreich in DB gespeichert für AABBCC01020307: {'Type': 1, 'Battery': 3.85, 'Temperature': 18.4, 'T_min': 18.4, 'T_max': 19.0, 'Humidity': 39.6, 'Pressure': 1015.1, 'Irradiation': 0, 'Irr_max': 44, 'Rain': 0.0, 'Rain_min_time': 0.0}
2026-03-21 09:24:24,992 - uplink - INFO - Verarbeite Uplink für Gerät: AABBCC01020316
2026-03-21 09:24:25,000 - uplink - INFO - Daten erfolgreich in DB gespeichert für AABBCC01020316: {'Type': 1, 'Battery': 4.2, 'Temperature': 24.4, 'T_min': 24.2, 'T_max': 25.7, 'Humidity': 53.6, 'Pressure': 1017.25, 'Irradiation': 4, 'Irr_max': 24, 'Rain': 0.0, 'Rain_min_time': 0.0}
2026-03-21 09:24:27,182 - uplink - INFO - Verarbeite Uplink für Gerät: AABBCC01020412
2026-03-21 09:24:27,190 - uplink - INFO - Daten erfolgreich in DB gespeichert für AABBCC01020412: {'Type': 1, 'Battery': 3.85, 'Temperature': 16.9, 'T_min': 16.1, 'T_max': 18.1, 'Humidity': 43.0, 'Pressure': 1012.0, 'Irradiation': 0, 'Irr_max': 14, 'Rain': 0.0, 'Rain_min_time': 0.0}
2026-03-21 09:24:27,724 - uplink - INFO - Verarbeite Uplink für Gerät: AABBCC01020307
2026-03-21 09:24:27,732 - uplink - INFO - Daten erfolgreich in DB gespeichert für AABBCC01020307: {'Type': 1, 'Battery': 3.85, 'Temperature': 18.4, 'T_min': 17.0, 'T_max': 19.4, 'Humidity': 39.6, 'Pressure': 1015.1, 'Irradiation': 0, 'Irr_max': 32, 'Rain': 0.0, 'Rain_min_time': 0.0}
2026-03-21 09:24:35,024 - uplink - INFO - Verarbeite Uplink für Gerät: AABBCC01020316
2026-03-21 09:24:35,032 - uplink - INFO - Daten erfolgreich in DB gespeichert für AABBCC01020316: {'Type': 1, 'Battery': 4.2, 'Temperature': 24.4, 'T_min': 24.2, 'T_max': 25.7, 'Humidity': 53.6, 'Pressure': 1017.25, 'Irradiation': 4, 'Irr_max': 26, 'Rain': 0.0, 'Rain_min_time': 0.0}
2026-03-21 09:24:37,210 - uplink - INFO - Verarbeite Uplink für Gerät: AABBCC01020412
2026-03-21 09:24:37,217 - uplink - INFO - Daten erfolgreich in DB gespeichert für AABBCC01020412: {'Type': 1, 'Battery': 3.85, 'Temperature': 16.9, 'T_min': 15.9, 'T_max': 17.2, 'Humidity': 43.0, 'Pressure': 1012.0, 'Irradiation': 2, 'Irr_max': 8, 'Rain': 0.0, 'Rain_min_time': 0.0}
2026-03-21 09:24:37,758 - uplink - INFO - Verarbeite Uplink für Gerät: AABBCC01020307
2026-03-21 09:24:37,766 - uplink - INFO - Daten erfolgreich in DB gespeichert für AABBCC01020307: {'Type': 1, 'Battery': 3.85, 'Temperature': 18.4, 'T_min': 17.7, 'T_max': 18.6, 'Humidity': 39.6, 'Pressure': 1015.1, 'Irradiation': 0, 'Irr_max': 46, 'Rain': 0.0, 'Rain_min_time': 0.0}
2026-03-21 09:24:45,052 - uplink - INFO - Verarbeite Uplink für Gerät: AABBCC01020316
2026-03-21 09:24:45,060 - uplink - INFO - Daten erfolgreich in DB gespeichert für AABBCC01020316: {'Type': 1, 'Battery': 4.2, 'Temperature': 24.4, 'T_min': 23.4, 'T_max': 24.6, 'Humidity': 53.8, 'Pressure': 1017.25, 'Irradiation': 4, 'Irr_max': 38, 'Rain': 0.0, 'Rain_min_time': 0.0}
2026-03-21 09:24:47,244 - uplink - INFO - Verarbeite Uplink für Gerät: AABBCC01020412
2026-03-21 09:24:47,253 - uplink - INFO - Daten erfolgreich in DB gespeichert für AABBCC01020412: {'Type': 1, 'Battery': 3.85, 'Temperature': 16.9, 'T_min': 16.5, 'T_max': 17.8, 'Humidity': 43.0, 'Pressure': 1012.0, 'Irradiation': 0, 'Irr_max': 6, 'Rain': 0.0, 'Rain_min_time': 0.0}
2026-03-21 09:24:47,771 - uplink - INFO - Verarbeite Uplink für Gerät: AABBCC01020307
2026-03-21 09:24:47,778 - uplink - INFO - Daten erfolgreich in DB gespeichert für AABBCC01020307: {'Type': 1, 'Battery': 3.85, 'Temperature': 18.4, 'T_min': 17.9, 'T_max': 19.7, 'Humidity': 39.6, 'Pressure': 1015.1, 'Irradiation': 0, 'Irr_max': 18, 'Rain': 0.0, 'Rain_min_time': 0.0}
2026-03-21 09:24:55,081 - uplink - INFO - Verarbeite Uplink für Gerät: AABBCC01020316
2026-03-21 09:24:55,089 - uplink - INFO - Daten erfolgreich in DB gespeichert für AABBCC01020316: {'Type': 1, 'Battery': 4.2, 'Temperature': 24.4, 'T_min': 23.1, 'T_max': 25.1, 'Humidity': 53.8, 'Pressure': 1017.25, 'Irradiation': 4, 'Irr_max': 6, 'Rain': 0.0, 'Rain_min_time': 0.0}
2026-03-21 09:24:57,257 - uplink - INFO - Verarbeite Uplink für Gerät: AABBCC01020412
2026-03-21 09:24:57,265 - uplink - INFO - Daten erfolgreich in DB gespeichert für AABBCC01020412: {'Type': 1, 'Battery': 3.85, 'Temperature': 16.9, 'T_min': 15.9, 'T_max': 18.2, 'Humidity': 43.0, 'Pressure': 1012.0, 'Irradiation': 0, 'Irr_max': 30, 'Rain': 0.0, 'Rain_min_time': 0.0}
2026-03-21 09:24:57,798 - uplink - INFO - Verarbeite Uplink für Gerät: AABBCC01020307
2026-03-21 09:24:57,806 - uplink - INFO - Daten erfolgreich in DB gespeichert für AABBCC01020307: {'Type': 1, 'Battery': 3.85, 'Temperature': 18.4, 'T_min': 17.9, 'T_max': 19.3, 'Humidity': 39.6, 'Pressure': 1015.1, 'Irradiation': 0, 'Irr_max': 30, 'Rain': 0.0, 'Rain_min_time': 0.0}
2026-03-21 09:25:05,110 - uplink - INFO - Verarbeite Uplink für Gerät: AABBCC01020316
2026-03-21 09:25:05,118 - uplink - INFO - Daten erfolgreich in DB gespeichert für AABBCC01020316: {'Type': 1, 'Battery': 4.2, 'Temperature': 24.4, 'T_min': 24.3, 'T_max': 25.6, 'Humidity': 53.8, 'Pressure': 1017.25, 'Irradiation': 4, 'Irr_max': 20, 'Rain': 0.0, 'Rain_min_time': 0.0}
2026-03-21 09:25:07,286 - uplink - INFO - Verarbeite Uplink für Gerät: AABBCC01020412
2026-03-21 09:25:07,294 - uplink - INFO - Daten erfolgreich in DB gespeichert für AABBCC01020412: {'Type': 1, 'Battery': 3.85, 'Temperature': 16.9, 'T_min': 15.6, 'T_max': 17.1, 'Humidity': 43.0, 'Pressure': 1012.0, 'Irradiation': 2, 'Irr_max': 34, 'Rain': 0.0, 'Rain_min_time': 0.0}
2026-03-21 09:25:07,829 - uplink - INFO - Verarbeite Uplink für Gerät: AABBCC01020307
2026-03-21 09:25:07,836 - uplink - INFO - Daten erfolgreich in DB gespeichert für AABBCC01020307: {'Type': 1, 'Battery': 3.85, 'Temperature': 18.4, 'T_min': 17.8, 'T_max': 19.0, 'Humidity': 39.6, 'Pressure': 1015.1, 'Irradiation': 0, 'Irr_max': 16, 'Rain': 0.0, 'Rain_min_time': 0.0}
2026-03-21 09:25:15,134 - uplink - INFO - Verarbeite Uplink für Gerät: AABBCC01020316
2026-03-21 09:25:15,142 - uplink - INFO - Daten erfolgreich in DB gespeichert für AABBCC01020316: {'Type': 1, 'Battery': 4.2, 'Temperature': 24.4, 'T_min': 23.4, 'T_max': 25.6, 'Humidity': 53.6, 'Pressure': 1017.25, 'Irradiation': 2, 'Irr_max': 50, 'Rain': 0.0, 'Rain_min_time': 0.0}
2026-03-21 09:25:17,300 - uplink - INFO - Verarbeite Uplink für Gerät: AABBCC01020412
2026-03-21 09:25:17,308 - uplink - INFO - Daten erfolgreich in DB gespeichert für AABBCC01020412: {'Type': 1, 'Battery': 3.85, 'Temperature': 16.9, 'T_min': 15.9, 'T_max': 17.5, 'Humidity': 43.0, 'Pressure': 1012.0, 'Irradiation': 0, 'Irr_max': 18, 'Rain': 0.0, 'Rain_min_time': 0.0}
2026-03-21 09:25:17,866 - uplink - INFO - Verarbeite Uplink für Gerät: AABBCC01020307
2026-03-21 09:25:17,873 - uplink - INFO - Daten erfolgreich in DB gespeichert für AABBCC01020307: {'Type': 1, 'Battery': 3.85, 'Temperature': 18.4, 'T_min': 17.6, 'T_max': 19.4, 'Humidity': 39.6, 'Pressure': 1015.1, 'Irradiation': 0, 'Irr_max': 20, 'Rain': 0.0, 'Rain_min_time': 0.0}
2026-03-21 09:25:25,169 - uplink - INFO - Verarbeite Uplink für Gerät: AABBCC01020316
2026-03-21 09:25:25,177 - uplink - INFO - Daten erfolgreich in DB gespeichert für AABBCC01020316: {'Type': 1, 'Battery': 4.2, 'Temperature': 24.4, 'T_min': 23.3, 'T_max': 25.4, 'Humidity': 53.8, 'Pressure': 1017.25, 'Irradiation': 2, 'Irr_max': 18, 'Rain': 0.0, 'Rain_min_time': 0.0}
2026-03-21 09:25:27,331 - uplink - INFO - Verarbeite Uplink für Gerät: AABBCC01020412
2026-03-21 09:25:27,339 - uplink - INFO - Daten erfolgreich in DB gespeichert für AABBCC01020412: {'Type': 1, 'Battery': 3.85, 'Temperature': 16.9, 'T_min': 16.4, 'T_max': 17.1, 'Humidity': 43.0, 'Pressure': 1012.0, 'Irradiation': 0, 'Irr_max': 28, 'Rain': 0.0, 'Rain_min_time': 0.0}
2026-03-21 09:25:27,894 - uplink - INFO - Verarbeite Uplink für Gerät: AABBCC01020307
2026-03-21 09:25:27,902 - uplink - INFO - Daten erfolgreich in DB gespeichert für AABBCC01020307: {'Type': 1, 'Battery': 3.85, 'Temperature': 18.4, 'T_min': 18.0, 'T_max': 19.0, 'Humidity': 39.6, 'Pressure': 1015.1, 'Irradiation': 2, 'Irr_max': 44, 'Rain': 0.0, 'Rain_min_time': 0.0}
2026-03-21 09:25:35,201 - uplink - INFO - Verarbeite Uplink für Gerät: AABBCC01020316
2026-03-21 09:25:35,209 - uplink - INFO - Daten erfolgreich in DB gespeichert für AABBCC01020316: {'Type': 1, 'Battery': 4.2, 'Temperature': 24.4, 'T_min': 23.3, 'T_max': 25.8, 'Humidity': 53.8, 'Pressure': 1017.25, 'Irradiation': 2, 'Irr_max': 24, 'Rain': 0.0, 'Rain_min_time': 0.0}
2026-03-21 09:25:37,359 - uplink - INFO - Verarbeite Uplink für Gerät: AABBCC01020412
2026-03-21 09:25:37,367 - uplink - INFO - Daten erfolgreich in DB gespeichert für AABBCC01020412: {'Type': 1, 'Battery': 3.85, 'Temperature': 16.9, 'T_min': 15.4, 'T_max': 17.4, 'Humidity': 43.0, 'Pressure': 1012.0, 'Irradiation': 2, 'Irr_max': 8, 'Rain': 0.0, 'Rain_min_time': 0.0}
2026-03-21 09:25:37,917 - uplink - INFO - Verarbeite Uplink für Gerät: AABBCC01020307
2026-03-21 09:25:37,924 - uplink - INFO - Daten erfolgreich in DB gespeichert für AABBCC01020307: {'Type': 1, 'Battery': 3.85, 'Temperature': 18.4, 'T_min': 17.4, 'T_max': 19.5, 'Humidity': 39.6, 'Pressure': 1015.1, 'Irradiation': 0, 'Irr_max': 36, 'Rain': 0.0, 'Rain_min_time': 0.0}
2026-03-21 09:25:45,233 - uplink - INFO - Verarbeite Uplink für Gerät: AABBCC01020316
2026-03-21 09:25:45,241 - uplink - INFO - Daten erfolgreich in DB gespeichert für AABBCC01020316: {'Type': 1, 'Battery': 4.2, 'Temperature': 24.4, 'T_min': 23.7, 'T_max': 25.4, 'Humidity': 53.8, 'Pressure': 1017.25, 'Irradiation': 4, 'Irr_max': 38, 'Rain': 0.0, 'Rain_min_time': 0.0}
2026-03-21 09:25:47,389 - uplink - INFO - Verarbeite Uplink für Gerät: AABBCC01020412
2026-03-21 09:25:47,397 - uplink - INFO - Daten erfolgreich in DB gespeichert für AABBCC01020412: {'Type': 1, 'Battery': 3.85, 'Temperature': 16.9, 'T_min': 15.9, 'T_max': 17.6, 'Humidity': 43.0, 'Pressure': 1012.0, 'Irradiation': 2, 'Irr_max': 18, 'Rain': 0.0, 'Rain_min_time': 0.0}
2026-03-21 09:25:47,946 - uplink - INFO - Verarbeite Uplink für Gerät: AABBCC01020307
2026-03-21 09:25:47,953 - uplink - INFO - Daten erfolgreich in DB gespeichert für AABBCC01020307: {'Type': 1, 'Battery': 3.85, 'Temperature': 18.4, 'T_min': 17.4, 'T_max': 19.7, 'Humidity': 39.6, 'Pressure': 1015.1, 'Irradiation': 0, 'Irr_max': 0, 'Rain': 0.0, 'Rain_min_time': 0.0}
2026-03-21 09:25:55,256 - uplink - INFO - Verarbeite Uplink für Gerät: AABBCC01020316
2026-03-21 09:25:55,265 - uplink - INFO - Daten erfolgreich in DB gespeichert für AABBCC01020316: {'Type': 1, 'Battery': 4.2, 'Temperature': 24.4, 'T_min': 23.3, 'T_max': 24.8, 'Humidity': 53.8, 'Pressure': 1017.25, 'Irradiation': 4, 'Irr_max': 14, 'Rain': 0.0, 'Rain_min_time': 0.0}
2026-03-21 09:25:57,403 - uplink - INFO - Verarbeite Uplink für Gerät: AABBCC01020412
2026-03-21 09:25:57,411 - uplink - INFO - Daten erfolgreich in DB gespeichert für AABBCC01020412: {'Type': 1, 'Battery': 3.85, 'Temperature': 16.9, 'T_min': 15.6, 'T_max': 17.6, 'Humidity': 43.0, 'Pressure': 1012.0, 'Irradiation': 2, 'Irr_max': 30, 'Rain': 0.0, 'Rain_min_time': 0.0}
2026-03-21 09:25:57,979 - uplink - INFO - Verarbeite Uplink für Gerät: AABBCC01020307
2026-03-21 09:25:57,986 - uplink - INFO - Daten erfolgreich in DB gespeichert für AABBCC01020307: {'Type': 1, 'Battery': 3.85, 'Temperature': 18.4, 'T_min': 17.7, 'T_max': 19.5, 'Humidity': 39.6, 'Pressure': 1015.1, 'Irradiation': 0, 'Irr_max': 22, 'Rain': 0.0, 'Rain_min_time': 0.0}
2026-03-21 09:26:05,287 - uplink - INFO - Verarbeite Uplink für Gerät: AABBCC01020316
2026-03-21 09:26:05,294 - uplink - INFO - Daten erfolgreich in DB gespeichert für AABBCC01020316: {'Type': 1, 'Battery': 4.2, 'Temperature': 24.4, 'T_min': 23.7, 'T_max': 24.8, 'Humidity': 53.8, 'Pressure': 1017.25, 'Irradiation': 6, 'Irr_max': 44, 'Rain': 0.0, 'Rain_min_time': 0.0}
2026-03-21 09:26:07,428 - uplink - INFO - Verarbeite Uplink für Gerät: AABBCC01020412
2026-03-21 09:26:07,436 - uplink - INFO - Daten erfolgreich in DB gespeichert für AABBCC01020412: {'Type': 1, 'Battery': 3.85, 'Temperature': 16.9, 'T_min': 16.3, 'T_max': 17.4, 'Humidity': 43.0, 'Pressure': 1012.0, 'Irradiation': 0, 'Irr_max': 20, 'Rain': 5.0, 'Rain_min_time': 0.0}
2026-03-21 09:26:07,997 - uplink - INFO - Verarbeite Uplink für Gerät: AABBCC01020307
2026-03-21 09:26:08,005 - uplink - INFO - Daten erfolgreich in DB gespeichert für AABBCC01020307: {'Type': 1, 'Battery': 3.85, 'Temperature': 18.4, 'T_min': 18.0, 'T_max': 19.4, 'Humidity': 39.6, 'Pressure': 1015.1, 'Irradiation': 0, 'Irr_max': 48, 'Rain': 0.0, 'Rain_min_time': 0.0}
2026-03-21 09:26:15,310 - uplink - INFO - Verarbeite Uplink für Gerät: AABBCC01020316
2026-03-21 09:26:15,319 - uplink - INFO - Daten erfolgreich in DB gespeichert für AABBCC01020316: {'Type': 1, 'Battery': 4.2, 'Temperature': 24.4, 'T_min': 23.1, 'T_max': 25.2, 'Humidity': 53.8, 'Pressure': 1017.25, 'Irradiation': 6, 'Irr_max': 8, 'Rain': 0.0, 'Rain_min_time': 0.0}
2026-03-21 09:26:17,441 - uplink - INFO - Verarbeite Uplink für Gerät: AABBCC01020412
2026-03-21 09:26:17,449 - uplink - INFO - Daten erfolgreich in DB gespeichert für AABBCC01020412: {'Type': 1, 'Battery': 3.85, 'Temperature': 16.9, 'T_min': 16.4, 'T_max': 17.2, 'Humidity': 43.0, 'Pressure': 1012.0, 'Irradiation': 0, 'Irr_max': 24, 'Rain': 0.0, 'Rain_min_time': 0.0}
2026-03-21 09:26:18,021 - uplink - INFO - Verarbeite Uplink für Gerät: AABBCC01020307
2026-03-21 09:26:18,028 - uplink - INFO - Daten erfolgreich in DB gespeichert für AABBCC01020307: {'Type': 1, 'Battery': 3.85, 'Temperature': 18.4, 'T_min': 17.5, 'T_max': 19.8, 'Humidity': 39.6, 'Pressure': 1015.1, 'Irradiation': 0, 'Irr_max': 34, 'Rain': 0.0, 'Rain_min_time': 0.0}
2026-03-21 09:26:25,335 - uplink - INFO - Verarbeite Uplink für Gerät: AABBCC01020316
2026-03-21 09:26:25,343 - uplink - INFO - Daten erfolgreich in DB gespeichert für AABBCC01020316: {'Type': 1, 'Battery': 4.2, 'Temperature': 24.4, 'T_min': 23.6, 'T_max': 24.9, 'Humidity': 53.8, 'Pressure': 1017.25, 'Irradiation': 6, 'Irr_max': 36, 'Rain': 0.0, 'Rain_min_time': 0.0}
2026-03-21 09:26:27,466 - uplink - INFO - Verarbeite Uplink für Gerät: AABBCC01020412
2026-03-21 09:26:27,474 - uplink - INFO - Daten erfolgreich in DB gespeichert für AABBCC01020412: {'Type': 1, 'Battery': 3.85, 'Temperature': 16.9, 'T_min': 16.7, 'T_max': 18.3, 'Humidity': 43.0, 'Pressure': 1012.0, 'Irradiation': 0, 'Irr_max': 30, 'Rain': 0.0, 'Rain_min_time': 0.0}
2026-03-21 09:26:28,055 - uplink - INFO - Verarbeite Uplink für Gerät: AABBCC01020307
2026-03-21 09:26:28,062 - uplink - INFO - Daten erfolgreich in DB gespeichert für AABBCC01020307: {'Type': 1, 'Battery': 3.85, 'Temperature': 18.4, 'T_min': 18.2, 'T_max': 18.5, 'Humidity': 39.6, 'Pressure': 1015.1, 'Irradiation': 2, 'Irr_max': 4, 'Rain': 0.0, 'Rain_min_time': 0.0}
2026-03-21 09:26:35,363 - uplink - INFO - Verarbeite Uplink für Gerät: AABBCC01020316
2026-03-21 09:26:35,370 - uplink - INFO - Daten erfolgreich in DB gespeichert für AABBCC01020316: {'Type': 1, 'Battery': 4.2, 'Temperature': 24.4, 'T_min': 22.9, 'T_max': 24.4, 'Humidity': 53.8, 'Pressure': 1017.25, 'Irradiation': 6, 'Irr_max': 30, 'Rain': 0.0, 'Rain_min_time': 0.0}
2026-03-21 09:26:37,490 - uplink - INFO - Verarbeite Uplink für Gerät: AABBCC01020412
2026-03-21 09:26:37,498 - uplink - INFO - Daten erfolgreich in DB gespeichert für AABBCC01020412: {'Type': 1, 'Battery': 3.85, 'Temperature': 16.9, 'T_min': 16.3, 'T_max': 17.5, 'Humidity': 43.0, 'Pressure': 1012.0, 'Irradiation': 0, 'Irr_max': 22, 'Rain': 0.0, 'Rain_min_time': 0.0}
2026-03-21 09:26:38,080 - uplink - INFO - Verarbeite Uplink für Gerät: AABBCC01020307
2026-03-21 09:26:38,088 - uplink - INFO - Daten erfolgreich in DB gespeichert für AABBCC01020307: {'Type': 1, 'Battery': 3.85, 'Temperature': 18.4, 'T_min': 17.4, 'T_max': 18.6, 'Humidity': 39.6, 'Pressure': 1015.1, 'Irradiation': 2, 'Irr_max': 16, 'Rain': 0.0, 'Rain_min_time': 0.0}
2026-03-21 09:26:45,376 - uplink - INFO - Verarbeite Uplink für Gerät: AABBCC01020316
2026-03-21 09:26:45,385 - uplink - INFO - Daten erfolgreich in DB gespeichert für AABBCC01020316: {'Type': 1, 'Battery': 4.2, 'Temperature': 24.4, 'T_min': 24.0, 'T_max': 25.6, 'Humidity': 53.8, 'Pressure': 1017.25, 'Irradiation': 0, 'Irr_max': 20, 'Rain': 0.0, 'Rain_min_time': 0.0}
2026-03-21 09:26:47,503 - uplink - INFO - Verarbeite Uplink für Gerät: AABBCC01020412
2026-03-21 09:26:47,510 - uplink - INFO - Daten erfolgreich in DB gespeichert für AABBCC01020412: {'Type': 1, 'Battery': 3.85, 'Temperature': 16.9, 'T_min': 16.7, 'T_max': 17.7, 'Humidity': 43.0, 'Pressure': 1012.0, 'Irradiation': 0, 'Irr_max': 28, 'Rain': 0.0, 'Rain_min_time': 0.0}
2026-03-21 09:26:48,105 - uplink - INFO - Verarbeite Uplink für Gerät: AABBCC01020307
2026-03-21 09:26:48,112 - uplink - INFO - Daten erfolgreich in DB gespeichert für AABBCC01020307: {'Type': 1, 'Battery': 3.85, 'Temperature': 18.4, 'T_min': 17.2, 'T_max': 19.8, 'Humidity': 39.6, 'Pressure': 1015.1, 'Irradiation': 2, 'Irr_max': 30, 'Rain': 0.0, 'Rain_min_time': 0.0}
2026-03-21 09:26:55,408 - uplink - INFO - Verarbeite Uplink für Gerät: AABBCC01020316
2026-03-21 09:26:55,416 - uplink - INFO - Daten erfolgreich in DB gespeichert für AABBCC01020316: {'Type': 1, 'Battery': 4.2, 'Temperature': 24.4, 'T_min': 23.3, 'T_max': 25.6, 'Humidity': 53.8, 'Pressure': 1017.25, 'Irradiation': 2, 'Irr_max': 40, 'Rain': 2.0, 'Rain_min_time': 0.0}
2026-03-21 09:26:57,516 - uplink - INFO - Verarbeite Uplink für Gerät: AABBCC01020412
2026-03-21 09:26:57,524 - uplink - INFO - Daten erfolgreich in DB gespeichert für AABBCC01020412: {'Type': 1, 'Battery': 3.85, 'Temperature': 16.9, 'T_min': 16.6, 'T_max': 17.1, 'Humidity': 43.0, 'Pressure': 1012.0, 'Irradiation': 0, 'Irr_max': 28, 'Rain': 0.0, 'Rain_min_time': 0.0}
2026-03-21 09:26:58,140 - uplink - INFO - Verarbeite Uplink für Gerät: AABBCC01020307
2026-03-21 09:26:58,148 - uplink - INFO - Daten erfolgreich in DB gespeichert für AABBCC01020307: {'Type': 1, 'Battery': 3.85, 'Temperature': 18.4, 'T_min': 18.0, 'T_max': 18.8, 'Humidity': 39.6, 'Pressure': 1015.1, 'Irradiation': 0, 'Irr_max': 20, 'Rain': 0.0, 'Rain_min_time': 0.0}
2026-03-21 09:27:05,429 - uplink - INFO - Verarbeite Uplink für Gerät: AABBCC01020316
2026-03-21 09:27:05,437 - uplink - INFO - Daten erfolgreich in DB gespeichert für AABBCC01020316: {'Type': 1, 'Battery': 4.2, 'Temperature': 24.4, 'T_min': 23.8, 'T_max': 24.8, 'Humidity': 53.8, 'Pressure': 1017.25, 'Irradiation': 0, 'Irr_max': 34, 'Rain': 0.0, 'Rain_min_time': 0.0}
2026-03-21 09:27:07,539 - uplink - INFO - Verarbeite Uplink für Gerät: AABBCC01020412
2026-03-21 09:27:07,547 - uplink - INFO - Daten erfolgreich in DB gespeichert für AABBCC01020412: {'Type': 1, 'Battery': 3.85, 'Temperature': 16.9, 'T_min': 16.7, 'T_max': 17.5, 'Humidity': 43.0, 'Pressure': 1012.0, 'Irradiation': 0, 'Irr_max': 6, 'Rain': 0.0, 'Rain_min_time': 0.0}
2026-03-21 09:27:08,175 - uplink - INFO - Verarbeite Uplink für Gerät: AABBCC01020307
2026-03-21 09:27:08,182 - uplink - INFO - Daten erfolgreich in DB gespeichert für AABBCC01020307: {'Type': 1, 'Battery': 3.85, 'Temperature': 18.4, 'T_min': 18.4, 'T_max': 19.6, 'Humidity': 39.6, 'Pressure': 1015.1, 'Irradiation': 2, 'Irr_max': 40, 'Rain': 0.0, 'Rain_min_time': 0.0}
2026-03-21 09:27:15,456 - uplink - INFO - Verarbeite Uplink für Gerät: AABBCC01020316
2026-03-21 09:27:15,464 - uplink - INFO - Daten erfolgreich in DB gespeichert für AABBCC01020316: {'Type': 1, 'Battery': 4.2, 'Temperature': 24.4, 'T_min': 23.7, 'T_max': 25.6, 'Humidity': 53.8, 'Pressure': 1017.25, 'Irradiation': 2, 'Irr_max': 4, 'Rain': 0.0, 'Rain_min_time': 0.0}
2026-03-21 09:27:17,561 - uplink - INFO - Verarbeite Uplink für Gerät: AABBCC01020412
2026-03-21 09:27:17,570 - uplink - INFO - Daten erfolgreich in DB gespeichert für AABBCC01020412: {'Type': 1, 'Battery': 3.85, 'Temperature': 16.9, 'T_min': 16.6, 'T_max': 18.2, 'Humidity': 43.0, 'Pressure': 1012.0, 'Irradiation': 0, 'Irr_max': 10, 'Rain': 0.0, 'Rain_min_time': 0.0}
2026-03-21 09:27:18,209 - uplink - INFO - Verarbeite Uplink für Gerät: AABBCC01020307
2026-03-21 09:27:18,217 - uplink - INFO - Daten erfolgreich in DB gespeichert für AABBCC01020307: {'Type': 1, 'Battery': 3.85, 'Temperature': 18.4, 'T_min': 18.3, 'T_max': 18.7, 'Humidity': 39.6, 'Pressure': 1015.1, 'Irradiation': 2, 'Irr_max': 30, 'Rain': 0.0, 'Rain_min_time': 0.0}
2026-03-21 09:27:25,479 - uplink - INFO - Verarbeite Uplink für Gerät: AABBCC01020316
2026-03-21 09:27:25,487 - uplink - INFO - Daten erfolgreich in DB gespeichert für AABBCC01020316: {'Type': 1, 'Battery': 4.2, 'Temperature': 24.4, 'T_min': 23.5, 'T_max': 25.4, 'Humidity': 53.8, 'Pressure': 1017.25, 'Irradiation': 0, 'Irr_max': 0, 'Rain': 0.0, 'Rain_min_time': 0.0}
2026-03-21 09:27:27,584 - uplink - INFO - Verarbeite Uplink für Gerät: AABBCC01020412
2026-03-21 09:27:27,592 - uplink - INFO - Daten erfolgreich in DB gespeichert für AABBCC01020412: {'Type': 1, 'Battery': 3.85, 'Temperature': 16.9, 'T_min': 16.7, 'T_max': 18.3, 'Humidity': 43.0, 'Pressure': 1012.0, 'Irradiation': 0, 'Irr_max': 22, 'Rain': 0.0, 'Rain_min_time': 0.0}
2026-03-21 09:27:28,236 - uplink - INFO - Verarbeite Uplink für Gerät: AABBCC01020307
2026-03-21 09:27:28,244 - uplink - INFO - Daten erfolgreich in DB gespeichert für AABBCC01020307: {'Type': 1, 'Battery': 3.85, 'Temperature': 18.4, 'T_min': 17.0, 'T_max': 19.2, 'Humidity': 39.6, 'Pressure': 1015.1, 'Irradiation': 4, 'Irr_max': 36, 'Rain': 0.0, 'Rain_min_time': 0.0}
2026-03-21 09:27:35,511 - uplink - INFO - Verarbeite Uplink für Gerät: AABBCC01020316
2026-03-21 09:27:35,519 - uplink - INFO - Daten erfolgreich in DB gespeichert für AABBCC01020316: {'Type': 1, 'Battery': 4.2, 'Temperature': 24.4, 'T_min': 24.2, 'T_max': 25.8, 'Humidity': 53.8, 'Pressure': 1017.25, 'Irradiation': 0, 'Irr_max': 14, 'Rain': 0.0, 'Rain_min_time': 0.0}
2026-03-21 09:27:37,596 - uplink - INFO - Verarbeite Uplink für Gerät: AABBCC01020412
2026-03-21 09:27:37,604 - uplink - INFO - Daten erfolgreich in DB gespeichert für AABBCC01020412: {'Type': 1, 'Battery': 3.85, 'Temperature': 16.9, 'T_min': 16.8, 'T_max': 17.1, 'Humidity': 43.0, 'Pressure': 1012.0, 'Irradiation': 0, 'Irr_max': 20, 'Rain': 0.0, 'Rain_min_time': 0.0}
2026-03-21 09:27:38,248 - uplink - INFO - Verarbeite Uplink für Gerät: AABBCC01020307
2026-03-21 09:27:38,255 - uplink - INFO - Daten erfolgreich in DB gespeichert für AABBCC01020307: {'Type': 1, 'Battery': 3.85, 'Temperature': 18.4, 'T_min': 17.0, 'T_max': 19.8, 'Humidity': 39.6, 'Pressure': 1015.1, 'Irradiation': 0, 'Irr_max': 42, 'Rain': 0.0, 'Rain_min_time': 0.0}
2026-03-21 09:27:45,543 - uplink - INFO - Verarbeite Uplink für Gerät: AABBCC01020316
2026-03-21 09:27:45,550 - uplink - INFO - Daten erfolgreich in DB gespeichert für AABBCC01020316: {'Type': 1, 'Battery': 4.2, 'Temperature': 24.4, 'T_min': 23.1, 'T_max': 25.5, 'Humidity': 53.8, 'Pressure': 1017.25, 'Irradiation': 2, 'Irr_max': 22, 'Rain': 0.0, 'Rain_min_time': 0.0}
2026-03-21 09:27:47,622 - uplink - INFO - Verarbeite Uplink für Gerät: AABBCC01020412
2026-03-21 09:27:47,630 - uplink - INFO - Daten erfolgreich in DB gespeichert für AABBCC01020412: {'Type': 1, 'Battery': 3.85, 'Temperature': 16.9, 'T_min': 16.1, 'T_max': 17.1, 'Humidity': 43.0, 'Pressure': 1012.0, 'Irradiation': 0, 'Irr_max': 20, 'Rain': 0.0, 'Rain_min_time': 0.0}
2026-03-21 09:27:48,277 - uplink - INFO - Verarbeite Uplink für Gerät: AABBCC01020307
2026-03-21 09:27:48,286 - uplink - INFO - Daten erfolgreich in DB gespeichert für AABBCC01020307: {'Type': 1, 'Battery': 3.85, 'Temperature': 18.4, 'T_min': 18.0, 'T_max': 18.4, 'Humidity': 39.6, 'Pressure': 1015.1, 'Irradiation': 2, 'Irr_max': 10, 'Rain': 0.0, 'Rain_min_time': 0.0}
2026-03-21 09:27:55,575 - uplink - INFO - Verarbeite Uplink für Gerät: AABBCC01020316
2026-03-21 09:27:55,583 - uplink - INFO - Daten erfolgreich in DB gespeichert für AABBCC01020316: {'Type': 1, 'Battery': 4.2, 'Temperature': 24.4, 'T_min': 23.7, 'T_max': 24.7, 'Humidity': 53.8, 'Pressure': 1017.25, 'Irradiation': 2, 'Irr_max': 44, 'Rain': 4.0, 'Rain_min_time': 0.0}
2026-03-21 09:27:57,651 - uplink - INFO - Verarbeite Uplink für Gerät: AABBCC01020412
2026-03-21 09:27:57,659 - uplink - INFO - Daten erfolgreich in DB gespeichert für AABBCC01020412: {'Type': 1, 'Battery': 3.85, 'Temperature': 16.9, 'T_min': 16.4, 'T_max': 17.2, 'Humidity': 43.0, 'Pressure': 1012.0, 'Irradiation': 0, 'Irr_max': 32, 'Rain': 0.0, 'Rain_min_time': 0.0}
2026-03-21 09:27:58,304 - uplink - INFO - Verarbeite Uplink für Gerät: AABBCC01020307
2026-03-21 09:27:58,312 - uplink - INFO - Daten erfolgreich in DB gespeichert für AABBCC01020307: {'Type': 1, 'Battery': 3.85, 'Temperature': 18.4, 'T_min': 17.1, 'T_max': 18.6, 'Humidity': 39.6, 'Pressure': 1015.1, 'Irradiation': 0, 'Irr_max': 46, 'Rain': 0.0, 'Rain_min_time': 0.0}
2026-03-21 09:28:05,600 - uplink - INFO - Verarbeite Uplink für Gerät: AABBCC01020316
2026-03-21 09:28:05,608 - uplink - INFO - Daten erfolgreich in DB gespeichert für AABBCC01020316: {'Type': 1, 'Battery': 4.2, 'Temperature': 24.4, 'T_min': 23.7, 'T_max': 25.3, 'Humidity': 53.8, 'Pressure': 1017.25, 'Irradiation': 2, 'Irr_max': 34, 'Rain': 0.0, 'Rain_min_time': 0.0}
2026-03-21 09:28:07,678 - uplink - INFO - Verarbeite Uplink für Gerät: AABBCC01020412
2026-03-21 09:28:07,686 - uplink - INFO - Daten erfolgreich in DB gespeichert für AABBCC01020412: {'Type': 1, 'Battery': 3.85, 'Temperature': 16.9, 'T_min': 16.4, 'T_max': 17.0, 'Humidity': 43.0, 'Pressure': 1012.0, 'Irradiation': 0, 'Irr_max': 38, 'Rain': 0.0, 'Rain_min_time': 0.0}
2026-03-21 09:28:08,331 - uplink - INFO - Verarbeite Uplink für Gerät: AABBCC01020307
2026-03-21 09:28:08,339 - uplink - INFO - Daten erfolgreich in DB gespeichert für AABBCC01020307: {'Type': 1, 'Battery': 3.85, 'Temperature': 18.4, 'T_min': 18.1, 'T_max': 19.5, 'Humidity': 39.6, 'Pressure': 1015.1, 'Irradiation': 0, 'Irr_max': 18, 'Rain': 0.0, 'Rain_min_time': 0.0}
2026-03-21 09:28:15,631 - uplink - INFO - Verarbeite Uplink für Gerät: AABBCC01020316
2026-03-21 09:28:15,639 - uplink - INFO - Daten erfolgreich in DB gespeichert für AABBCC01020316: {'Type': 1, 'Battery': 4.2, 'Temperature': 24.4, 'T_min': 23.1, 'T_max': 25.3, 'Humidity': 53.8, 'Pressure': 1017.25, 'Irradiation': 0, 'Irr_max': 14, 'Rain': 0.0, 'Rain_min_time': 0.0}
2026-03-21 09:28:17,691 - uplink - INFO - Verarbeite Uplink für Gerät: AABBCC01020412
2026-03-21 09:28:17,699 - uplink - INFO - Daten erfolgreich in DB gespeichert für AABBCC01020412: {'Type': 1, 'Battery': 3.85, 'Temperature': 16.9, 'T_min': 15.5, 'T_max': 17.9, 'Humidity': 43.0, 'Pressure': 1012.0, 'Irradiation': 2, 'Irr_max': 4, 'Rain': 0.0, 'Rain_min_time': 0.0}
2026-03-21 09:28:18,359 - uplink - INFO - Verarbeite Uplink für Gerät: AABBCC01020307
2026-03-21 09:28:18,367 - uplink - INFO - Daten erfolgreich in DB gespeichert für AABBCC01020307: {'Type': 1, 'Battery': 3.85, 'Temperature': 18.4, 'T_min': 17.2, 'T_max': 18.5, 'Humidity': 39.6, 'Pressure': 1015.1, 'Irradiation': 0, 'Irr_max': 10, 'Rain': 0.0, 'Rain_min_time': 0.0}
2026-03-21 09:28:25,662 - uplink - INFO - Verarbeite Uplink für Gerät: AABBCC01020316
2026-03-21 09:28:25,671 - uplink - INFO - Daten erfolgreich in DB gespeichert für AABBCC01020316: {'Type': 1, 'Battery': 4.2, 'Temperature': 24.4, 'T_min': 23.2, 'T_max': 25.4, 'Humidity': 53.8, 'Pressure': 1017.25, 'Irradiation': 0, 'Irr_max': 8, 'Rain': 0.0, 'Rain_min_time': 0.0}
2026-03-21 09:28:27,725 - uplink - INFO - Verarbeite Uplink für Gerät: AABBCC01020412
2026-03-21 09:28:27,733 - uplink - INFO - Daten erfolgreich in DB gespeichert für AABBCC01020412: {'Type': 1, 'Battery': 3.85, 'Temperature': 16.9, 'T_min': 15.7, 'T_max': 17.1, 'Humidity': 43.0, 'Pressure': 1012.0, 'Irradiation': 2, 'Irr_max': 46, 'Rain': 0.0, 'Rain_min_time': 0.0}
2026-03-21 09:28:28,394 - uplink - INFO - Verarbeite Uplink für Gerät: AABBCC01020307
2026-03-21 09:28:28,401 - uplink - INFO - Daten erfolgreich in DB gespeichert für AABBCC01020307: {'Type': 1, 'Battery': 3.85, 'Temperature': 18.4, 'T_min': 17.7, 'T_max': 19.3, 'Humidity': 39.6, 'Pressure': 1015.1, 'Irradiation': 0, 'Irr_max': 2, 'Rain': 0.0, 'Rain_min_time': 0.0}
2026-03-21 09:28:35,695 - uplink - INFO - Verarbeite Uplink für Gerät: AABBCC01020316
2026-03-21 09:28:35,703 - uplink - INFO - Daten erfolgreich in DB gespeichert für AABBCC01020316: {'Type': 1, 'Battery': 4.2, 'Temperature': 24.4, 'T_min': 23.0, 'T_max': 24.6, 'Humidity': 53.8, 'Pressure': 1017.25, 'Irradiation': 2, 'Irr_max': 20, 'Rain': 0.0, 'Rain_min_time': 0.0}
2026-03-21 09:28:37,755 - uplink - INFO - Verarbeite Uplink für Gerät: AABBCC01020412
2026-03-21 09:28:37,763 - uplink - INFO - Daten erfolgreich in DB gespeichert für AABBCC01020412: {'Type': 1, 'Battery': 3.85, 'Temperature': 16.9, 'T_min': 15.5, 'T_max': 18.2, 'Humidity': 43.0, 'Pressure': 1012.0, 'Irradiation': 2, 'Irr_max': 32, 'Rain': 0.0, 'Rain_min_time': 0.0}
2026-03-21 09:28:38,419 - uplink - INFO - Verarbeite Uplink für Gerät: AABBCC01020307
2026-03-21 09:28:38,427 - uplink - INFO - Daten erfolgreich in DB gespeichert für AABBCC01020307: {'Type': 1, 'Battery': 3.85, 'Temperature': 18.4, 'T_min': 17.0, 'T_max': 19.0, 'Humidity': 39.6, 'Pressure': 1015.1, 'Irradiation': 0, 'Irr_max': 32, 'Rain': 0.0, 'Rain_min_time': 0.0}
2026-03-21 09:28:45,718 - uplink - INFO - Verarbeite Uplink für Gerät: AABBCC01020316
2026-03-21 09:28:45,726 - uplink - INFO - Daten erfolgreich in DB gespeichert für AABBCC01020316: {'Type': 1, 'Battery': 4.2, 'Temperature': 24.4, 'T_min': 24.0, 'T_max': 25.0, 'Humidity': 53.8, 'Pressure': 1017.25, 'Irradiation': 2, 'Irr_max': 46, 'Rain': 4.0, 'Rain_min_time': 0.0}
2026-03-21 09:28:47,777 - uplink - INFO - Verarbeite Uplink für Gerät: AABBCC01020412
2026-03-21 09:28:47,785 - uplink - INFO - Daten erfolgreich in DB gespeichert für AABBCC01020412: {'Type': 1, 'Battery': 3.85, 'Temperature': 16.9, 'T_min': 15.4, 'T_max': 17.4, 'Humidity': 43.0, 'Pressure': 1012.0, 'Irradiation': 2, 'Irr_max': 46, 'Rain': 0.0, 'Rain_min_time': 0.0}
2026-03-21 09:28:48,432 - uplink - INFO - Verarbeite Uplink für Gerät: AABBCC01020307
2026-03-21 09:28:48,439 - uplink - INFO - Daten erfolgreich in DB gespeichert für AABBCC01020307: {'Type': 1, 'Battery': 3.85, 'Temperature': 18.4, 'T_min': 17.8, 'T_max': 18.4, 'Humidity': 39.6, 'Pressure': 1015.1, 'Irradiation': 0, 'Irr_max': 44, 'Rain': 0.0, 'Rain_min_time': 0.0}
2026-03-21 09:28:55,746 - uplink - INFO - Verarbeite Uplink für Gerät: AABBCC01020316
2026-03-21 09:28:55,754 - uplink - INFO - Daten erfolgreich in DB gespeichert für AABBCC01020316: {'Type': 1, 'Battery': 4.2, 'Temperature': 24.4, 'T_min': 23.2, 'T_max': 25.1, 'Humidity': 53.8, 'Pressure': 1017.25, 'Irradiation': 0, 'Irr_max': 20, 'Rain': 0.0, 'Rain_min_time': 0.0}
2026-03-21 09:28:57,813 - uplink - INFO - Verarbeite Uplink für Gerät: AABBCC01020412
2026-03-21 09:28:57,822 - uplink - INFO - Daten erfolgreich in DB gespeichert für AABBCC01020412: {'Type': 1, 'Battery': 3.85, 'Temperature': 16.9, 'T_min': 16.7, 'T_max': 18.0, 'Humidity': 43.0, 'Pressure': 1012.0, 'Irradiation': 2, 'Irr_max': 52, 'Rain': 2.0, 'Rain_min_time': 0.0}
2026-03-21 09:28:58,445 - uplink - INFO - Verarbeite Uplink für Gerät: AABBCC01020307
2026-03-21 09:28:58,453 - uplink - INFO - Daten erfolgreich in DB gespeichert für AABBCC01020307: {'Type': 1, 'Battery': 3.85, 'Temperature': 18.4, 'T_min': 17.7, 'T_max': 19.4, 'Humidity': 39.6, 'Pressure': 1015.1, 'Irradiation': 0, 'Irr_max': 10, 'Rain': 0.0, 'Rain_min_time': 0.0}
2026-03-21 09:29:05,758 - uplink - INFO - Verarbeite Uplink für Gerät: AABBCC01020316
2026-03-21 09:29:05,765 - uplink - INFO - Daten erfolgreich in DB gespeichert für AABBCC01020316: {'Type': 1, 'Battery': 4.2, 'Temperature': 24.4, 'T_min': 24.1, 'T_max': 24.7, 'Humidity': 53.8, 'Pressure': 1017.25, 'Irradiation': 0, 'Irr_max': 2, 'Rain': 0.0, 'Rain_min_time': 0.0}
2026-03-21 09:29:07,826 - uplink - INFO - Verarbeite Uplink für Gerät: AABBCC01020412
2026-03-21 09:29:07,834 - uplink - INFO - Daten erfolgreich in DB gespeichert für AABBCC01020412: {'Type': 1, 'Battery': 3.85, 'Temperature': 16.9, 'T_min': 16.3, 'T_max': 17.7, 'Humidity': 43.0, 'Pressure': 1012.0, 'Irradiation': 4, 'Irr_max': 38, 'Rain': 0.0, 'Rain_min_time': 0.0}
2026-03-21 09:29:08,478 - uplink - INFO - Verarbeite Uplink für Gerät: AABBCC01020307
2026-03-21 09:29:08,486 - uplink - INFO - Daten erfolgreich in DB gespeichert für AABBCC01020307: {'Type': 1, 'Battery': 3.85, 'Temperature': 18.4, 'T_min': 18.2, 'T_max': 18.6, 'Humidity': 39.6, 'Pressure': 1015.1, 'Irradiation': 0, 'Irr_max': 18, 'Rain': 0.0, 'Rain_min_time': 0.0}
2026-03-21 09:29:15,792 - uplink - INFO - Verarbeite Uplink für Gerät: AABBCC01020316
2026-03-21 09:29:15,800 - uplink - INFO - Daten erfolgreich in DB gespeichert für AABBCC01020316: {'Type': 1, 'Battery': 4.2, 'Temperature': 24.4, 'T_min': 23.2, 'T_max': 25.6, 'Humidity': 53.8, 'Pressure': 1017.25, 'Irradiation': 0, 'Irr_max': 24, 'Rain': 0.0, 'Rain_min_time': 0.0}
2026-03-21 09:29:17,855 - uplink - INFO - Verarbeite Uplink für Gerät: AABBCC01020412
2026-03-21 09:29:17,863 - uplink - INFO - Daten erfolgreich in DB gespeichert für AABBCC01020412: {'Type': 1, 'Battery': 3.85, 'Temperature': 16.9, 'T_min': 16.4, 'T_max': 18.1, 'Humidity': 43.0, 'Pressure': 1012.0, 'Irradiation': 2, 'Irr_max': 14, 'Rain': 3.0, 'Rain_min_time': 0.0}
2026-03-21 09:29:18,503 - uplink - INFO - Verarbeite Uplink für Gerät: AABBCC01020307
2026-03-21 09:29:18,511 - uplink - INFO - Daten erfolgreich in DB gespeichert für AABBCC01020307: {'Type': 1, 'Battery': 3.85, 'Temperature': 18.4, 'T_min': 17.8, 'T_max': 19.7, 'Humidity': 39.6, 'Pressure': 1015.1, 'Irradiation': 0, 'Irr_max': 22, 'Rain': 0.0, 'Rain_min_time': 0.0}
2026-03-21 09:29:25,806 - uplink - INFO - Verarbeite Uplink für Gerät: AABBCC01020316
2026-03-21 09:29:25,813 - uplink - INFO - Daten erfolgreich in DB gespeichert für AABBCC01020316: {'Type': 1, 'Battery': 4.2, 'Temperature': 24.4, 'T_min': 23.5, 'T_max': 25.5, 'Humidity': 53.8, 'Pressure': 1017.25, 'Irradiation': 0, 'Irr_max': 8, 'Rain': 0.0, 'Rain_min_time': 0.0}
2026-03-21 09:29:27,881 - uplink - INFO - Verarbeite Uplink für Gerät: AABBCC01020412
2026-03-21 09:29:27,889 - uplink - INFO - Daten erfolgreich in DB gespeichert für AABBCC01020412: {'Type': 1, 'Battery': 3.85, 'Temperature': 16.9, 'T_min': 15.6, 'T_max': 17.6, 'Humidity': 43.0, 'Pressure': 1012.0, 'Irradiation': 0, 'Irr_max': 48, 'Rain': 0.0, 'Rain_min_time': 0.0}
2026-03-21 09:29:28,531 - uplink - INFO - Verarbeite Uplink für Gerät: AABBCC01020307
2026-03-21 09:29:28,540 - uplink - INFO - Daten erfolgreich in DB gespeichert für AABBCC01020307: {'Type': 1, 'Battery': 3.85, 'Temperature': 18.4, 'T_min': 17.6, 'T_max': 19.9, 'Humidity': 39.6, 'Pressure': 1015.1, 'Irradiation': 0, 'Irr_max': 16, 'Rain': 0.0, 'Rain_min_time': 0.0}
2026-03-21 09:29:35,837 - uplink - INFO - Verarbeite Uplink für Gerät: AABBCC01020316
2026-03-21 09:29:35,845 - uplink - INFO - Daten erfolgreich in DB gespeichert für AABBCC01020316: {'Type': 1, 'Battery': 4.2, 'Temperature': 24.4, 'T_min': 23.4, 'T_max': 24.5, 'Humidity': 53.8, 'Pressure': 1017.25, 'Irradiation': 0, 'Irr_max': 48, 'Rain': 1.0, 'Rain_min_time': 0.0}
2026-03-21 09:29:37,901 - uplink - INFO - Verarbeite Uplink für Gerät: AABBCC01020412
2026-03-21 09:29:37,908 - uplink - INFO - Daten erfolgreich in DB gespeichert für AABBCC01020412: {'Type': 1, 'Battery': 3.85, 'Temperature': 16.9, 'T_min': 16.2, 'T_max': 18.4, 'Humidity': 43.0, 'Pressure': 1012.0, 'Irradiation': 0, 'Irr_max': 2, 'Rain': 0.0, 'Rain_min_time': 0.0}
2026-03-21 09:29:38,543 - uplink - INFO - Verarbeite Uplink für Gerät: AABBCC01020307
2026-03-21 09:29:38,551 - uplink - INFO - Daten erfolgreich in DB gespeichert für AABBCC01020307: {'Type': 1, 'Battery': 3.85, 'Temperature': 18.4, 'T_min': 18.0, 'T_max': 19.7, 'Humidity': 39.6, 'Pressure': 1015.1, 'Irradiation': 0, 'Irr_max': 28, 'Rain': 0.0, 'Rain_min_time': 0.0}
2026-03-21 09:29:45,850 - uplink - INFO - Verarbeite Uplink für Gerät: AABBCC01020316
2026-03-21 09:29:45,857 - uplink - INFO - Daten erfolgreich in DB gespeichert für AABBCC01020316: {'Type': 1, 'Battery': 4.2, 'Temperature': 24.4, 'T_min': 23.7, 'T_max': 24.6, 'Humidity': 53.8, 'Pressure': 1017.25, 'Irradiation': 0, 'Irr_max': 28, 'Rain': 0.0, 'Rain_min_time': 0.0}
2026-03-21 09:29:47,929 - uplink - INFO - Verarbeite Uplink für Gerät: AABBCC01020412
2026-03-21 09:29:47,939 - uplink - INFO - Daten erfolgreich in DB gespeichert für AABBCC01020412: {'Type': 1, 'Battery': 3.85, 'Temperature': 16.9, 'T_min': 16.5, 'T_max': 18.4, 'Humidity': 43.0, 'Pressure': 1012.0, 'Irradiation': 2, 'Irr_max': 18, 'Rain': 0.0, 'Rain_min_time': 0.0}
2026-03-21 09:29:48,565 - uplink - INFO - Verarbeite Uplink für Gerät: AABBCC01020307
2026-03-21 09:29:48,573 - uplink - INFO - Daten erfolgreich in DB gespeichert für AABBCC01020307: {'Type': 1, 'Battery': 3.85, 'Temperature': 18.4, 'T_min': 17.0, 'T_max': 19.4, 'Humidity': 39.6, 'Pressure': 1015.1, 'Irradiation': 0, 'Irr_max': 8, 'Rain': 0.0, 'Rain_min_time': 0.0}
2026-03-21 09:29:55,863 - uplink - INFO - Verarbeite Uplink für Gerät: AABBCC01020316
2026-03-21 09:29:55,870 - uplink - INFO - Daten erfolgreich in DB gespeichert für AABBCC01020316: {'Type': 1, 'Battery': 4.2, 'Temperature': 24.4, 'T_min': 23.1, 'T_max': 25.5, 'Humidity': 53.8, 'Pressure': 1017.25, 'Irradiation': 0, 'Irr_max': 50, 'Rain': 0.0, 'Rain_min_time': 0.0}
2026-03-21 09:29:57,968 - uplink - INFO - Verarbeite Uplink für Gerät: AABBCC01020412
2026-03-21 09:29:57,975 - uplink - INFO - Daten erfolgreich in DB gespeichert für AABBCC01020412: {'Type': 1, 'Battery': 3.85, 'Temperature': 16.9, 'T_min': 15.5, 'T_max': 18.2, 'Humidity': 43.0, 'Pressure': 1012.0, 'Irradiation': 2, 'Irr_max': 30, 'Rain': 0.0, 'Rain_min_time': 0.0}
2026-03-21 09:29:58,590 - uplink - INFO - Verarbeite Uplink für Gerät: AABBCC01020307
2026-03-21 09:29:58,598 - uplink - INFO - Daten erfolgreich in DB gespeichert für AABBCC01020307: {'Type': 1, 'Battery': 3.85, 'Temperature': 18.4, 'T_min': 18.2, 'T_max': 19.9, 'Humidity': 39.6, 'Pressure': 1015.1, 'Irradiation': 2, 'Irr_max': 34, 'Rain': 0.0, 'Rain_min_time': 0.0}
2026-03-21 09:30:05,894 - uplink - INFO - Verarbeite Uplink für Gerät: AABBCC01020316
2026-03-21 09:30:05,902 - uplink - INFO - Daten erfolgreich in DB gespeichert für AABBCC01020316: {'Type': 1, 'Battery': 4.2, 'Temperature': 24.4, 'T_min': 23.7, 'T_max': 25.1, 'Humidity': 53.8, 'Pressure': 1017.25, 'Irradiation': 0, 'Irr_max': 26, 'Rain': 0.0, 'Rain_min_time': 0.0}
2026-03-21 09:30:07,990 - uplink - INFO - Verarbeite Uplink für Gerät: AABBCC01020412
2026-03-21 09:30:07,998 - uplink - INFO - Daten erfolgreich in DB gespeichert für AABBCC01020412: {'Type': 1, 'Battery': 3.85, 'Temperature': 16.9, 'T_min': 16.8, 'T_max': 18.0, 'Humidity': 43.0, 'Pressure': 1012.0, 'Irradiation': 0, 'Irr_max': 8, 'Rain': 2.0, 'Rain_min_time': 0.0}
2026-03-21 09:30:08,610 - uplink - INFO - Verarbeite Uplink für Gerät: AABBCC01020307
2026-03-21 09:30:08,617 - uplink - INFO - Daten erfolgreich in DB gespeichert für AABBCC01020307: {'Type': 1, 'Battery': 3.85, 'Temperature': 18.4, 'T_min': 17.9, 'T_max': 19.1, 'Humidity': 39.6, 'Pressure': 1015.1, 'Irradiation': 2, 'Irr_max': 26, 'Rain': 0.0, 'Rain_min_time': 0.0}
2026-03-21 09:30:15,932 - uplink - INFO - Verarbeite Uplink für Gerät: AABBCC01020316
2026-03-21 09:30:15,939 - uplink - INFO - Daten erfolgreich in DB gespeichert für AABBCC01020316: {'Type': 1, 'Battery': 4.2, 'Temperature': 24.4, 'T_min': 23.5, 'T_max': 25.9, 'Humidity': 53.8, 'Pressure': 1017.25, 'Irradiation': 2, 'Irr_max': 6, 'Rain': 0.0, 'Rain_min_time': 0.0}
2026-03-21 09:30:18,026 - uplink - INFO - Verarbeite Uplink für Gerät: AABBCC01020412
2026-03-21 09:30:18,033 - uplink - INFO - Daten erfolgreich in DB gespeichert für AABBCC01020412: {'Type': 1, 'Battery': 3.85, 'Temperature': 16.9, 'T_min': 15.6, 'T_max': 17.9, 'Humidity': 43.0, 'Pressure': 1012.0, 'Irradiation': 0, 'Irr_max': 0, 'Rain': 0.0, 'Rain_min_time': 0.0}
2026-03-21 09:30:18,644 - uplink - INFO - Verarbeite Uplink für Gerät: AABBCC01020307
2026-03-21 09:30:18,653 - uplink - INFO - Daten erfolgreich in DB gespeichert für AABBCC01020307: {'Type': 1, 'Battery': 3.85, 'Temperature': 18.4, 'T_min': 17.0, 'T_max': 18.5, 'Humidity': 39.6, 'Pressure': 1015.1, 'Irradiation': 0, 'Irr_max': 36, 'Rain': 0.0, 'Rain_min_time': 0.0}
2026-03-21 09:30:25,944 - uplink - INFO - Verarbeite Uplink für Gerät: AABBCC01020316
2026-03-21 09:30:25,952 - uplink - INFO - Daten erfolgreich in DB gespeichert für AABBCC01020316: {'Type': 1, 'Battery': 4.2, 'Temperature': 24.4, 'T_min': 24.1, 'T_max': 24.8, 'Humidity': 53.8, 'Pressure': 1017.25, 'Irradiation': 0, 'Irr_max': 34, 'Rain': 0.0, 'Rain_min_time': 0.0}
2026-03-21 09:30:28,039 - uplink - INFO - Verarbeite Uplink für Gerät: AABBCC01020412
2026-03-21 09:30:28,047 - uplink - INFO - Daten erfolgreich in DB gespeichert für AABBCC01020412: {'Type': 1, 'Battery': 3.85, 'Temperature': 16.9, 'T_min': 16.2, 'T_max': 18.0, 'Humidity': 43.0, 'Pressure': 1012.0, 'Irradiation': 2, 'Irr_max': 42, 'Rain': 0.0, 'Rain_min_time': 0.0}
2026-03-21 09:30:28,672 - uplink - INFO - Verarbeite Uplink für Gerät: AABBCC01020307
2026-03-21 09:30:28,681 - uplink - INFO - Daten erfolgreich in DB gespeichert für AABBCC01020307: {'Type': 1, 'Battery': 3.85, 'Temperature': 18.4, 'T_min': 17.1, 'T_max': 18.8, 'Humidity': 39.6, 'Pressure': 1015.1, 'Irradiation': 2, 'Irr_max': 30, 'Rain': 0.0, 'Rain_min_time': 0.0}
2026-03-21 09:30:35,965 - uplink - INFO - Verarbeite Uplink für Gerät: AABBCC01020316
2026-03-21 09:30:35,972 - uplink - INFO - Daten erfolgreich in DB gespeichert für AABBCC01020316: {'Type': 1, 'Battery': 4.2, 'Temperature': 24.4, 'T_min': 23.8, 'T_max': 25.6, 'Humidity': 53.8, 'Pressure': 1017.25, 'Irradiation': 0, 'Irr_max': 6, 'Rain': 0.0, 'Rain_min_time': 0.0}
2026-03-21 09:30:38,050 - uplink - INFO - Verarbeite Uplink für Gerät: AABBCC01020412
2026-03-21 09:30:38,058 - uplink - INFO - Daten erfolgreich in DB gespeichert für AABBCC01020412: {'Type': 1, 'Battery': 3.85, 'Temperature': 16.9, 'T_min': 15.6, 'T_max': 17.2, 'Humidity': 42.8, 'Pressure': 1012.0, 'Irradiation': 0, 'Irr_max': 20, 'Rain': 0.0, 'Rain_min_time': 0.0}
2026-03-21 09:30:38,684 - uplink - INFO - Verarbeite Uplink für Gerät: AABBCC01020307
2026-03-21 09:30:38,692 - uplink - INFO - Daten erfolgreich in DB gespeichert für AABBCC01020307: {'Type': 1, 'Battery': 3.85, 'Temperature': 18.4, 'T_min': 17.2, 'T_max': 18.8, 'Humidity': 39.4, 'Pressure': 1015.1, 'Irradiation': 2, 'Irr_max': 30, 'Rain': 0.0, 'Rain_min_time': 0.0}
2026-03-21 09:30:45,991 - uplink - INFO - Verarbeite Uplink für Gerät: AABBCC01020316
2026-03-21 09:30:45,999 - uplink - INFO - Daten erfolgreich in DB gespeichert für AABBCC01020316: {'Type': 1, 'Battery': 4.2, 'Temperature': 24.4, 'T_min': 24.3, 'T_max': 25.7, 'Humidity': 53.8, 'Pressure': 1017.25, 'Irradiation': 0, 'Irr_max': 6, 'Rain': 0.0, 'Rain_min_time': 0.0}
2026-03-21 09:30:48,085 - uplink - INFO - Verarbeite Uplink für Gerät: AABBCC01020412
2026-03-21 09:30:48,093 - uplink - INFO - Daten erfolgreich in DB gespeichert für AABBCC01020412: {'Type': 1, 'Battery': 3.85, 'Temperature': 16.9, 'T_min': 15.4, 'T_max': 17.9, 'Humidity': 43.0, 'Pressure': 1012.0, 'Irradiation': 2, 'Irr_max': 20, 'Rain': 0.0, 'Rain_min_time': 0.0}
2026-03-21 09:30:48,718 - uplink - INFO - Verarbeite Uplink für Gerät: AABBCC01020307
2026-03-21 09:30:48,726 - uplink - INFO - Daten erfolgreich in DB gespeichert für AABBCC01020307: {'Type': 1, 'Battery': 3.85, 'Temperature': 18.4, 'T_min': 17.9, 'T_max': 18.6, 'Humidity': 39.6, 'Pressure': 1015.1, 'Irradiation': 2, 'Irr_max': 24, 'Rain': 0.0, 'Rain_min_time': 0.0}
2026-03-21 09:30:56,028 - uplink - INFO - Verarbeite Uplink für Gerät: AABBCC01020316
2026-03-21 09:30:56,037 - uplink - INFO - Daten erfolgreich in DB gespeichert für AABBCC01020316: {'Type': 1, 'Battery': 4.2, 'Temperature': 24.4, 'T_min': 23.2, 'T_max': 24.7, 'Humidity': 53.8, 'Pressure': 1017.25, 'Irradiation': 0, 'Irr_max': 28, 'Rain': 0.0, 'Rain_min_time': 0.0}
2026-03-21 09:30:58,111 - uplink - INFO - Verarbeite Uplink für Gerät: AABBCC01020412
2026-03-21 09:30:58,121 - uplink - INFO - Daten erfolgreich in DB gespeichert für AABBCC01020412: {'Type': 1, 'Battery': 3.85, 'Temperature': 16.9, 'T_min': 15.6, 'T_max': 17.9, 'Humidity': 42.8, 'Pressure': 1012.0, 'Irradiation': 0, 'Irr_max': 36, 'Rain': 0.0, 'Rain_min_time': 0.0}
2026-03-21 09:30:58,731 - uplink - INFO - Verarbeite Uplink für Gerät: AABBCC01020307
2026-03-21 09:30:58,739 - uplink - INFO - Daten erfolgreich in DB gespeichert für AABBCC01020307: {'Type': 1, 'Battery': 3.85, 'Temperature': 18.4, 'T_min': 18.1, 'T_max': 19.7, 'Humidity': 39.4, 'Pressure': 1015.1, 'Irradiation': 2, 'Irr_max': 34, 'Rain': 0.0, 'Rain_min_time': 0.0}
2026-03-21 09:31:06,051 - uplink - INFO - Verarbeite Uplink für Gerät: AABBCC01020316
2026-03-21 09:31:06,058 - uplink - INFO - Daten erfolgreich in DB gespeichert für AABBCC01020316: {'Type': 1, 'Battery': 4.2, 'Temperature': 24.4, 'T_min': 24.1, 'T_max': 24.8, 'Humidity': 53.8, 'Pressure': 1017.25, 'Irradiation': 0, 'Irr_max': 24, 'Rain': 0.0, 'Rain_min_time': 0.0}
2026-03-21 09:31:08,146 - uplink - INFO - Verarbeite Uplink für Gerät: AABBCC01020412
2026-03-21 09:31:08,154 - uplink - INFO - Daten erfolgreich in DB gespeichert für AABBCC01020412: {'Type': 1, 'Battery': 3.85, 'Temperature': 16.9, 'T_min': 16.0, 'T_max': 17.0, 'Humidity': 42.8, 'Pressure': 1012.0, 'Irradiation': 2, 'Irr_max': 50, 'Rain': 0.0, 'Rain_min_time': 0.0}
2026-03-21 09:31:08,743 - uplink - INFO - Verarbeite Uplink für Gerät: AABBCC01020307
2026-03-21 09:31:08,751 - uplink - INFO - Daten erfolgreich in DB gespeichert für AABBCC01020307: {'Type': 1, 'Battery': 3.85, 'Temperature': 18.4, 'T_min': 17.4, 'T_max': 19.8, 'Humidity': 39.6, 'Pressure': 1015.1, 'Irradiation': 2, 'Irr_max': 4, 'Rain': 0.0, 'Rain_min_time': 0.0}
2026-03-21 09:31:16,063 - uplink - INFO - Verarbeite Uplink für Gerät: AABBCC01020316
2026-03-21 09:31:16,071 - uplink - INFO - Daten erfolgreich in DB gespeichert für AABBCC01020316: {'Type': 1, 'Battery': 4.2, 'Temperature': 24.4, 'T_min': 23.6, 'T_max': 24.8, 'Humidity': 53.8, 'Pressure': 1017.25, 'Irradiation': 2, 'Irr_max': 46, 'Rain': 0.0, 'Rain_min_time': 0.0}
2026-03-21 09:31:18,177 - uplink - INFO - Verarbeite Uplink für Gerät: AABBCC01020412
2026-03-21 09:31:18,185 - uplink - INFO - Daten erfolgreich in DB gespeichert für AABBCC01020412: {'Type': 1, 'Battery': 3.85, 'Temperature': 16.9, 'T_min': 15.6, 'T_max': 17.4, 'Humidity': 43.0, 'Pressure': 1012.0, 'Irradiation': 0, 'Irr_max': 36, 'Rain': 0.0, 'Rain_min_time': 0.0}
2026-03-21 09:31:18,767 - uplink - INFO - Verarbeite Uplink für Gerät: AABBCC01020307
2026-03-21 09:31:18,775 - uplink - INFO - Daten erfolgreich in DB gespeichert für AABBCC01020307: {'Type': 1, 'Battery': 3.85, 'Temperature': 18.4, 'T_min': 17.4, 'T_max': 19.4, 'Humidity': 39.4, 'Pressure': 1015.1, 'Irradiation': 2, 'Irr_max': 20, 'Rain': 0.0, 'Rain_min_time': 0.0}
2026-03-21 09:31:26,100 - uplink - INFO - Verarbeite Uplink für Gerät: AABBCC01020316
2026-03-21 09:31:26,107 - uplink - INFO - Daten erfolgreich in DB gespeichert für AABBCC01020316: {'Type': 1, 'Battery': 4.2, 'Temperature': 24.4, 'T_min': 23.4, 'T_max': 25.5, 'Humidity': 53.8, 'Pressure': 1017.25, 'Irradiation': 0, 'Irr_max': 24, 'Rain': 0.0, 'Rain_min_time': 0.0}
2026-03-21 09:31:28,212 - uplink - INFO - Verarbeite Uplink für Gerät: AABBCC01020412
2026-03-21 09:31:28,221 - uplink - INFO - Daten erfolgreich in DB gespeichert für AABBCC01020412: {'Type': 1, 'Battery': 3.85, 'Temperature': 16.9, 'T_min': 16.6, 'T_max': 17.5, 'Humidity': 42.8, 'Pressure': 1012.0, 'Irradiation': 0, 'Irr_max': 46, 'Rain': 0.0, 'Rain_min_time': 0.0}
2026-03-21 09:31:28,790 - uplink - INFO - Verarbeite Uplink für Gerät: AABBCC01020307
2026-03-21 09:31:28,797 - uplink - INFO - Daten erfolgreich in DB gespeichert für AABBCC01020307: {'Type': 1, 'Battery': 3.85, 'Temperature': 18.4, 'T_min': 17.6, 'T_max': 19.3, 'Humidity': 39.6, 'Pressure': 1015.1, 'Irradiation': 0, 'Irr_max': 0, 'Rain': 0.0, 'Rain_min_time': 0.0}
2026-03-21 09:31:36,126 - uplink - INFO - Verarbeite Uplink für Gerät: AABBCC01020316
2026-03-21 09:31:36,134 - uplink - INFO - Daten erfolgreich in DB gespeichert für AABBCC01020316: {'Type': 1, 'Battery': 4.2, 'Temperature': 24.4, 'T_min': 23.5, 'T_max': 24.8, 'Humidity': 53.8, 'Pressure': 1017.25, 'Irradiation': 0, 'Irr_max': 50, 'Rain': 0.0, 'Rain_min_time': 0.0}
2026-03-21 09:31:38,236 - uplink - INFO - Verarbeite Uplink für Gerät: AABBCC01020412
2026-03-21 09:31:38,243 - uplink - INFO - Daten erfolgreich in DB gespeichert für AABBCC01020412: {'Type': 1, 'Battery': 3.85, 'Temperature': 16.9, 'T_min': 15.6, 'T_max': 18.2, 'Humidity': 42.8, 'Pressure': 1012.0, 'Irradiation': 2, 'Irr_max': 44, 'Rain': 0.0, 'Rain_min_time': 0.0}
2026-03-21 09:31:38,801 - uplink - INFO - Verarbeite Uplink für Gerät: AABBCC01020307
2026-03-21 09:31:38,808 - uplink - INFO - Daten erfolgreich in DB gespeichert für AABBCC01020307: {'Type': 1, 'Battery': 3.85, 'Temperature': 18.4, 'T_min': 16.9, 'T_max': 18.8, 'Humidity': 39.6, 'Pressure': 1015.1, 'Irradiation': 0, 'Irr_max': 24, 'Rain': 0.0, 'Rain_min_time': 0.0}
2026-03-21 09:31:46,152 - uplink - INFO - Verarbeite Uplink für Gerät: AABBCC01020316
2026-03-21 09:31:46,160 - uplink - INFO - Daten erfolgreich in DB gespeichert für AABBCC01020316: {'Type': 1, 'Battery': 4.2, 'Temperature': 24.4, 'T_min': 23.9, 'T_max': 24.8, 'Humidity': 53.8, 'Pressure': 1017.25, 'Irradiation': 0, 'Irr_max': 12, 'Rain': 0.0, 'Rain_min_time': 0.0}
2026-03-21 09:31:48,249 - uplink - INFO - Verarbeite Uplink für Gerät: AABBCC01020412
2026-03-21 09:31:48,256 - uplink - INFO - Daten erfolgreich in DB gespeichert für AABBCC01020412: {'Type': 1, 'Battery': 3.85, 'Temperature': 16.9, 'T_min': 16.6, 'T_max': 18.3, 'Humidity': 42.8, 'Pressure': 1012.0, 'Irradiation': 0, 'Irr_max': 16, 'Rain': 0.0, 'Rain_min_time': 0.0}
2026-03-21 09:31:48,829 - uplink - INFO - Verarbeite Uplink für Gerät: AABBCC01020307
2026-03-21 09:31:48,837 - uplink - INFO - Daten erfolgreich in DB gespeichert für AABBCC01020307: {'Type': 1, 'Battery': 3.85, 'Temperature': 18.4, 'T_min': 18.3, 'T_max': 19.5, 'Humidity': 39.4, 'Pressure': 1015.1, 'Irradiation': 0, 'Irr_max': 4, 'Rain': 0.0, 'Rain_min_time': 0.0}
2026-03-21 09:31:56,175 - uplink - INFO - Verarbeite Uplink für Gerät: AABBCC01020316
2026-03-21 09:31:56,183 - uplink - INFO - Daten erfolgreich in DB gespeichert für AABBCC01020316: {'Type': 1, 'Battery': 4.2, 'Temperature': 24.4, 'T_min': 24.4, 'T_max': 24.5, 'Humidity': 53.8, 'Pressure': 1017.25, 'Irradiation': 0, 'Irr_max': 24, 'Rain': 0.0, 'Rain_min_time': 0.0}
2026-03-21 09:31:58,285 - uplink - INFO - Verarbeite Uplink für Gerät: AABBCC01020412
2026-03-21 09:31:58,292 - uplink - INFO - Daten erfolgreich in DB gespeichert für AABBCC01020412: {'Type': 1, 'Battery': 3.85, 'Temperature': 16.9, 'T_min': 16.9, 'T_max': 18.0, 'Humidity': 42.8, 'Pressure': 1012.0, 'Irradiation': 0, 'Irr_max': 2, 'Rain': 0.0, 'Rain_min_time': 0.0}
2026-03-21 09:31:58,859 - uplink - INFO - Verarbeite Uplink für Gerät: AABBCC01020307
2026-03-21 09:31:58,868 - uplink - INFO - Daten erfolgreich in DB gespeichert für AABBCC01020307: {'Type': 1, 'Battery': 3.85, 'Temperature': 18.4, 'T_min': 17.5, 'T_max': 19.8, 'Humidity': 39.6, 'Pressure': 1015.1, 'Irradiation': 0, 'Irr_max': 22, 'Rain': 0.0, 'Rain_min_time': 0.0}
2026-03-21 09:32:06,198 - uplink - INFO - Verarbeite Uplink für Gerät: AABBCC01020316
2026-03-21 09:32:06,206 - uplink - INFO - Daten erfolgreich in DB gespeichert für AABBCC01020316: {'Type': 1, 'Battery': 4.2, 'Temperature': 24.4, 'T_min': 24.3, 'T_max': 25.7, 'Humidity': 53.8, 'Pressure': 1017.25, 'Irradiation': 0, 'Irr_max': 6, 'Rain': 0.0, 'Rain_min_time': 0.0}
2026-03-21 09:32:08,309 - uplink - INFO - Verarbeite Uplink für Gerät: AABBCC01020412
2026-03-21 09:32:08,317 - uplink - INFO - Daten erfolgreich in DB gespeichert für AABBCC01020412: {'Type': 1, 'Battery': 3.85, 'Temperature': 16.9, 'T_min': 16.8, 'T_max': 17.6, 'Humidity': 42.8, 'Pressure': 1012.0, 'Irradiation': 2, 'Irr_max': 34, 'Rain': 0.0, 'Rain_min_time': 0.0}
2026-03-21 09:32:08,882 - uplink - INFO - Verarbeite Uplink für Gerät: AABBCC01020307
2026-03-21 09:32:08,890 - uplink - INFO - Daten erfolgreich in DB gespeichert für AABBCC01020307: {'Type': 1, 'Battery': 3.85, 'Temperature': 18.4, 'T_min': 17.2, 'T_max': 19.4, 'Humidity': 39.4, 'Pressure': 1015.1, 'Irradiation': 2, 'Irr_max': 24, 'Rain': 0.0, 'Rain_min_time': 0.0}
2026-03-21 09:32:16,220 - uplink - INFO - Verarbeite Uplink für Gerät: AABBCC01020316
2026-03-21 09:32:16,227 - uplink - INFO - Daten erfolgreich in DB gespeichert für AABBCC01020316: {'Type': 1, 'Battery': 4.2, 'Temperature': 24.4, 'T_min': 23.0, 'T_max': 25.0, 'Humidity': 54.0, 'Pressure': 1017.25, 'Irradiation': 0, 'Irr_max': 20, 'Rain': 0.0, 'Rain_min_time': 0.0}
2026-03-21 09:32:18,322 - uplink - INFO - Verarbeite Uplink für Gerät: AABBCC01020412
2026-03-21 09:32:18,330 - uplink - INFO - Daten erfolgreich in DB gespeichert für AABBCC01020412: {'Type': 1, 'Battery': 3.85, 'Temperature': 16.9, 'T_min': 15.8, 'T_max': 17.6, 'Humidity': 42.8, 'Pressure': 1012.0, 'Irradiation': 0, 'Irr_max': 44, 'Rain': 0.0, 'Rain_min_time': 0.0}
2026-03-21 09:32:18,895 - uplink - INFO - Verarbeite Uplink für Gerät: AABBCC01020307
2026-03-21 09:32:18,903 - uplink - INFO - Daten erfolgreich in DB gespeichert für AABBCC01020307: {'Type': 1, 'Battery': 3.85, 'Temperature': 18.4, 'T_min': 17.1, 'T_max': 19.5, 'Humidity': 39.4, 'Pressure': 1015.1, 'Irradiation': 0, 'Irr_max': 10, 'Rain': 0.0, 'Rain_min_time': 0.0}
2026-03-21 09:32:26,250 - uplink - INFO - Verarbeite Uplink für Gerät: AABBCC01020316
2026-03-21 09:32:26,257 - uplink - INFO - Daten erfolgreich in DB gespeichert für AABBCC01020316: {'Type': 1, 'Battery': 4.2, 'Temperature': 24.4, 'T_min': 24.0, 'T_max': 25.5, 'Humidity': 54.0, 'Pressure': 1017.25, 'Irradiation': 2, 'Irr_max': 28, 'Rain': 0.0, 'Rain_min_time': 0.0}
2026-03-21 09:32:28,358 - uplink - INFO - Verarbeite Uplink für Gerät: AABBCC01020412
2026-03-21 09:32:28,366 - uplink - INFO - Daten erfolgreich in DB gespeichert für AABBCC01020412: {'Type': 1, 'Battery': 3.85, 'Temperature': 16.9, 'T_min': 16.4, 'T_max': 17.6, 'Humidity': 42.8, 'Pressure': 1012.0, 'Irradiation': 0, 'Irr_max': 4, 'Rain': 0.0, 'Rain_min_time': 0.0}
2026-03-21 09:32:28,932 - uplink - INFO - Verarbeite Uplink für Gerät: AABBCC01020307
2026-03-21 09:32:28,939 - uplink - INFO - Daten erfolgreich in DB gespeichert für AABBCC01020307: {'Type': 1, 'Battery': 3.85, 'Temperature': 18.4, 'T_min': 18.1, 'T_max': 19.0, 'Humidity': 39.4, 'Pressure': 1015.1, 'Irradiation': 0, 'Irr_max': 30, 'Rain': 0.0, 'Rain_min_time': 0.0}
2026-03-21 09:32:36,261 - uplink - INFO - Verarbeite Uplink für Gerät: AABBCC01020316
2026-03-21 09:32:36,270 - uplink - INFO - Daten erfolgreich in DB gespeichert für AABBCC01020316: {'Type': 1, 'Battery': 4.2, 'Temperature': 24.4, 'T_min': 24.1, 'T_max': 24.5, 'Humidity': 54.0, 'Pressure': 1017.25, 'Irradiation': 4, 'Irr_max': 24, 'Rain': 0.0, 'Rain_min_time': 0.0}
2026-03-21 09:32:38,382 - uplink - INFO - Verarbeite Uplink für Gerät: AABBCC01020412
2026-03-21 09:32:38,390 - uplink - INFO - Daten erfolgreich in DB gespeichert für AABBCC01020412: {'Type': 1, 'Battery': 3.85, 'Temperature': 16.9, 'T_min': 16.7, 'T_max': 18.2, 'Humidity': 43.0, 'Pressure': 1012.0, 'Irradiation': 0, 'Irr_max': 6, 'Rain': 0.0, 'Rain_min_time': 0.0}
2026-03-21 09:32:38,959 - uplink - INFO - Verarbeite Uplink für Gerät: AABBCC01020307
2026-03-21 09:32:38,967 - uplink - INFO - Daten erfolgreich in DB gespeichert für AABBCC01020307: {'Type': 1, 'Battery': 3.85, 'Temperature': 18.4, 'T_min': 17.7, 'T_max': 18.9, 'Humidity': 39.4, 'Pressure': 1015.1, 'Irradiation': 2, 'Irr_max': 38, 'Rain': 0.0, 'Rain_min_time': 0.0}
2026-03-21 09:32:46,291 - uplink - INFO - Verarbeite Uplink für Gerät: AABBCC01020316
2026-03-21 09:32:46,299 - uplink - INFO - Daten erfolgreich in DB gespeichert für AABBCC01020316: {'Type': 1, 'Battery': 4.2, 'Temperature': 24.4, 'T_min': 23.7, 'T_max': 24.5, 'Humidity': 54.0, 'Pressure': 1017.25, 'Irradiation': 4, 'Irr_max': 14, 'Rain': 0.0, 'Rain_min_time': 0.0}
2026-03-21 09:32:48,418 - uplink - INFO - Verarbeite Uplink für Gerät: AABBCC01020412
2026-03-21 09:32:48,426 - uplink - INFO - Daten erfolgreich in DB gespeichert für AABBCC01020412: {'Type': 1, 'Battery': 3.85, 'Temperature': 16.9, 'T_min': 16.7, 'T_max': 17.4, 'Humidity': 42.8, 'Pressure': 1012.0, 'Irradiation': 0, 'Irr_max': 44, 'Rain': 0.0, 'Rain_min_time': 0.0}
2026-03-21 09:32:48,989 - uplink - INFO - Verarbeite Uplink für Gerät: AABBCC01020307
2026-03-21 09:32:48,997 - uplink - INFO - Daten erfolgreich in DB gespeichert für AABBCC01020307: {'Type': 1, 'Battery': 3.85, 'Temperature': 18.4, 'T_min': 17.9, 'T_max': 19.4, 'Humidity': 39.4, 'Pressure': 1015.1, 'Irradiation': 2, 'Irr_max': 38, 'Rain': 0.0, 'Rain_min_time': 0.0}
2026-03-21 09:32:56,304 - uplink - INFO - Verarbeite Uplink für Gerät: AABBCC01020316
2026-03-21 09:32:56,312 - uplink - INFO - Daten erfolgreich in DB gespeichert für AABBCC01020316: {'Type': 1, 'Battery': 4.2, 'Temperature': 24.4, 'T_min': 23.2, 'T_max': 24.9, 'Humidity': 54.0, 'Pressure': 1017.25, 'Irradiation': 2, 'Irr_max': 36, 'Rain': 0.0, 'Rain_min_time': 0.0}
2026-03-21 09:32:58,449 - uplink - INFO - Verarbeite Uplink für Gerät: AABBCC01020412
2026-03-21 09:32:58,457 - uplink - INFO - Daten erfolgreich in DB gespeichert für AABBCC01020412: {'Type': 1, 'Battery': 3.85, 'Temperature': 16.9, 'T_min': 15.8, 'T_max': 18.1, 'Humidity': 43.0, 'Pressure': 1012.0, 'Irradiation': 0, 'Irr_max': 6, 'Rain': 0.0, 'Rain_min_time': 0.0}
2026-03-21 09:32:59,012 - uplink - INFO - Verarbeite Uplink für Gerät: AABBCC01020307
2026-03-21 09:32:59,019 - uplink - INFO - Daten erfolgreich in DB gespeichert für AABBCC01020307: {'Type': 1, 'Battery': 3.85, 'Temperature': 18.4, 'T_min': 17.2, 'T_max': 18.4, 'Humidity': 39.4, 'Pressure': 1015.1, 'Irradiation': 2, 'Irr_max': 42, 'Rain': 0.0, 'Rain_min_time': 0.0}
2026-03-21 09:33:06,329 - uplink - INFO - Verarbeite Uplink für Gerät: AABBCC01020316
2026-03-21 09:33:06,337 - uplink - INFO - Daten erfolgreich in DB gespeichert für AABBCC01020316: {'Type': 1, 'Battery': 4.2, 'Temperature': 24.4, 'T_min': 23.7, 'T_max': 24.5, 'Humidity': 54.0, 'Pressure': 1017.25, 'Irradiation': 2, 'Irr_max': 30, 'Rain': 0.0, 'Rain_min_time': 0.0}
2026-03-21 09:33:08,472 - uplink - INFO - Verarbeite Uplink für Gerät: AABBCC01020412
2026-03-21 09:33:08,480 - uplink - INFO - Daten erfolgreich in DB gespeichert für AABBCC01020412: {'Type': 1, 'Battery': 3.85, 'Temperature': 16.9, 'T_min': 16.3, 'T_max': 17.2, 'Humidity': 43.0, 'Pressure': 1012.0, 'Irradiation': 0, 'Irr_max': 30, 'Rain': 0.0, 'Rain_min_time': 0.0}
2026-03-21 09:33:09,032 - uplink - INFO - Verarbeite Uplink für Gerät: AABBCC01020307
2026-03-21 09:33:09,040 - uplink - INFO - Daten erfolgreich in DB gespeichert für AABBCC01020307: {'Type': 1, 'Battery': 3.85, 'Temperature': 18.4, 'T_min': 17.3, 'T_max': 18.5, 'Humidity': 39.4, 'Pressure': 1015.1, 'Irradiation': 2, 'Irr_max': 8, 'Rain': 0.0, 'Rain_min_time': 0.0}
2026-03-21 09:33:16,343 - uplink - INFO - Verarbeite Uplink für Gerät: AABBCC01020316
2026-03-21 09:33:16,350 - uplink - INFO - Daten erfolgreich in DB gespeichert für AABBCC01020316: {'Type': 1, 'Battery': 4.2, 'Temperature': 24.4, 'T_min': 23.8, 'T_max': 25.5, 'Humidity': 54.0, 'Pressure': 1017.25, 'Irradiation': 4, 'Irr_max': 48, 'Rain': 0.0, 'Rain_min_time': 0.0}
2026-03-21 09:33:18,503 - uplink - INFO - Verarbeite Uplink für Gerät: AABBCC01020412
2026-03-21 09:33:18,510 - uplink - INFO - Daten erfolgreich in DB gespeichert für AABBCC01020412: {'Type': 1, 'Battery': 3.85, 'Temperature': 16.9, 'T_min': 16.2, 'T_max': 18.2, 'Humidity': 43.0, 'Pressure': 1012.0, 'Irradiation': 0, 'Irr_max': 4, 'Rain': 0.0, 'Rain_min_time': 0.0}
2026-03-21 09:33:19,061 - uplink - INFO - Verarbeite Uplink für Gerät: AABBCC01020307
2026-03-21 09:33:19,069 - uplink - INFO - Daten erfolgreich in DB gespeichert für AABBCC01020307: {'Type': 1, 'Battery': 3.85, 'Temperature': 18.4, 'T_min': 17.2, 'T_max': 18.5, 'Humidity': 39.4, 'Pressure': 1015.1, 'Irradiation': 2, 'Irr_max': 34, 'Rain': 0.0, 'Rain_min_time': 0.0}
2026-03-21 09:33:26,372 - uplink - INFO - Verarbeite Uplink für Gerät: AABBCC01020316
2026-03-21 09:33:26,379 - uplink - INFO - Daten erfolgreich in DB gespeichert für AABBCC01020316: {'Type': 1, 'Battery': 4.2, 'Temperature': 24.4, 'T_min': 24.2, 'T_max': 24.5, 'Humidity': 54.0, 'Pressure': 1017.25, 'Irradiation': 4, 'Irr_max': 30, 'Rain': 0.0, 'Rain_min_time': 0.0}
2026-03-21 09:33:28,515 - uplink - INFO - Verarbeite Uplink für Gerät: AABBCC01020412
2026-03-21 09:33:28,523 - uplink - INFO - Daten erfolgreich in DB gespeichert für AABBCC01020412: {'Type': 1, 'Battery': 3.85, 'Temperature': 16.9, 'T_min': 16.8, 'T_max': 17.9, 'Humidity': 43.0, 'Pressure': 1012.0, 'Irradiation': 2, 'Irr_max': 20, 'Rain': 0.0, 'Rain_min_time': 0.0}
2026-03-21 09:33:29,096 - uplink - INFO - Verarbeite Uplink für Gerät: AABBCC01020307
2026-03-21 09:33:29,104 - uplink - INFO - Daten erfolgreich in DB gespeichert für AABBCC01020307: {'Type': 1, 'Battery': 3.85, 'Temperature': 18.4, 'T_min': 18.0, 'T_max': 19.7, 'Humidity': 39.4, 'Pressure': 1015.1, 'Irradiation': 2, 'Irr_max': 44, 'Rain': 0.0, 'Rain_min_time': 0.0}
2026-03-21 09:33:36,395 - uplink - INFO - Verarbeite Uplink für Gerät: AABBCC01020316
2026-03-21 09:33:36,403 - uplink - INFO - Daten erfolgreich in DB gespeichert für AABBCC01020316: {'Type': 1, 'Battery': 4.2, 'Temperature': 24.4, 'T_min': 24.1, 'T_max': 25.2, 'Humidity': 54.0, 'Pressure': 1017.25, 'Irradiation': 2, 'Irr_max': 30, 'Rain': 0.0, 'Rain_min_time': 0.0}
2026-03-21 09:33:38,540 - uplink - INFO - Verarbeite Uplink für Gerät: AABBCC01020412
2026-03-21 09:33:38,551 - uplink - INFO - Daten erfolgreich in DB gespeichert für AABBCC01020412: {'Type': 1, 'Battery': 3.85, 'Temperature': 16.9, 'T_min': 15.9, 'T_max': 17.9, 'Humidity': 43.0, 'Pressure': 1012.0, 'Irradiation': 2, 'Irr_max': 8, 'Rain': 0.0, 'Rain_min_time': 0.0}
2026-03-21 09:33:39,107 - uplink - INFO - Verarbeite Uplink für Gerät: AABBCC01020307
2026-03-21 09:33:39,117 - uplink - INFO - Daten erfolgreich in DB gespeichert für AABBCC01020307: {'Type': 1, 'Battery': 3.85, 'Temperature': 18.4, 'T_min': 17.1, 'T_max': 19.8, 'Humidity': 39.4, 'Pressure': 1015.1, 'Irradiation': 2, 'Irr_max': 34, 'Rain': 0.0, 'Rain_min_time': 0.0}
2026-03-21 09:33:46,432 - uplink - INFO - Verarbeite Uplink für Gerät: AABBCC01020316
2026-03-21 09:33:46,439 - uplink - INFO - Daten erfolgreich in DB gespeichert für AABBCC01020316: {'Type': 1, 'Battery': 4.2, 'Temperature': 24.4, 'T_min': 23.9, 'T_max': 24.9, 'Humidity': 54.0, 'Pressure': 1017.25, 'Irradiation': 4, 'Irr_max': 50, 'Rain': 1.0, 'Rain_min_time': 0.0}
2026-03-21 09:33:48,577 - uplink - INFO - Verarbeite Uplink für Gerät: AABBCC01020412
2026-03-21 09:33:48,585 - uplink - INFO - Daten erfolgreich in DB gespeichert für AABBCC01020412: {'Type': 1, 'Battery': 3.85, 'Temperature': 16.9, 'T_min': 16.1, 'T_max': 17.3, 'Humidity': 43.0, 'Pressure': 1012.0, 'Irradiation': 0, 'Irr_max': 12, 'Rain': 2.0, 'Rain_min_time': 0.0}
2026-03-21 09:33:49,133 - uplink - INFO - Verarbeite Uplink für Gerät: AABBCC01020307
2026-03-21 09:33:49,141 - uplink - INFO - Daten erfolgreich in DB gespeichert für AABBCC01020307: {'Type': 1, 'Battery': 3.85, 'Temperature': 18.4, 'T_min': 18.4, 'T_max': 19.6, 'Humidity': 39.4, 'Pressure': 1015.1, 'Irradiation': 0, 'Irr_max': 16, 'Rain': 0.0, 'Rain_min_time': 0.0}
2026-03-21 09:33:56,458 - uplink - INFO - Verarbeite Uplink für Gerät: AABBCC01020316
2026-03-21 09:33:56,466 - uplink - INFO - Daten erfolgreich in DB gespeichert für AABBCC01020316: {'Type': 1, 'Battery': 4.2, 'Temperature': 24.4, 'T_min': 23.6, 'T_max': 25.6, 'Humidity': 54.0, 'Pressure': 1017.25, 'Irradiation': 2, 'Irr_max': 48, 'Rain': 0.0, 'Rain_min_time': 0.0}
2026-03-21 09:33:58,600 - uplink - INFO - Verarbeite Uplink für Gerät: AABBCC01020412
2026-03-21 09:33:58,608 - uplink - INFO - Daten erfolgreich in DB gespeichert für AABBCC01020412: {'Type': 1, 'Battery': 3.85, 'Temperature': 16.9, 'T_min': 16.3, 'T_max': 17.3, 'Humidity': 42.8, 'Pressure': 1012.0, 'Irradiation': 2, 'Irr_max': 4, 'Rain': 0.0, 'Rain_min_time': 0.0}
2026-03-21 09:33:59,145 - uplink - INFO - Verarbeite Uplink für Gerät: AABBCC01020307
2026-03-21 09:33:59,153 - uplink - INFO - Daten erfolgreich in DB gespeichert für AABBCC01020307: {'Type': 1, 'Battery': 3.85, 'Temperature': 18.4, 'T_min': 17.8, 'T_max': 18.9, 'Humidity': 39.4, 'Pressure': 1015.1, 'Irradiation': 0, 'Irr_max': 6, 'Rain': 0.0, 'Rain_min_time': 0.0}
2026-03-21 09:34:06,479 - uplink - INFO - Verarbeite Uplink für Gerät: AABBCC01020316
2026-03-21 09:34:06,486 - uplink - INFO - Daten erfolgreich in DB gespeichert für AABBCC01020316: {'Type': 1, 'Battery': 4.2, 'Temperature': 24.4, 'T_min': 23.0, 'T_max': 25.8, 'Humidity': 54.0, 'Pressure': 1017.25, 'Irradiation': 0, 'Irr_max': 16, 'Rain': 0.0, 'Rain_min_time': 0.0}
2026-03-21 09:34:08,612 - uplink - INFO - Verarbeite Uplink für Gerät: AABBCC01020412
2026-03-21 09:34:08,619 - uplink - INFO - Daten erfolgreich in DB gespeichert für AABBCC01020412: {'Type': 1, 'Battery': 3.85, 'Temperature': 16.9, 'T_min': 16.4, 'T_max': 18.0, 'Humidity': 43.0, 'Pressure': 1012.0, 'Irradiation': 0, 'Irr_max': 2, 'Rain': 0.0, 'Rain_min_time': 0.0}
2026-03-21 09:34:09,157 - uplink - INFO - Verarbeite Uplink für Gerät: AABBCC01020307
2026-03-21 09:34:09,164 - uplink - INFO - Daten erfolgreich in DB gespeichert für AABBCC01020307: {'Type': 1, 'Battery': 3.85, 'Temperature': 18.4, 'T_min': 17.7, 'T_max': 19.7, 'Humidity': 39.4, 'Pressure': 1015.1, 'Irradiation': 2, 'Irr_max': 46, 'Rain': 0.0, 'Rain_min_time': 0.0}
2026-03-21 09:34:16,507 - uplink - INFO - Verarbeite Uplink für Gerät: AABBCC01020316
2026-03-21 09:34:16,515 - uplink - INFO - Daten erfolgreich in DB gespeichert für AABBCC01020316: {'Type': 1, 'Battery': 4.2, 'Temperature': 24.4, 'T_min': 24.3, 'T_max': 25.4, 'Humidity': 54.0, 'Pressure': 1017.25, 'Irradiation': 0, 'Irr_max': 26, 'Rain': 0.0, 'Rain_min_time': 0.0}
2026-03-21 09:34:18,641 - uplink - INFO - Verarbeite Uplink für Gerät: AABBCC01020412
2026-03-21 09:34:18,648 - uplink - INFO - Daten erfolgreich in DB gespeichert für AABBCC01020412: {'Type': 1, 'Battery': 3.85, 'Temperature': 16.9, 'T_min': 15.9, 'T_max': 17.5, 'Humidity': 43.0, 'Pressure': 1012.0, 'Irradiation': 0, 'Irr_max': 10, 'Rain': 0.0, 'Rain_min_time': 0.0}
2026-03-21 09:34:19,183 - uplink - INFO - Verarbeite Uplink für Gerät: AABBCC01020307
2026-03-21 09:34:19,190 - uplink - INFO - Daten erfolgreich in DB gespeichert für AABBCC01020307: {'Type': 1, 'Battery': 3.85, 'Temperature': 18.4, 'T_min': 17.9, 'T_max': 18.6, 'Humidity': 39.4, 'Pressure': 1015.1, 'Irradiation': 0, 'Irr_max': 44, 'Rain': 0.0, 'Rain_min_time': 0.0}
2026-03-21 09:34:26,530 - uplink - INFO - Verarbeite Uplink für Gerät: AABBCC01020316
2026-03-21 09:34:26,538 - uplink - INFO - Daten erfolgreich in DB gespeichert für AABBCC01020316: {'Type': 1, 'Battery': 4.2, 'Temperature': 24.4, 'T_min': 23.2, 'T_max': 25.6, 'Humidity': 54.0, 'Pressure': 1017.25, 'Irradiation': 2, 'Irr_max': 34, 'Rain': 0.0, 'Rain_min_time': 0.0}
2026-03-21 09:34:28,674 - uplink - INFO - Verarbeite Uplink für Gerät: AABBCC01020412
2026-03-21 09:34:28,683 - uplink - INFO - Daten erfolgreich in DB gespeichert für AABBCC01020412: {'Type': 1, 'Battery': 3.85, 'Temperature': 16.9, 'T_min': 16.4, 'T_max': 17.7, 'Humidity': 43.0, 'Pressure': 1012.0, 'Irradiation': 2, 'Irr_max': 4, 'Rain': 0.0, 'Rain_min_time': 0.0}
2026-03-21 09:34:29,219 - uplink - INFO - Verarbeite Uplink für Gerät: AABBCC01020307
2026-03-21 09:34:29,228 - uplink - INFO - Daten erfolgreich in DB gespeichert für AABBCC01020307: {'Type': 1, 'Battery': 3.85, 'Temperature': 18.4, 'T_min': 18.0, 'T_max': 19.4, 'Humidity': 39.4, 'Pressure': 1015.1, 'Irradiation': 0, 'Irr_max': 48, 'Rain': 0.0, 'Rain_min_time': 0.0}
2026-03-21 09:34:36,551 - uplink - INFO - Verarbeite Uplink für Gerät: AABBCC01020316
2026-03-21 09:34:36,559 - uplink - INFO - Daten erfolgreich in DB gespeichert für AABBCC01020316: {'Type': 1, 'Battery': 4.2, 'Temperature': 24.4, 'T_min': 23.4, 'T_max': 25.1, 'Humidity': 54.0, 'Pressure': 1017.25, 'Irradiation': 2, 'Irr_max': 50, 'Rain': 0.0, 'Rain_min_time': 0.0}
2026-03-21 09:34:38,686 - uplink - INFO - Verarbeite Uplink für Gerät: AABBCC01020412
2026-03-21 09:34:38,694 - uplink - INFO - Daten erfolgreich in DB gespeichert für AABBCC01020412: {'Type': 1, 'Battery': 3.85, 'Temperature': 16.9, 'T_min': 16.0, 'T_max': 17.6, 'Humidity': 43.0, 'Pressure': 1012.0, 'Irradiation': 0, 'Irr_max': 48, 'Rain': 0.0, 'Rain_min_time': 0.0}
2026-03-21 09:34:39,251 - uplink - INFO - Verarbeite Uplink für Gerät: AABBCC01020307
2026-03-21 09:34:39,259 - uplink - INFO - Daten erfolgreich in DB gespeichert für AABBCC01020307: {'Type': 1, 'Battery': 3.85, 'Temperature': 18.4, 'T_min': 17.2, 'T_max': 18.5, 'Humidity': 39.4, 'Pressure': 1015.1, 'Irradiation': 0, 'Irr_max': 28, 'Rain': 0.0, 'Rain_min_time': 0.0}
2026-03-21 09:34:46,581 - uplink - INFO - Verarbeite Uplink für Gerät: AABBCC01020316
2026-03-21 09:34:46,588 - uplink - INFO - Daten erfolgreich in DB gespeichert für AABBCC01020316: {'Type': 1, 'Battery': 4.2, 'Temperature': 24.4, 'T_min': 23.2, 'T_max': 25.2, 'Humidity': 54.0, 'Pressure': 1017.25, 'Irradiation': 0, 'Irr_max': 32, 'Rain': 0.0, 'Rain_min_time': 0.0}
2026-03-21 09:34:48,723 - uplink - INFO - Verarbeite Uplink für Gerät: AABBCC01020412
2026-03-21 09:34:48,730 - uplink - INFO - Daten erfolgreich in DB gespeichert für AABBCC01020412: {'Type': 1, 'Battery': 3.85, 'Temperature': 16.9, 'T_min': 15.6, 'T_max': 17.7, 'Humidity': 43.0, 'Pressure': 1012.0, 'Irradiation': 2, 'Irr_max': 28, 'Rain': 2.0, 'Rain_min_time': 0.0}
2026-03-21 09:34:49,285 - uplink - INFO - Verarbeite Uplink für Gerät: AABBCC01020307
2026-03-21 09:34:49,292 - uplink - INFO - Daten erfolgreich in DB gespeichert für AABBCC01020307: {'Type': 1, 'Battery': 3.85, 'Temperature': 18.4, 'T_min': 18.2, 'T_max': 19.3, 'Humidity': 39.4, 'Pressure': 1015.1, 'Irradiation': 0, 'Irr_max': 38, 'Rain': 0.0, 'Rain_min_time': 0.0}
2026-03-21 09:34:56,611 - uplink - INFO - Verarbeite Uplink für Gerät: AABBCC01020316
2026-03-21 09:34:56,619 - uplink - INFO - Daten erfolgreich in DB gespeichert für AABBCC01020316: {'Type': 1, 'Battery': 4.2, 'Temperature': 24.4, 'T_min': 24.2, 'T_max': 25.5, 'Humidity': 54.0, 'Pressure': 1017.25, 'Irradiation': 0, 'Irr_max': 6, 'Rain': 0.0, 'Rain_min_time': 0.0}
2026-03-21 09:34:58,751 - uplink - INFO - Verarbeite Uplink für Gerät: AABBCC01020412
2026-03-21 09:34:58,759 - uplink - INFO - Daten erfolgreich in DB gespeichert für AABBCC01020412: {'Type': 1, 'Battery': 3.85, 'Temperature': 16.9, 'T_min': 16.0, 'T_max': 17.2, 'Humidity': 43.0, 'Pressure': 1012.0, 'Irradiation': 0, 'Irr_max': 0, 'Rain': 0.0, 'Rain_min_time': 0.0}
2026-03-21 09:34:59,297 - uplink - INFO - Verarbeite Uplink für Gerät: AABBCC01020307
2026-03-21 09:34:59,305 - uplink - INFO - Daten erfolgreich in DB gespeichert für AABBCC01020307: {'Type': 1, 'Battery': 3.85, 'Temperature': 18.4, 'T_min': 18.0, 'T_max': 19.0, 'Humidity': 39.4, 'Pressure': 1015.1, 'Irradiation': 0, 'Irr_max': 40, 'Rain': 0.0, 'Rain_min_time': 0.0}
2026-03-21 09:35:06,646 - uplink - INFO - Verarbeite Uplink für Gerät: AABBCC01020316
2026-03-21 09:35:06,655 - uplink - INFO - Daten erfolgreich in DB gespeichert für AABBCC01020316: {'Type': 1, 'Battery': 4.2, 'Temperature': 24.4, 'T_min': 23.6, 'T_max': 25.3, 'Humidity': 54.0, 'Pressure': 1017.25, 'Irradiation': 0, 'Irr_max': 24, 'Rain': 0.0, 'Rain_min_time': 0.0}
2026-03-21 09:35:08,772 - uplink - INFO - Verarbeite Uplink für Gerät: AABBCC01020412
2026-03-21 09:35:08,779 - uplink - INFO - Daten erfolgreich in DB gespeichert für AABBCC01020412: {'Type': 1, 'Battery': 3.85, 'Temperature': 16.9, 'T_min': 15.4, 'T_max': 17.1, 'Humidity': 43.0, 'Pressure': 1012.0, 'Irradiation': 0, 'Irr_max': 2, 'Rain': 0.0, 'Rain_min_time': 0.0}
2026-03-21 09:35:09,310 - uplink - INFO - Verarbeite Uplink für Gerät: AABBCC01020307
2026-03-21 09:35:09,317 - uplink - INFO - Daten erfolgreich in DB gespeichert für AABBCC01020307: {'Type': 1, 'Battery': 3.85, 'Temperature': 18.4, 'T_min': 17.2, 'T_max': 18.8, 'Humidity': 39.4, 'Pressure': 1015.1, 'Irradiation': 0, 'Irr_max': 44, 'Rain': 0.0, 'Rain_min_time': 0.0}
2026-03-21 09:35:16,674 - uplink - INFO - Verarbeite Uplink für Gerät: AABBCC01020316
2026-03-21 09:35:16,682 - uplink - INFO - Daten erfolgreich in DB gespeichert für AABBCC01020316: {'Type': 1, 'Battery': 4.2, 'Temperature': 24.4, 'T_min': 24.1, 'T_max': 24.4, 'Humidity': 54.0, 'Pressure': 1017.25, 'Irradiation': 2, 'Irr_max': 14, 'Rain': 0.0, 'Rain_min_time': 0.0}
2026-03-21 09:35:18,801 - uplink - INFO - Verarbeite Uplink für Gerät: AABBCC01020412
2026-03-21 09:35:18,809 - uplink - INFO - Daten erfolgreich in DB gespeichert für AABBCC01020412: {'Type': 1, 'Battery': 3.85, 'Temperature': 16.9, 'T_min': 16.9, 'T_max': 17.7, 'Humidity': 43.0, 'Pressure': 1012.0, 'Irradiation': 0, 'Irr_max': 26, 'Rain': 1.0, 'Rain_min_time': 0.0}
2026-03-21 09:35:19,323 - uplink - INFO - Verarbeite Uplink für Gerät: AABBCC01020307
2026-03-21 09:35:19,330 - uplink - INFO - Daten erfolgreich in DB gespeichert für AABBCC01020307: {'Type': 1, 'Battery': 3.85, 'Temperature': 18.4, 'T_min': 18.3, 'T_max': 18.9, 'Humidity': 39.4, 'Pressure': 1015.1, 'Irradiation': 0, 'Irr_max': 50, 'Rain': 2.0, 'Rain_min_time': 0.0}
2026-03-21 09:35:26,707 - uplink - INFO - Verarbeite Uplink für Gerät: AABBCC01020316
2026-03-21 09:35:26,715 - uplink - INFO - Daten erfolgreich in DB gespeichert für AABBCC01020316: {'Type': 1, 'Battery': 4.2, 'Temperature': 24.4, 'T_min': 23.7, 'T_max': 25.6, 'Humidity': 54.0, 'Pressure': 1017.25, 'Irradiation': 2, 'Irr_max': 40, 'Rain': 0.0, 'Rain_min_time': 0.0}
2026-03-21 09:35:28,825 - uplink - INFO - Verarbeite Uplink für Gerät: AABBCC01020412
2026-03-21 09:35:28,833 - uplink - INFO - Daten erfolgreich in DB gespeichert für AABBCC01020412: {'Type': 1, 'Battery': 3.85, 'Temperature': 16.9, 'T_min': 16.7, 'T_max': 17.0, 'Humidity': 43.0, 'Pressure': 1012.0, 'Irradiation': 0, 'Irr_max': 12, 'Rain': 0.0, 'Rain_min_time': 0.0}
2026-03-21 09:35:29,354 - uplink - INFO - Verarbeite Uplink für Gerät: AABBCC01020307
2026-03-21 09:35:29,362 - uplink - INFO - Daten erfolgreich in DB gespeichert für AABBCC01020307: {'Type': 1, 'Battery': 3.85, 'Temperature': 18.4, 'T_min': 18.3, 'T_max': 19.5, 'Humidity': 39.4, 'Pressure': 1015.1, 'Irradiation': 0, 'Irr_max': 34, 'Rain': 0.0, 'Rain_min_time': 0.0}
2026-03-21 09:35:36,719 - uplink - INFO - Verarbeite Uplink für Gerät: AABBCC01020316
2026-03-21 09:35:36,727 - uplink - INFO - Daten erfolgreich in DB gespeichert für AABBCC01020316: {'Type': 1, 'Battery': 4.2, 'Temperature': 24.4, 'T_min': 24.0, 'T_max': 24.6, 'Humidity': 54.0, 'Pressure': 1017.25, 'Irradiation': 2, 'Irr_max': 24, 'Rain': 0.0, 'Rain_min_time': 0.0}
2026-03-21 09:35:38,837 - uplink - INFO - Verarbeite Uplink für Gerät: AABBCC01020412
2026-03-21 09:35:38,847 - uplink - INFO - Daten erfolgreich in DB gespeichert für AABBCC01020412: {'Type': 1, 'Battery': 3.85, 'Temperature': 16.9, 'T_min': 16.2, 'T_max': 17.7, 'Humidity': 43.0, 'Pressure': 1012.0, 'Irradiation': 0, 'Irr_max': 46, 'Rain': 0.0, 'Rain_min_time': 0.0}
2026-03-21 09:35:39,378 - uplink - INFO - Verarbeite Uplink für Gerät: AABBCC01020307
2026-03-21 09:35:39,386 - uplink - INFO - Daten erfolgreich in DB gespeichert für AABBCC01020307: {'Type': 1, 'Battery': 3.85, 'Temperature': 18.4, 'T_min': 17.3, 'T_max': 18.6, 'Humidity': 39.4, 'Pressure': 1015.1, 'Irradiation': 0, 'Irr_max': 48, 'Rain': 0.0, 'Rain_min_time': 0.0}
2026-03-21 09:35:46,749 - uplink - INFO - Verarbeite Uplink für Gerät: AABBCC01020316
2026-03-21 09:35:46,757 - uplink - INFO - Daten erfolgreich in DB gespeichert für AABBCC01020316: {'Type': 1, 'Battery': 4.2, 'Temperature': 24.4, 'T_min': 23.9, 'T_max': 24.6, 'Humidity': 54.0, 'Pressure': 1017.25, 'Irradiation': 0, 'Irr_max': 34, 'Rain': 0.0, 'Rain_min_time': 0.0}
2026-03-21 09:35:48,852 - uplink - INFO - Verarbeite Uplink für Gerät: AABBCC01020412
2026-03-21 09:35:48,860 - uplink - INFO - Daten erfolgreich in DB gespeichert für AABBCC01020412: {'Type': 1, 'Battery': 3.85, 'Temperature': 16.9, 'T_min': 16.0, 'T_max': 17.9, 'Humidity': 43.0, 'Pressure': 1012.0, 'Irradiation': 0, 'Irr_max': 32, 'Rain': 0.0, 'Rain_min_time': 0.0}
2026-03-21 09:35:49,412 - uplink - INFO - Verarbeite Uplink für Gerät: AABBCC01020307
2026-03-21 09:35:49,419 - uplink - INFO - Daten erfolgreich in DB gespeichert für AABBCC01020307: {'Type': 1, 'Battery': 3.85, 'Temperature': 18.4, 'T_min': 17.5, 'T_max': 19.9, 'Humidity': 39.4, 'Pressure': 1015.1, 'Irradiation': 0, 'Irr_max': 28, 'Rain': 0.0, 'Rain_min_time': 0.0}
2026-03-21 09:35:56,772 - uplink - INFO - Verarbeite Uplink für Gerät: AABBCC01020316
2026-03-21 09:35:56,780 - uplink - INFO - Daten erfolgreich in DB gespeichert für AABBCC01020316: {'Type': 1, 'Battery': 4.2, 'Temperature': 24.4, 'T_min': 23.5, 'T_max': 25.6, 'Humidity': 54.0, 'Pressure': 1017.25, 'Irradiation': 0, 'Irr_max': 40, 'Rain': 0.0, 'Rain_min_time': 0.0}
2026-03-21 09:35:58,881 - uplink - INFO - Verarbeite Uplink für Gerät: AABBCC01020412
2026-03-21 09:35:58,889 - uplink - INFO - Daten erfolgreich in DB gespeichert für AABBCC01020412: {'Type': 1, 'Battery': 3.85, 'Temperature': 16.9, 'T_min': 16.9, 'T_max': 18.3, 'Humidity': 43.0, 'Pressure': 1012.0, 'Irradiation': 0, 'Irr_max': 32, 'Rain': 0.0, 'Rain_min_time': 0.0}
2026-03-21 09:35:59,424 - uplink - INFO - Verarbeite Uplink für Gerät: AABBCC01020307
2026-03-21 09:35:59,431 - uplink - INFO - Daten erfolgreich in DB gespeichert für AABBCC01020307: {'Type': 1, 'Battery': 3.85, 'Temperature': 18.4, 'T_min': 17.0, 'T_max': 19.4, 'Humidity': 39.4, 'Pressure': 1015.1, 'Irradiation': 0, 'Irr_max': 4, 'Rain': 0.0, 'Rain_min_time': 0.0}
2026-03-21 09:36:06,804 - uplink - INFO - Verarbeite Uplink für Gerät: AABBCC01020316
2026-03-21 09:36:06,812 - uplink - INFO - Daten erfolgreich in DB gespeichert für AABBCC01020316: {'Type': 1, 'Battery': 4.2, 'Temperature': 24.4, 'T_min': 23.0, 'T_max': 25.2, 'Humidity': 54.0, 'Pressure': 1017.25, 'Irradiation': 0, 'Irr_max': 14, 'Rain': 0.0, 'Rain_min_time': 0.0}
2026-03-21 09:36:08,901 - uplink - INFO - Verarbeite Uplink für Gerät: AABBCC01020412
2026-03-21 09:36:08,909 - uplink - INFO - Daten erfolgreich in DB gespeichert für AABBCC01020412: {'Type': 1, 'Battery': 3.85, 'Temperature': 16.9, 'T_min': 16.7, 'T_max': 18.3, 'Humidity': 43.0, 'Pressure': 1012.0, 'Irradiation': 0, 'Irr_max': 42, 'Rain': 0.0, 'Rain_min_time': 0.0}
2026-03-21 09:36:09,446 - uplink - INFO - Verarbeite Uplink für Gerät: AABBCC01020307
2026-03-21 09:36:09,455 - uplink - INFO - Daten erfolgreich in DB gespeichert für AABBCC01020307: {'Type': 1, 'Battery': 3.85, 'Temperature': 18.4, 'T_min': 17.6, 'T_max': 19.6, 'Humidity': 39.4, 'Pressure': 1015.05, 'Irradiation': 0, 'Irr_max': 4, 'Rain': 0.0, 'Rain_min_time': 0.0}
2026-03-21 09:36:16,831 - uplink - INFO - Verarbeite Uplink für Gerät: AABBCC01020316
2026-03-21 09:36:16,839 - uplink - INFO - Daten erfolgreich in DB gespeichert für AABBCC01020316: {'Type': 1, 'Battery': 4.2, 'Temperature': 24.4, 'T_min': 24.4, 'T_max': 25.3, 'Humidity': 54.0, 'Pressure': 1017.25, 'Irradiation': 0, 'Irr_max': 22, 'Rain': 0.0, 'Rain_min_time': 0.0}
2026-03-21 09:36:18,933 - uplink - INFO - Verarbeite Uplink für Gerät: AABBCC01020412
2026-03-21 09:36:18,941 - uplink - INFO - Daten erfolgreich in DB gespeichert für AABBCC01020412: {'Type': 1, 'Battery': 3.85, 'Temperature': 16.9, 'T_min': 15.7, 'T_max': 18.4, 'Humidity': 43.0, 'Pressure': 1012.0, 'Irradiation': 0, 'Irr_max': 14, 'Rain': 0.0, 'Rain_min_time': 0.0}
2026-03-21 09:36:19,460 - uplink - INFO - Verarbeite Uplink für Gerät: AABBCC01020307
2026-03-21 09:36:19,467 - uplink - INFO - Daten erfolgreich in DB gespeichert für AABBCC01020307: {'Type': 1, 'Battery': 3.85, 'Temperature': 18.4, 'T_min': 18.3, 'T_max': 18.6, 'Humidity': 39.4, 'Pressure': 1015.05, 'Irradiation': 0, 'Irr_max': 0, 'Rain': 0.0, 'Rain_min_time': 0.0}
2026-03-21 09:36:26,858 - uplink - INFO - Verarbeite Uplink für Gerät: AABBCC01020316
2026-03-21 09:36:26,865 - uplink - INFO - Daten erfolgreich in DB gespeichert für AABBCC01020316: {'Type': 1, 'Battery': 4.2, 'Temperature': 24.4, 'T_min': 24.1, 'T_max': 24.9, 'Humidity': 54.0, 'Pressure': 1017.25, 'Irradiation': 2, 'Irr_max': 36, 'Rain': 0.0, 'Rain_min_time': 0.0}
2026-03-21 09:36:28,967 - uplink - INFO - Verarbeite Uplink für Gerät: AABBCC01020412
2026-03-21 09:36:28,974 - uplink - INFO - Daten erfolgreich in DB gespeichert für AABBCC01020412: {'Type': 1, 'Battery': 3.85, 'Temperature': 16.9, 'T_min': 16.3, 'T_max': 17.1, 'Humidity': 43.0, 'Pressure': 1012.0, 'Irradiation': 0, 'Irr_max': 30, 'Rain': 0.0, 'Rain_min_time': 0.0}
2026-03-21 09:36:29,492 - uplink - INFO - Verarbeite Uplink für Gerät: AABBCC01020307
2026-03-21 09:36:29,499 - uplink - INFO - Daten erfolgreich in DB gespeichert für AABBCC01020307: {'Type': 1, 'Battery': 3.85, 'Temperature': 18.4, 'T_min': 17.1, 'T_max': 18.8, 'Humidity': 39.4, 'Pressure': 1015.05, 'Irradiation': 0, 'Irr_max': 24, 'Rain': 0.0, 'Rain_min_time': 0.0}
2026-03-21 09:36:36,892 - uplink - INFO - Verarbeite Uplink für Gerät: AABBCC01020316
2026-03-21 09:36:36,900 - uplink - INFO - Daten erfolgreich in DB gespeichert für AABBCC01020316: {'Type': 1, 'Battery': 4.2, 'Temperature': 24.4, 'T_min': 23.3, 'T_max': 24.9, 'Humidity': 54.0, 'Pressure': 1017.25, 'Irradiation': 0, 'Irr_max': 48, 'Rain': 0.0, 'Rain_min_time': 0.0}
2026-03-21 09:36:38,989 - uplink - INFO - Verarbeite Uplink für Gerät: AABBCC01020412
2026-03-21 09:36:38,997 - uplink - INFO - Daten erfolgreich in DB gespeichert für AABBCC01020412: {'Type': 1, 'Battery': 3.85, 'Temperature': 16.9, 'T_min': 16.1, 'T_max': 17.5, 'Humidity': 43.0, 'Pressure': 1012.0, 'Irradiation': 0, 'Irr_max': 48, 'Rain': 0.0, 'Rain_min_time': 0.0}
2026-03-21 09:36:39,519 - uplink - INFO - Verarbeite Uplink für Gerät: AABBCC01020307
2026-03-21 09:36:39,527 - uplink - INFO - Daten erfolgreich in DB gespeichert für AABBCC01020307: {'Type': 1, 'Battery': 3.85, 'Temperature': 18.4, 'T_min': 18.1, 'T_max': 19.0, 'Humidity': 39.4, 'Pressure': 1015.05, 'Irradiation': 2, 'Irr_max': 38, 'Rain': 0.0, 'Rain_min_time': 0.0}
2026-03-21 09:36:46,926 - uplink - INFO - Verarbeite Uplink für Gerät: AABBCC01020316
2026-03-21 09:36:46,935 - uplink - INFO - Daten erfolgreich in DB gespeichert für AABBCC01020316: {'Type': 1, 'Battery': 4.2, 'Temperature': 24.4, 'T_min': 23.9, 'T_max': 25.4, 'Humidity': 54.0, 'Pressure': 1017.25, 'Irradiation': 2, 'Irr_max': 4, 'Rain': 4.0, 'Rain_min_time': 0.0}
2026-03-21 09:36:49,018 - uplink - INFO - Verarbeite Uplink für Gerät: AABBCC01020412
2026-03-21 09:36:49,026 - uplink - INFO - Daten erfolgreich in DB gespeichert für AABBCC01020412: {'Type': 1, 'Battery': 3.85, 'Temperature': 16.9, 'T_min': 16.6, 'T_max': 18.0, 'Humidity': 43.0, 'Pressure': 1012.0, 'Irradiation': 0, 'Irr_max': 6, 'Rain': 0.0, 'Rain_min_time': 0.0}
2026-03-21 09:36:49,545 - uplink - INFO - Verarbeite Uplink für Gerät: AABBCC01020307
2026-03-21 09:36:49,552 - uplink - INFO - Daten erfolgreich in DB gespeichert für AABBCC01020307: {'Type': 1, 'Battery': 3.85, 'Temperature': 18.4, 'T_min': 17.5, 'T_max': 18.8, 'Humidity': 39.4, 'Pressure': 1015.1, 'Irradiation': 2, 'Irr_max': 10, 'Rain': 0.0, 'Rain_min_time': 0.0}
2026-03-21 09:36:56,959 - uplink - INFO - Verarbeite Uplink für Gerät: AABBCC01020316
2026-03-21 09:36:56,967 - uplink - INFO - Daten erfolgreich in DB gespeichert für AABBCC01020316: {'Type': 1, 'Battery': 4.2, 'Temperature': 24.4, 'T_min': 23.5, 'T_max': 25.3, 'Humidity': 54.2, 'Pressure': 1017.25, 'Irradiation': 4, 'Irr_max': 50, 'Rain': 0.0, 'Rain_min_time': 0.0}
2026-03-21 09:36:59,043 - uplink - INFO - Verarbeite Uplink für Gerät: AABBCC01020412
2026-03-21 09:36:59,051 - uplink - INFO - Daten erfolgreich in DB gespeichert für AABBCC01020412: {'Type': 1, 'Battery': 3.85, 'Temperature': 16.9, 'T_min': 16.3, 'T_max': 17.8, 'Humidity': 43.0, 'Pressure': 1012.0, 'Irradiation': 0, 'Irr_max': 44, 'Rain': 0.0, 'Rain_min_time': 0.0}
2026-03-21 09:36:59,569 - uplink - INFO - Verarbeite Uplink für Gerät: AABBCC01020307
2026-03-21 09:36:59,577 - uplink - INFO - Daten erfolgreich in DB gespeichert für AABBCC01020307: {'Type': 1, 'Battery': 3.85, 'Temperature': 18.4, 'T_min': 17.9, 'T_max': 18.7, 'Humidity': 39.4, 'Pressure': 1015.1, 'Irradiation': 0, 'Irr_max': 46, 'Rain': 0.0, 'Rain_min_time': 0.0}
2026-03-21 09:37:06,981 - uplink - INFO - Verarbeite Uplink für Gerät: AABBCC01020316
2026-03-21 09:37:06,989 - uplink - INFO - Daten erfolgreich in DB gespeichert für AABBCC01020316: {'Type': 1, 'Battery': 4.2, 'Temperature': 24.4, 'T_min': 24.0, 'T_max': 24.6, 'Humidity': 54.0, 'Pressure': 1017.25, 'Irradiation': 4, 'Irr_max': 36, 'Rain': 0.0, 'Rain_min_time': 0.0}
2026-03-21 09:37:09,055 - uplink - INFO - Verarbeite Uplink für Gerät: AABBCC01020412
2026-03-21 09:37:09,062 - uplink - INFO - Daten erfolgreich in DB gespeichert für AABBCC01020412: {'Type': 1, 'Battery': 3.85, 'Temperature': 16.9, 'T_min': 16.0, 'T_max': 17.7, 'Humidity': 43.0, 'Pressure': 1012.0, 'Irradiation': 0, 'Irr_max': 38, 'Rain': 0.0, 'Rain_min_time': 0.0}
2026-03-21 09:37:09,599 - uplink - INFO - Verarbeite Uplink für Gerät: AABBCC01020307
2026-03-21 09:37:09,606 - uplink - INFO - Daten erfolgreich in DB gespeichert für AABBCC01020307: {'Type': 1, 'Battery': 3.85, 'Temperature': 18.4, 'T_min': 17.4, 'T_max': 19.1, 'Humidity': 39.4, 'Pressure': 1015.1, 'Irradiation': 0, 'Irr_max': 40, 'Rain': 0.0, 'Rain_min_time': 0.0}
2026-03-21 09:37:16,994 - uplink - INFO - Verarbeite Uplink für Gerät: AABBCC01020316
2026-03-21 09:37:17,002 - uplink - INFO - Daten erfolgreich in DB gespeichert für AABBCC01020316: {'Type': 1, 'Battery': 4.2, 'Temperature': 24.4, 'T_min': 24.1, 'T_max': 25.1, 'Humidity': 54.0, 'Pressure': 1017.25, 'Irradiation': 0, 'Irr_max': 20, 'Rain': 0.0, 'Rain_min_time': 0.0}
2026-03-21 09:37:19,088 - uplink - INFO - Verarbeite Uplink für Gerät: AABBCC01020412
2026-03-21 09:37:19,097 - uplink - INFO - Daten erfolgreich in DB gespeichert für AABBCC01020412: {'Type': 1, 'Battery': 3.85, 'Temperature': 16.9, 'T_min': 16.6, 'T_max': 17.5, 'Humidity': 43.0, 'Pressure': 1012.0, 'Irradiation': 0, 'Irr_max': 26, 'Rain': 0.0, 'Rain_min_time': 0.0}
2026-03-21 09:37:19,612 - uplink - INFO - Verarbeite Uplink für Gerät: AABBCC01020307
2026-03-21 09:37:19,619 - uplink - INFO - Daten erfolgreich in DB gespeichert für AABBCC01020307: {'Type': 1, 'Battery': 3.85, 'Temperature': 18.4, 'T_min': 16.9, 'T_max': 19.6, 'Humidity': 39.4, 'Pressure': 1015.1, 'Irradiation': 0, 'Irr_max': 32, 'Rain': 0.0, 'Rain_min_time': 0.0}
2026-03-21 09:37:27,027 - uplink - INFO - Verarbeite Uplink für Gerät: AABBCC01020316
2026-03-21 09:37:27,035 - uplink - INFO - Daten erfolgreich in DB gespeichert für AABBCC01020316: {'Type': 1, 'Battery': 4.2, 'Temperature': 24.4, 'T_min': 24.3, 'T_max': 25.2, 'Humidity': 54.0, 'Pressure': 1017.25, 'Irradiation': 0, 'Irr_max': 10, 'Rain': 0.0, 'Rain_min_time': 0.0}
2026-03-21 09:37:29,125 - uplink - INFO - Verarbeite Uplink für Gerät: AABBCC01020412
2026-03-21 09:37:29,133 - uplink - INFO - Daten erfolgreich in DB gespeichert für AABBCC01020412: {'Type': 1, 'Battery': 3.85, 'Temperature': 16.9, 'T_min': 15.8, 'T_max': 17.1, 'Humidity': 43.0, 'Pressure': 1012.0, 'Irradiation': 2, 'Irr_max': 38, 'Rain': 0.0, 'Rain_min_time': 0.0}
2026-03-21 09:37:29,635 - uplink - INFO - Verarbeite Uplink für Gerät: AABBCC01020307
2026-03-21 09:37:29,643 - uplink - INFO - Daten erfolgreich in DB gespeichert für AABBCC01020307: {'Type': 1, 'Battery': 3.85, 'Temperature': 18.4, 'T_min': 18.1, 'T_max': 18.5, 'Humidity': 39.4, 'Pressure': 1015.1, 'Irradiation': 0, 'Irr_max': 36, 'Rain': 0.0, 'Rain_min_time': 0.0}
2026-03-21 09:37:37,039 - uplink - INFO - Verarbeite Uplink für Gerät: AABBCC01020316
2026-03-21 09:37:37,047 - uplink - INFO - Daten erfolgreich in DB gespeichert für AABBCC01020316: {'Type': 1, 'Battery': 4.2, 'Temperature': 24.4, 'T_min': 23.2, 'T_max': 25.0, 'Humidity': 54.0, 'Pressure': 1017.25, 'Irradiation': 0, 'Irr_max': 44, 'Rain': 0.0, 'Rain_min_time': 0.0}
2026-03-21 09:37:39,144 - uplink - INFO - Verarbeite Uplink für Gerät: AABBCC01020412
2026-03-21 09:37:39,152 - uplink - INFO - Daten erfolgreich in DB gespeichert für AABBCC01020412: {'Type': 1, 'Battery': 3.85, 'Temperature': 16.9, 'T_min': 15.8, 'T_max': 17.1, 'Humidity': 43.0, 'Pressure': 1012.0, 'Irradiation': 2, 'Irr_max': 46, 'Rain': 0.0, 'Rain_min_time': 0.0}
2026-03-21 09:37:39,656 - uplink - INFO - Verarbeite Uplink für Gerät: AABBCC01020307
2026-03-21 09:37:39,664 - uplink - INFO - Daten erfolgreich in DB gespeichert für AABBCC01020307: {'Type': 1, 'Battery': 3.85, 'Temperature': 18.4, 'T_min': 17.6, 'T_max': 18.7, 'Humidity': 39.4, 'Pressure': 1015.1, 'Irradiation': 0, 'Irr_max': 28, 'Rain': 0.0, 'Rain_min_time': 0.0}
2026-03-21 09:37:47,053 - uplink - INFO - Verarbeite Uplink für Gerät: AABBCC01020316
2026-03-21 09:37:47,060 - uplink - INFO - Daten erfolgreich in DB gespeichert für AABBCC01020316: {'Type': 1, 'Battery': 4.2, 'Temperature': 24.4, 'T_min': 24.4, 'T_max': 25.4, 'Humidity': 54.0, 'Pressure': 1017.25, 'Irradiation': 0, 'Irr_max': 48, 'Rain': 0.0, 'Rain_min_time': 0.0}
2026-03-21 09:37:49,176 - uplink - INFO - Verarbeite Uplink für Gerät: AABBCC01020412
2026-03-21 09:37:49,184 - uplink - INFO - Daten erfolgreich in DB gespeichert für AABBCC01020412: {'Type': 1, 'Battery': 3.85, 'Temperature': 16.9, 'T_min': 16.8, 'T_max': 17.5, 'Humidity': 43.0, 'Pressure': 1012.0, 'Irradiation': 0, 'Irr_max': 8, 'Rain': 0.0, 'Rain_min_time': 0.0}
2026-03-21 09:37:49,669 - uplink - INFO - Verarbeite Uplink für Gerät: AABBCC01020307
2026-03-21 09:37:49,678 - uplink - INFO - Daten erfolgreich in DB gespeichert für AABBCC01020307: {'Type': 1, 'Battery': 3.85, 'Temperature': 18.4, 'T_min': 17.1, 'T_max': 18.9, 'Humidity': 39.4, 'Pressure': 1015.1, 'Irradiation': 0, 'Irr_max': 42, 'Rain': 0.0, 'Rain_min_time': 0.0}
2026-03-21 09:37:57,075 - uplink - INFO - Verarbeite Uplink für Gerät: AABBCC01020316
2026-03-21 09:37:57,083 - uplink - INFO - Daten erfolgreich in DB gespeichert für AABBCC01020316: {'Type': 1, 'Battery': 4.2, 'Temperature': 24.4, 'T_min': 23.7, 'T_max': 25.2, 'Humidity': 54.0, 'Pressure': 1017.25, 'Irradiation': 0, 'Irr_max': 28, 'Rain': 0.0, 'Rain_min_time': 0.0}
2026-03-21 09:37:59,203 - uplink - INFO - Verarbeite Uplink für Gerät: AABBCC01020412
2026-03-21 09:37:59,212 - uplink - INFO - Daten erfolgreich in DB gespeichert für AABBCC01020412: {'Type': 1, 'Battery': 3.85, 'Temperature': 16.9, 'T_min': 16.7, 'T_max': 18.3, 'Humidity': 43.0, 'Pressure': 1012.0, 'Irradiation': 2, 'Irr_max': 28, 'Rain': 0.0, 'Rain_min_time': 0.0}
2026-03-21 09:37:59,683 - uplink - INFO - Verarbeite Uplink für Gerät: AABBCC01020307
2026-03-21 09:37:59,690 - uplink - INFO - Daten erfolgreich in DB gespeichert für AABBCC01020307: {'Type': 1, 'Battery': 3.85, 'Temperature': 18.4, 'T_min': 18.1, 'T_max': 19.6, 'Humidity': 39.4, 'Pressure': 1015.1, 'Irradiation': 0, 'Irr_max': 28, 'Rain': 0.0, 'Rain_min_time': 0.0}
2026-03-21 09:38:07,098 - uplink - INFO - Verarbeite Uplink für Gerät: AABBCC01020316
2026-03-21 09:38:07,105 - uplink - INFO - Daten erfolgreich in DB gespeichert für AABBCC01020316: {'Type': 1, 'Battery': 4.2, 'Temperature': 24.4, 'T_min': 24.1, 'T_max': 25.6, 'Humidity': 54.0, 'Pressure': 1017.25, 'Irradiation': 2, 'Irr_max': 6, 'Rain': 0.0, 'Rain_min_time': 0.0}
2026-03-21 09:38:09,238 - uplink - INFO - Verarbeite Uplink für Gerät: AABBCC01020412
2026-03-21 09:38:09,246 - uplink - INFO - Daten erfolgreich in DB gespeichert für AABBCC01020412: {'Type': 1, 'Battery': 3.85, 'Temperature': 16.9, 'T_min': 15.9, 'T_max': 17.3, 'Humidity': 43.0, 'Pressure': 1012.0, 'Irradiation': 2, 'Irr_max': 24, 'Rain': 0.0, 'Rain_min_time': 0.0}
2026-03-21 09:38:09,694 - uplink - INFO - Verarbeite Uplink für Gerät: AABBCC01020307
2026-03-21 09:38:09,702 - uplink - INFO - Daten erfolgreich in DB gespeichert für AABBCC01020307: {'Type': 1, 'Battery': 3.85, 'Temperature': 18.4, 'T_min': 18.1, 'T_max': 18.4, 'Humidity': 39.4, 'Pressure': 1015.1, 'Irradiation': 0, 'Irr_max': 36, 'Rain': 0.0, 'Rain_min_time': 0.0}
2026-03-21 09:38:17,122 - uplink - INFO - Verarbeite Uplink für Gerät: AABBCC01020316
2026-03-21 09:38:17,130 - uplink - INFO - Daten erfolgreich in DB gespeichert für AABBCC01020316: {'Type': 1, 'Battery': 4.2, 'Temperature': 24.4, 'T_min': 24.4, 'T_max': 25.7, 'Humidity': 54.0, 'Pressure': 1017.25, 'Irradiation': 2, 'Irr_max': 30, 'Rain': 0.0, 'Rain_min_time': 0.0}
2026-03-21 09:38:19,265 - uplink - INFO - Verarbeite Uplink für Gerät: AABBCC01020412
2026-03-21 09:38:19,272 - uplink - INFO - Daten erfolgreich in DB gespeichert für AABBCC01020412: {'Type': 1, 'Battery': 3.85, 'Temperature': 16.9, 'T_min': 16.7, 'T_max': 17.3, 'Humidity': 43.0, 'Pressure': 1012.0, 'Irradiation': 2, 'Irr_max': 20, 'Rain': 0.0, 'Rain_min_time': 0.0}
2026-03-21 09:38:19,731 - uplink - INFO - Verarbeite Uplink für Gerät: AABBCC01020307
2026-03-21 09:38:19,739 - uplink - INFO - Daten erfolgreich in DB gespeichert für AABBCC01020307: {'Type': 1, 'Battery': 3.85, 'Temperature': 18.4, 'T_min': 17.7, 'T_max': 18.9, 'Humidity': 39.4, 'Pressure': 1015.1, 'Irradiation': 0, 'Irr_max': 30, 'Rain': 0.0, 'Rain_min_time': 0.0}
2026-03-21 09:38:27,154 - uplink - INFO - Verarbeite Uplink für Gerät: AABBCC01020316
2026-03-21 09:38:27,162 - uplink - INFO - Daten erfolgreich in DB gespeichert für AABBCC01020316: {'Type': 1, 'Battery': 4.2, 'Temperature': 24.4, 'T_min': 23.8, 'T_max': 25.0, 'Humidity': 54.0, 'Pressure': 1017.25, 'Irradiation': 2, 'Irr_max': 26, 'Rain': 0.0, 'Rain_min_time': 0.0}
2026-03-21 09:38:29,293 - uplink - INFO - Verarbeite Uplink für Gerät: AABBCC01020412
2026-03-21 09:38:29,301 - uplink - INFO - Daten erfolgreich in DB gespeichert für AABBCC01020412: {'Type': 1, 'Battery': 3.85, 'Temperature': 16.9, 'T_min': 15.6, 'T_max': 17.4, 'Humidity': 43.0, 'Pressure': 1012.0, 'Irradiation': 0, 'Irr_max': 40, 'Rain': 0.0, 'Rain_min_time': 0.0}
2026-03-21 09:38:29,757 - uplink - INFO - Verarbeite Uplink für Gerät: AABBCC01020307
2026-03-21 09:38:29,765 - uplink - INFO - Daten erfolgreich in DB gespeichert für AABBCC01020307: {'Type': 1, 'Battery': 3.85, 'Temperature': 18.4, 'T_min': 18.0, 'T_max': 19.4, 'Humidity': 39.4, 'Pressure': 1015.1, 'Irradiation': 0, 'Irr_max': 20, 'Rain': 0.0, 'Rain_min_time': 0.0}
2026-03-21 09:38:37,185 - uplink - INFO - Verarbeite Uplink für Gerät: AABBCC01020316
2026-03-21 09:38:37,193 - uplink - INFO - Daten erfolgreich in DB gespeichert für AABBCC01020316: {'Type': 1, 'Battery': 4.2, 'Temperature': 24.4, 'T_min': 23.5, 'T_max': 25.1, 'Humidity': 54.0, 'Pressure': 1017.25, 'Irradiation': 4, 'Irr_max': 48, 'Rain': 0.0, 'Rain_min_time': 0.0}
2026-03-21 09:38:39,305 - uplink - INFO - Verarbeite Uplink für Gerät: AABBCC01020412
2026-03-21 09:38:39,312 - uplink - INFO - Daten erfolgreich in DB gespeichert für AABBCC01020412: {'Type': 1, 'Battery': 3.85, 'Temperature': 16.9, 'T_min': 16.6, 'T_max': 17.0, 'Humidity': 43.0, 'Pressure': 1012.0, 'Irradiation': 0, 'Irr_max': 16, 'Rain': 0.0, 'Rain_min_time': 0.0}
2026-03-21 09:38:39,791 - uplink - INFO - Verarbeite Uplink für Gerät: AABBCC01020307
2026-03-21 09:38:39,800 - uplink - INFO - Daten erfolgreich in DB gespeichert für AABBCC01020307: {'Type': 1, 'Battery': 3.85, 'Temperature': 18.4, 'T_min': 17.1, 'T_max': 19.4, 'Humidity': 39.4, 'Pressure': 1015.1, 'Irradiation': 2, 'Irr_max': 18, 'Rain': 0.0, 'Rain_min_time': 0.0}
2026-03-21 09:38:47,209 - uplink - INFO - Verarbeite Uplink für Gerät: AABBCC01020316
2026-03-21 09:38:47,217 - uplink - INFO - Daten erfolgreich in DB gespeichert für AABBCC01020316: {'Type': 1, 'Battery': 4.2, 'Temperature': 24.4, 'T_min': 23.5, 'T_max': 25.5, 'Humidity': 54.0, 'Pressure': 1017.25, 'Irradiation': 4, 'Irr_max': 10, 'Rain': 0.0, 'Rain_min_time': 0.0}
2026-03-21 09:38:49,319 - uplink - INFO - Verarbeite Uplink für Gerät: AABBCC01020412
2026-03-21 09:38:49,326 - uplink - INFO - Daten erfolgreich in DB gespeichert für AABBCC01020412: {'Type': 1, 'Battery': 3.85, 'Temperature': 16.9, 'T_min': 15.6, 'T_max': 18.3, 'Humidity': 43.0, 'Pressure': 1012.0, 'Irradiation': 0, 'Irr_max': 26, 'Rain': 0.0, 'Rain_min_time': 0.0}
2026-03-21 09:38:49,818 - uplink - INFO - Verarbeite Uplink für Gerät: AABBCC01020307
2026-03-21 09:38:49,825 - uplink - INFO - Daten erfolgreich in DB gespeichert für AABBCC01020307: {'Type': 1, 'Battery': 3.85, 'Temperature': 18.4, 'T_min': 17.8, 'T_max': 19.0, 'Humidity': 39.4, 'Pressure': 1015.1, 'Irradiation': 0, 'Irr_max': 20, 'Rain': 0.0, 'Rain_min_time': 0.0}
2026-03-21 09:38:57,235 - uplink - INFO - Verarbeite Uplink für Gerät: AABBCC01020316
2026-03-21 09:38:57,242 - uplink - INFO - Daten erfolgreich in DB gespeichert für AABBCC01020316: {'Type': 1, 'Battery': 4.2, 'Temperature': 24.4, 'T_min': 24.1, 'T_max': 25.1, 'Humidity': 54.0, 'Pressure': 1017.25, 'Irradiation': 0, 'Irr_max': 44, 'Rain': 0.0, 'Rain_min_time': 0.0}
2026-03-21 09:38:59,350 - uplink - INFO - Verarbeite Uplink für Gerät: AABBCC01020412
2026-03-21 09:38:59,361 - uplink - INFO - Daten erfolgreich in DB gespeichert für AABBCC01020412: {'Type': 1, 'Battery': 3.85, 'Temperature': 16.9, 'T_min': 16.7, 'T_max': 17.2, 'Humidity': 43.0, 'Pressure': 1012.0, 'Irradiation': 0, 'Irr_max': 30, 'Rain': 0.0, 'Rain_min_time': 0.0}
2026-03-21 09:38:59,830 - uplink - INFO - Verarbeite Uplink für Gerät: AABBCC01020307
2026-03-21 09:38:59,838 - uplink - INFO - Daten erfolgreich in DB gespeichert für AABBCC01020307: {'Type': 1, 'Battery': 3.85, 'Temperature': 18.4, 'T_min': 18.0, 'T_max': 19.9, 'Humidity': 39.4, 'Pressure': 1015.1, 'Irradiation': 0, 'Irr_max': 38, 'Rain': 1.0, 'Rain_min_time': 0.0}
2026-03-21 09:39:07,254 - uplink - INFO - Verarbeite Uplink für Gerät: AABBCC01020316
2026-03-21 09:39:07,262 - uplink - INFO - Daten erfolgreich in DB gespeichert für AABBCC01020316: {'Type': 1, 'Battery': 4.2, 'Temperature': 24.4, 'T_min': 23.9, 'T_max': 25.0, 'Humidity': 54.0, 'Pressure': 1017.25, 'Irradiation': 0, 'Irr_max': 2, 'Rain': 0.0, 'Rain_min_time': 0.0}
2026-03-21 09:39:09,365 - uplink - INFO - Verarbeite Uplink für Gerät: AABBCC01020412
2026-03-21 09:39:09,374 - uplink - INFO - Daten erfolgreich in DB gespeichert für AABBCC01020412: {'Type': 1, 'Battery': 3.85, 'Temperature': 16.9, 'T_min': 16.4, 'T_max': 17.0, 'Humidity': 42.8, 'Pressure': 1012.0, 'Irradiation': 0, 'Irr_max': 36, 'Rain': 0.0, 'Rain_min_time': 0.0}
2026-03-21 09:39:09,857 - uplink - INFO - Verarbeite Uplink für Gerät: AABBCC01020307
2026-03-21 09:39:09,865 - uplink - INFO - Daten erfolgreich in DB gespeichert für AABBCC01020307: {'Type': 1, 'Battery': 3.85, 'Temperature': 18.4, 'T_min': 17.2, 'T_max': 19.7, 'Humidity': 39.4, 'Pressure': 1015.1, 'Irradiation': 2, 'Irr_max': 40, 'Rain': 0.0, 'Rain_min_time': 0.0}
2026-03-21 09:39:17,285 - uplink - INFO - Verarbeite Uplink für Gerät: AABBCC01020316
2026-03-21 09:39:17,294 - uplink - INFO - Daten erfolgreich in DB gespeichert für AABBCC01020316: {'Type': 1, 'Battery': 4.2, 'Temperature': 24.4, 'T_min': 22.9, 'T_max': 25.1, 'Humidity': 54.0, 'Pressure': 1017.25, 'Irradiation': 0, 'Irr_max': 2, 'Rain': 0.0, 'Rain_min_time': 0.0}
2026-03-21 09:39:19,396 - uplink - INFO - Verarbeite Uplink für Gerät: AABBCC01020412
2026-03-21 09:39:19,403 - uplink - INFO - Daten erfolgreich in DB gespeichert für AABBCC01020412: {'Type': 1, 'Battery': 3.85, 'Temperature': 16.9, 'T_min': 16.8, 'T_max': 18.3, 'Humidity': 42.8, 'Pressure': 1012.0, 'Irradiation': 0, 'Irr_max': 10, 'Rain': 0.0, 'Rain_min_time': 0.0}
2026-03-21 09:39:19,890 - uplink - INFO - Verarbeite Uplink für Gerät: AABBCC01020307
2026-03-21 09:39:19,898 - uplink - INFO - Daten erfolgreich in DB gespeichert für AABBCC01020307: {'Type': 1, 'Battery': 3.85, 'Temperature': 18.4, 'T_min': 18.1, 'T_max': 19.6, 'Humidity': 39.4, 'Pressure': 1015.1, 'Irradiation': 0, 'Irr_max': 46, 'Rain': 0.0, 'Rain_min_time': 0.0}
2026-03-21 09:39:27,317 - uplink - INFO - Verarbeite Uplink für Gerät: AABBCC01020316
2026-03-21 09:39:27,325 - uplink - INFO - Daten erfolgreich in DB gespeichert für AABBCC01020316: {'Type': 1, 'Battery': 4.2, 'Temperature': 24.4, 'T_min': 23.2, 'T_max': 25.4, 'Humidity': 54.0, 'Pressure': 1017.25, 'Irradiation': 0, 'Irr_max': 14, 'Rain': 1.0, 'Rain_min_time': 0.0}
2026-03-21 09:39:29,418 - uplink - INFO - Verarbeite Uplink für Gerät: AABBCC01020412
2026-03-21 09:39:29,426 - uplink - INFO - Daten erfolgreich in DB gespeichert für AABBCC01020412: {'Type': 1, 'Battery': 3.85, 'Temperature': 16.9, 'T_min': 15.9, 'T_max': 18.4, 'Humidity': 43.0, 'Pressure': 1012.0, 'Irradiation': 0, 'Irr_max': 22, 'Rain': 0.0, 'Rain_min_time': 0.0}
2026-03-21 09:39:29,903 - uplink - INFO - Verarbeite Uplink für Gerät: AABBCC01020307
2026-03-21 09:39:29,910 - uplink - INFO - Daten erfolgreich in DB gespeichert für AABBCC01020307: {'Type': 1, 'Battery': 3.85, 'Temperature': 18.4, 'T_min': 17.9, 'T_max': 18.5, 'Humidity': 39.4, 'Pressure': 1015.1, 'Irradiation': 0, 'Irr_max': 32, 'Rain': 0.0, 'Rain_min_time': 0.0}
2026-03-21 09:39:37,341 - uplink - INFO - Verarbeite Uplink für Gerät: AABBCC01020316
2026-03-21 09:39:37,348 - uplink - INFO - Daten erfolgreich in DB gespeichert für AABBCC01020316: {'Type': 1, 'Battery': 4.2, 'Temperature': 24.4, 'T_min': 24.0, 'T_max': 25.0, 'Humidity': 54.0, 'Pressure': 1017.25, 'Irradiation': 0, 'Irr_max': 0, 'Rain': 0.0, 'Rain_min_time': 0.0}
2026-03-21 09:39:39,450 - uplink - INFO - Verarbeite Uplink für Gerät: AABBCC01020412
2026-03-21 09:39:39,458 - uplink - INFO - Daten erfolgreich in DB gespeichert für AABBCC01020412: {'Type': 1, 'Battery': 3.85, 'Temperature': 16.9, 'T_min': 16.4, 'T_max': 17.6, 'Humidity': 43.0, 'Pressure': 1012.0, 'Irradiation': 0, 'Irr_max': 16, 'Rain': 0.0, 'Rain_min_time': 0.0}
2026-03-21 09:39:39,915 - uplink - INFO - Verarbeite Uplink für Gerät: AABBCC01020307
2026-03-21 09:39:39,922 - uplink - INFO - Daten erfolgreich in DB gespeichert für AABBCC01020307: {'Type': 1, 'Battery': 3.85, 'Temperature': 18.4, 'T_min': 17.8, 'T_max': 19.8, 'Humidity': 39.4, 'Pressure': 1015.1, 'Irradiation': 2, 'Irr_max': 24, 'Rain': 0.0, 'Rain_min_time': 0.0}
2026-03-21 09:39:47,364 - uplink - INFO - Verarbeite Uplink für Gerät: AABBCC01020316
2026-03-21 09:39:47,372 - uplink - INFO - Daten erfolgreich in DB gespeichert für AABBCC01020316: {'Type': 1, 'Battery': 4.2, 'Temperature': 24.4, 'T_min': 23.5, 'T_max': 24.7, 'Humidity': 54.0, 'Pressure': 1017.25, 'Irradiation': 0, 'Irr_max': 28, 'Rain': 0.0, 'Rain_min_time': 0.0}
2026-03-21 09:39:49,478 - uplink - INFO - Verarbeite Uplink für Gerät: AABBCC01020412
2026-03-21 09:39:49,487 - uplink - INFO - Daten erfolgreich in DB gespeichert für AABBCC01020412: {'Type': 1, 'Battery': 3.85, 'Temperature': 16.9, 'T_min': 15.9, 'T_max': 17.2, 'Humidity': 42.8, 'Pressure': 1012.0, 'Irradiation': 0, 'Irr_max': 20, 'Rain': 0.0, 'Rain_min_time': 0.0}
2026-03-21 09:39:49,927 - uplink - INFO - Verarbeite Uplink für Gerät: AABBCC01020307
2026-03-21 09:39:49,935 - uplink - INFO - Daten erfolgreich in DB gespeichert für AABBCC01020307: {'Type': 1, 'Battery': 3.85, 'Temperature': 18.4, 'T_min': 18.3, 'T_max': 19.8, 'Humidity': 39.4, 'Pressure': 1015.1, 'Irradiation': 0, 'Irr_max': 30, 'Rain': 0.0, 'Rain_min_time': 0.0}
2026-03-21 09:39:57,394 - uplink - INFO - Verarbeite Uplink für Gerät: AABBCC01020316
2026-03-21 09:39:57,401 - uplink - INFO - Daten erfolgreich in DB gespeichert für AABBCC01020316: {'Type': 1, 'Battery': 4.2, 'Temperature': 24.4, 'T_min': 23.3, 'T_max': 25.2, 'Humidity': 54.0, 'Pressure': 1017.25, 'Irradiation': 0, 'Irr_max': 24, 'Rain': 0.0, 'Rain_min_time': 0.0}
2026-03-21 09:39:59,492 - uplink - INFO - Verarbeite Uplink für Gerät: AABBCC01020412
2026-03-21 09:39:59,500 - uplink - INFO - Daten erfolgreich in DB gespeichert für AABBCC01020412: {'Type': 1, 'Battery': 3.85, 'Temperature': 16.9, 'T_min': 16.3, 'T_max': 18.1, 'Humidity': 42.8, 'Pressure': 1012.0, 'Irradiation': 0, 'Irr_max': 42, 'Rain': 0.0, 'Rain_min_time': 0.0}
2026-03-21 09:39:59,956 - uplink - INFO - Verarbeite Uplink für Gerät: AABBCC01020307
2026-03-21 09:39:59,964 - uplink - INFO - Daten erfolgreich in DB gespeichert für AABBCC01020307: {'Type': 1, 'Battery': 3.85, 'Temperature': 18.4, 'T_min': 17.7, 'T_max': 19.0, 'Humidity': 39.4, 'Pressure': 1015.1, 'Irradiation': 0, 'Irr_max': 20, 'Rain': 0.0, 'Rain_min_time': 0.0}
2026-03-21 09:40:07,427 - uplink - INFO - Verarbeite Uplink für Gerät: AABBCC01020316
2026-03-21 09:40:07,434 - uplink - INFO - Daten erfolgreich in DB gespeichert für AABBCC01020316: {'Type': 1, 'Battery': 4.2, 'Temperature': 24.4, 'T_min': 24.0, 'T_max': 24.5, 'Humidity': 54.0, 'Pressure': 1017.25, 'Irradiation': 0, 'Irr_max': 34, 'Rain': 0.0, 'Rain_min_time': 0.0}
2026-03-21 09:40:09,525 - uplink - INFO - Verarbeite Uplink für Gerät: AABBCC01020412
2026-03-21 09:40:09,533 - uplink - INFO - Daten erfolgreich in DB gespeichert für AABBCC01020412: {'Type': 1, 'Battery': 3.85, 'Temperature': 16.9, 'T_min': 15.9, 'T_max': 17.6, 'Humidity': 42.8, 'Pressure': 1012.0, 'Irradiation': 0, 'Irr_max': 36, 'Rain': 0.0, 'Rain_min_time': 0.0}
2026-03-21 09:40:09,977 - uplink - INFO - Verarbeite Uplink für Gerät: AABBCC01020307
2026-03-21 09:40:09,984 - uplink - INFO - Daten erfolgreich in DB gespeichert für AABBCC01020307: {'Type': 1, 'Battery': 3.85, 'Temperature': 18.4, 'T_min': 17.4, 'T_max': 19.4, 'Humidity': 39.4, 'Pressure': 1015.1, 'Irradiation': 0, 'Irr_max': 20, 'Rain': 0.0, 'Rain_min_time': 0.0}
2026-03-21 09:40:17,452 - uplink - INFO - Verarbeite Uplink für Gerät: AABBCC01020316
2026-03-21 09:40:17,460 - uplink - INFO - Daten erfolgreich in DB gespeichert für AABBCC01020316: {'Type': 1, 'Battery': 4.2, 'Temperature': 24.4, 'T_min': 24.1, 'T_max': 24.8, 'Humidity': 54.0, 'Pressure': 1017.25, 'Irradiation': 0, 'Irr_max': 30, 'Rain': 0.0, 'Rain_min_time': 0.0}
2026-03-21 09:40:19,560 - uplink - INFO - Verarbeite Uplink für Gerät: AABBCC01020412
2026-03-21 09:40:19,567 - uplink - INFO - Daten erfolgreich in DB gespeichert für AABBCC01020412: {'Type': 1, 'Battery': 3.85, 'Temperature': 16.9, 'T_min': 16.5, 'T_max': 17.0, 'Humidity': 42.8, 'Pressure': 1012.0, 'Irradiation': 2, 'Irr_max': 26, 'Rain': 0.0, 'Rain_min_time': 0.0}
2026-03-21 09:40:20,011 - uplink - INFO - Verarbeite Uplink für Gerät: AABBCC01020307
2026-03-21 09:40:20,020 - uplink - INFO - Daten erfolgreich in DB gespeichert für AABBCC01020307: {'Type': 1, 'Battery': 3.85, 'Temperature': 18.4, 'T_min': 18.0, 'T_max': 18.6, 'Humidity': 39.4, 'Pressure': 1015.1, 'Irradiation': 0, 'Irr_max': 16, 'Rain': 0.0, 'Rain_min_time': 0.0}
2026-03-21 09:40:27,473 - uplink - INFO - Verarbeite Uplink für Gerät: AABBCC01020316
2026-03-21 09:40:27,481 - uplink - INFO - Daten erfolgreich in DB gespeichert für AABBCC01020316: {'Type': 1, 'Battery': 4.2, 'Temperature': 24.4, 'T_min': 23.5, 'T_max': 25.2, 'Humidity': 54.0, 'Pressure': 1017.25, 'Irradiation': 0, 'Irr_max': 48, 'Rain': 0.0, 'Rain_min_time': 0.0}
2026-03-21 09:40:29,584 - uplink - INFO - Verarbeite Uplink für Gerät: AABBCC01020412
2026-03-21 09:40:29,591 - uplink - INFO - Daten erfolgreich in DB gespeichert für AABBCC01020412: {'Type': 1, 'Battery': 3.85, 'Temperature': 16.9, 'T_min': 15.5, 'T_max': 18.3, 'Humidity': 42.8, 'Pressure': 1012.0, 'Irradiation': 0, 'Irr_max': 32, 'Rain': 0.0, 'Rain_min_time': 0.0}
2026-03-21 09:40:30,036 - uplink - INFO - Verarbeite Uplink für Gerät: AABBCC01020307
2026-03-21 09:40:30,044 - uplink - INFO - Daten erfolgreich in DB gespeichert für AABBCC01020307: {'Type': 1, 'Battery': 3.85, 'Temperature': 18.4, 'T_min': 17.0, 'T_max': 19.1, 'Humidity': 39.4, 'Pressure': 1015.1, 'Irradiation': 0, 'Irr_max': 14, 'Rain': 0.0, 'Rain_min_time': 0.0}
2026-03-21 09:40:37,508 - uplink - INFO - Verarbeite Uplink für Gerät: AABBCC01020316
2026-03-21 09:40:37,515 - uplink - INFO - Daten erfolgreich in DB gespeichert für AABBCC01020316: {'Type': 1, 'Battery': 4.2, 'Temperature': 24.4, 'T_min': 23.0, 'T_max': 24.8, 'Humidity': 54.0, 'Pressure': 1017.25, 'Irradiation': 0, 'Irr_max': 14, 'Rain': 0.0, 'Rain_min_time': 0.0}
2026-03-21 09:40:39,616 - uplink - INFO - Verarbeite Uplink für Gerät: AABBCC01020412
2026-03-21 09:40:39,624 - uplink - INFO - Daten erfolgreich in DB gespeichert für AABBCC01020412: {'Type': 1, 'Battery': 3.85, 'Temperature': 16.9, 'T_min': 15.4, 'T_max': 17.5, 'Humidity': 42.8, 'Pressure': 1012.0, 'Irradiation': 0, 'Irr_max': 12, 'Rain': 0.0, 'Rain_min_time': 0.0}
2026-03-21 09:40:40,068 - uplink - INFO - Verarbeite Uplink für Gerät: AABBCC01020307
2026-03-21 09:40:40,075 - uplink - INFO - Daten erfolgreich in DB gespeichert für AABBCC01020307: {'Type': 1, 'Battery': 3.85, 'Temperature': 18.4, 'T_min': 17.7, 'T_max': 19.2, 'Humidity': 39.4, 'Pressure': 1015.1, 'Irradiation': 2, 'Irr_max': 18, 'Rain': 0.0, 'Rain_min_time': 0.0}
2026-03-21 09:40:47,530 - uplink - INFO - Verarbeite Uplink für Gerät: AABBCC01020316
2026-03-21 09:40:47,537 - uplink - INFO - Daten erfolgreich in DB gespeichert für AABBCC01020316: {'Type': 1, 'Battery': 4.2, 'Temperature': 24.4, 'T_min': 24.3, 'T_max': 24.8, 'Humidity': 54.0, 'Pressure': 1017.25, 'Irradiation': 0, 'Irr_max': 0, 'Rain': 0.0, 'Rain_min_time': 0.0}
2026-03-21 09:40:49,629 - uplink - INFO - Verarbeite Uplink für Gerät: AABBCC01020412
2026-03-21 09:40:49,636 - uplink - INFO - Daten erfolgreich in DB gespeichert für AABBCC01020412: {'Type': 1, 'Battery': 3.85, 'Temperature': 16.9, 'T_min': 16.0, 'T_max': 17.0, 'Humidity': 42.8, 'Pressure': 1012.0, 'Irradiation': 0, 'Irr_max': 12, 'Rain': 0.0, 'Rain_min_time': 0.0}
2026-03-21 09:40:50,080 - uplink - INFO - Verarbeite Uplink für Gerät: AABBCC01020307
2026-03-21 09:40:50,088 - uplink - INFO - Daten erfolgreich in DB gespeichert für AABBCC01020307: {'Type': 1, 'Battery': 3.85, 'Temperature': 18.4, 'T_min': 18.2, 'T_max': 19.7, 'Humidity': 39.4, 'Pressure': 1015.1, 'Irradiation': 2, 'Irr_max': 44, 'Rain': 0.0, 'Rain_min_time': 0.0}
2026-03-21 09:40:57,566 - uplink - INFO - Verarbeite Uplink für Gerät: AABBCC01020316
2026-03-21 09:40:57,575 - uplink - INFO - Daten erfolgreich in DB gespeichert für AABBCC01020316: {'Type': 1, 'Battery': 4.2, 'Temperature': 24.4, 'T_min': 24.1, 'T_max': 25.3, 'Humidity': 54.0, 'Pressure': 1017.25, 'Irradiation': 0, 'Irr_max': 42, 'Rain': 0.0, 'Rain_min_time': 0.0}
2026-03-21 09:40:59,661 - uplink - INFO - Verarbeite Uplink für Gerät: AABBCC01020412
2026-03-21 09:40:59,668 - uplink - INFO - Daten erfolgreich in DB gespeichert für AABBCC01020412: {'Type': 1, 'Battery': 3.85, 'Temperature': 16.9, 'T_min': 16.8, 'T_max': 18.0, 'Humidity': 42.8, 'Pressure': 1012.0, 'Irradiation': 0, 'Irr_max': 38, 'Rain': 0.0, 'Rain_min_time': 0.0}
2026-03-21 09:41:00,110 - uplink - INFO - Verarbeite Uplink für Gerät: AABBCC01020307
2026-03-21 09:41:00,118 - uplink - INFO - Daten erfolgreich in DB gespeichert für AABBCC01020307: {'Type': 1, 'Battery': 3.85, 'Temperature': 18.4, 'T_min': 17.2, 'T_max': 19.1, 'Humidity': 39.4, 'Pressure': 1015.1, 'Irradiation': 0, 'Irr_max': 36, 'Rain': 0.0, 'Rain_min_time': 0.0}
2026-03-21 09:41:07,595 - uplink - INFO - Verarbeite Uplink für Gerät: AABBCC01020316
2026-03-21 09:41:07,603 - uplink - INFO - Daten erfolgreich in DB gespeichert für AABBCC01020316: {'Type': 1, 'Battery': 4.2, 'Temperature': 24.4, 'T_min': 23.5, 'T_max': 24.8, 'Humidity': 54.0, 'Pressure': 1017.25, 'Irradiation': 0, 'Irr_max': 12, 'Rain': 0.0, 'Rain_min_time': 0.0}
2026-03-21 09:41:09,688 - uplink - INFO - Verarbeite Uplink für Gerät: AABBCC01020412
2026-03-21 09:41:09,696 - uplink - INFO - Daten erfolgreich in DB gespeichert für AABBCC01020412: {'Type': 1, 'Battery': 3.85, 'Temperature': 16.9, 'T_min': 15.6, 'T_max': 17.4, 'Humidity': 42.8, 'Pressure': 1012.0, 'Irradiation': 0, 'Irr_max': 28, 'Rain': 0.0, 'Rain_min_time': 0.0}
2026-03-21 09:41:10,140 - uplink - INFO - Verarbeite Uplink für Gerät: AABBCC01020307
2026-03-21 09:41:10,148 - uplink - INFO - Daten erfolgreich in DB gespeichert für AABBCC01020307: {'Type': 1, 'Battery': 3.85, 'Temperature': 18.4, 'T_min': 17.7, 'T_max': 18.5, 'Humidity': 39.4, 'Pressure': 1015.1, 'Irradiation': 2, 'Irr_max': 30, 'Rain': 0.0, 'Rain_min_time': 0.0}
2026-03-21 09:41:17,622 - uplink - INFO - Verarbeite Uplink für Gerät: AABBCC01020316
2026-03-21 09:41:17,630 - uplink - INFO - Daten erfolgreich in DB gespeichert für AABBCC01020316: {'Type': 1, 'Battery': 4.2, 'Temperature': 24.4, 'T_min': 23.3, 'T_max': 25.1, 'Humidity': 54.0, 'Pressure': 1017.25, 'Irradiation': 0, 'Irr_max': 16, 'Rain': 0.0, 'Rain_min_time': 0.0}
2026-03-21 09:41:19,715 - uplink - INFO - Verarbeite Uplink für Gerät: AABBCC01020412
2026-03-21 09:41:19,722 - uplink - INFO - Daten erfolgreich in DB gespeichert für AABBCC01020412: {'Type': 1, 'Battery': 3.85, 'Temperature': 16.9, 'T_min': 16.1, 'T_max': 18.3, 'Humidity': 42.8, 'Pressure': 1012.0, 'Irradiation': 0, 'Irr_max': 32, 'Rain': 0.0, 'Rain_min_time': 0.0}
2026-03-21 09:41:20,153 - uplink - INFO - Verarbeite Uplink für Gerät: AABBCC01020307
2026-03-21 09:41:20,160 - uplink - INFO - Daten erfolgreich in DB gespeichert für AABBCC01020307: {'Type': 1, 'Battery': 3.85, 'Temperature': 18.4, 'T_min': 17.7, 'T_max': 18.5, 'Humidity': 39.4, 'Pressure': 1015.1, 'Irradiation': 0, 'Irr_max': 40, 'Rain': 0.0, 'Rain_min_time': 0.0}
2026-03-21 09:41:27,651 - uplink - INFO - Verarbeite Uplink für Gerät: AABBCC01020316
2026-03-21 09:41:27,659 - uplink - INFO - Daten erfolgreich in DB gespeichert für AABBCC01020316: {'Type': 1, 'Battery': 4.2, 'Temperature': 24.4, 'T_min': 23.7, 'T_max': 25.2, 'Humidity': 54.0, 'Pressure': 1017.25, 'Irradiation': 0, 'Irr_max': 44, 'Rain': 0.0, 'Rain_min_time': 0.0}
2026-03-21 09:41:29,744 - uplink - INFO - Verarbeite Uplink für Gerät: AABBCC01020412
2026-03-21 09:41:29,753 - uplink - INFO - Daten erfolgreich in DB gespeichert für AABBCC01020412: {'Type': 1, 'Battery': 3.85, 'Temperature': 16.9, 'T_min': 15.5, 'T_max': 17.1, 'Humidity': 42.8, 'Pressure': 1012.0, 'Irradiation': 0, 'Irr_max': 44, 'Rain': 0.0, 'Rain_min_time': 0.0}
2026-03-21 09:41:30,165 - uplink - INFO - Verarbeite Uplink für Gerät: AABBCC01020307
2026-03-21 09:41:30,173 - uplink - INFO - Daten erfolgreich in DB gespeichert für AABBCC01020307: {'Type': 1, 'Battery': 3.85, 'Temperature': 18.4, 'T_min': 17.4, 'T_max': 19.6, 'Humidity': 39.4, 'Pressure': 1015.1, 'Irradiation': 0, 'Irr_max': 8, 'Rain': 0.0, 'Rain_min_time': 0.0}
2026-03-21 09:41:37,681 - uplink - INFO - Verarbeite Uplink für Gerät: AABBCC01020316
2026-03-21 09:41:37,689 - uplink - INFO - Daten erfolgreich in DB gespeichert für AABBCC01020316: {'Type': 1, 'Battery': 4.2, 'Temperature': 24.4, 'T_min': 23.2, 'T_max': 24.4, 'Humidity': 54.0, 'Pressure': 1017.25, 'Irradiation': 0, 'Irr_max': 6, 'Rain': 0.0, 'Rain_min_time': 0.0}
2026-03-21 09:41:39,757 - uplink - INFO - Verarbeite Uplink für Gerät: AABBCC01020412
2026-03-21 09:41:39,764 - uplink - INFO - Daten erfolgreich in DB gespeichert für AABBCC01020412: {'Type': 1, 'Battery': 3.85, 'Temperature': 16.9, 'T_min': 16.7, 'T_max': 17.5, 'Humidity': 42.8, 'Pressure': 1012.0, 'Irradiation': 2, 'Irr_max': 8, 'Rain': 4.0, 'Rain_min_time': 0.0}
2026-03-21 09:41:40,193 - uplink - INFO - Verarbeite Uplink für Gerät: AABBCC01020307
2026-03-21 09:41:40,201 - uplink - INFO - Daten erfolgreich in DB gespeichert für AABBCC01020307: {'Type': 1, 'Battery': 3.85, 'Temperature': 18.4, 'T_min': 17.1, 'T_max': 18.8, 'Humidity': 39.4, 'Pressure': 1015.1, 'Irradiation': 0, 'Irr_max': 44, 'Rain': 0.0, 'Rain_min_time': 0.0}
2026-03-21 09:41:47,708 - uplink - INFO - Verarbeite Uplink für Gerät: AABBCC01020316
2026-03-21 09:41:47,716 - uplink - INFO - Daten erfolgreich in DB gespeichert für AABBCC01020316: {'Type': 1, 'Battery': 4.2, 'Temperature': 24.4, 'T_min': 23.9, 'T_max': 24.9, 'Humidity': 54.0, 'Pressure': 1017.25, 'Irradiation': 0, 'Irr_max': 46, 'Rain': 0.0, 'Rain_min_time': 0.0}
2026-03-21 09:41:49,789 - uplink - INFO - Verarbeite Uplink für Gerät: AABBCC01020412
2026-03-21 09:41:49,796 - uplink - INFO - Daten erfolgreich in DB gespeichert für AABBCC01020412: {'Type': 1, 'Battery': 3.85, 'Temperature': 16.9, 'T_min': 15.9, 'T_max': 17.1, 'Humidity': 42.8, 'Pressure': 1012.0, 'Irradiation': 4, 'Irr_max': 34, 'Rain': 0.0, 'Rain_min_time': 0.0}
2026-03-21 09:41:50,224 - uplink - INFO - Verarbeite Uplink für Gerät: AABBCC01020307
2026-03-21 09:41:50,231 - uplink - INFO - Daten erfolgreich in DB gespeichert für AABBCC01020307: {'Type': 1, 'Battery': 3.85, 'Temperature': 18.4, 'T_min': 17.7, 'T_max': 19.3, 'Humidity': 39.4, 'Pressure': 1015.1, 'Irradiation': 2, 'Irr_max': 14, 'Rain': 0.0, 'Rain_min_time': 0.0}
2026-03-21 09:41:57,721 - uplink - INFO - Verarbeite Uplink für Gerät: AABBCC01020316
2026-03-21 09:41:57,728 - uplink - INFO - Daten erfolgreich in DB gespeichert für AABBCC01020316: {'Type': 1, 'Battery': 4.2, 'Temperature': 24.4, 'T_min': 24.0, 'T_max': 24.8, 'Humidity': 54.0, 'Pressure': 1017.25, 'Irradiation': 0, 'Irr_max': 40, 'Rain': 0.0, 'Rain_min_time': 0.0}
2026-03-21 09:41:59,820 - uplink - INFO - Verarbeite Uplink für Gerät: AABBCC01020412
2026-03-21 09:41:59,827 - uplink - INFO - Daten erfolgreich in DB gespeichert für AABBCC01020412: {'Type': 1, 'Battery': 3.85, 'Temperature': 16.9, 'T_min': 16.4, 'T_max': 17.9, 'Humidity': 42.8, 'Pressure': 1012.0, 'Irradiation': 2, 'Irr_max': 42, 'Rain': 0.0, 'Rain_min_time': 0.0}
2026-03-21 09:42:00,254 - uplink - INFO - Verarbeite Uplink für Gerät: AABBCC01020307
2026-03-21 09:42:00,263 - uplink - INFO - Daten erfolgreich in DB gespeichert für AABBCC01020307: {'Type': 1, 'Battery': 3.85, 'Temperature': 18.4, 'T_min': 17.7, 'T_max': 19.5, 'Humidity': 39.4, 'Pressure': 1015.1, 'Irradiation': 0, 'Irr_max': 18, 'Rain': 0.0, 'Rain_min_time': 0.0}
2026-03-21 09:42:07,751 - uplink - INFO - Verarbeite Uplink für Gerät: AABBCC01020316
2026-03-21 09:42:07,758 - uplink - INFO - Daten erfolgreich in DB gespeichert für AABBCC01020316: {'Type': 1, 'Battery': 4.2, 'Temperature': 24.4, 'T_min': 23.9, 'T_max': 24.9, 'Humidity': 54.0, 'Pressure': 1017.25, 'Irradiation': 2, 'Irr_max': 2, 'Rain': 0.0, 'Rain_min_time': 0.0}
2026-03-21 09:42:09,855 - uplink - INFO - Verarbeite Uplink für Gerät: AABBCC01020412
2026-03-21 09:42:09,862 - uplink - INFO - Daten erfolgreich in DB gespeichert für AABBCC01020412: {'Type': 1, 'Battery': 3.85, 'Temperature': 16.9, 'T_min': 15.8, 'T_max': 17.1, 'Humidity': 42.8, 'Pressure': 1012.0, 'Irradiation': 4, 'Irr_max': 28, 'Rain': 0.0, 'Rain_min_time': 0.0}
2026-03-21 09:42:10,287 - uplink - INFO - Verarbeite Uplink für Gerät: AABBCC01020307
2026-03-21 09:42:10,295 - uplink - INFO - Daten erfolgreich in DB gespeichert für AABBCC01020307: {'Type': 1, 'Battery': 3.85, 'Temperature': 18.4, 'T_min': 17.3, 'T_max': 18.8, 'Humidity': 39.4, 'Pressure': 1015.1, 'Irradiation': 0, 'Irr_max': 38, 'Rain': 0.0, 'Rain_min_time': 0.0}
2026-03-21 09:42:17,781 - uplink - INFO - Verarbeite Uplink für Gerät: AABBCC01020316
2026-03-21 09:42:17,789 - uplink - INFO - Daten erfolgreich in DB gespeichert für AABBCC01020316: {'Type': 1, 'Battery': 4.2, 'Temperature': 24.4, 'T_min': 24.2, 'T_max': 24.6, 'Humidity': 54.0, 'Pressure': 1017.25, 'Irradiation': 0, 'Irr_max': 6, 'Rain': 0.0, 'Rain_min_time': 0.0}
2026-03-21 09:42:19,881 - uplink - INFO - Verarbeite Uplink für Gerät: AABBCC01020412
2026-03-21 09:42:19,888 - uplink - INFO - Daten erfolgreich in DB gespeichert für AABBCC01020412: {'Type': 1, 'Battery': 3.85, 'Temperature': 16.9, 'T_min': 16.7, 'T_max': 18.0, 'Humidity': 42.8, 'Pressure': 1012.0, 'Irradiation': 4, 'Irr_max': 44, 'Rain': 0.0, 'Rain_min_time': 0.0}
2026-03-21 09:42:20,316 - uplink - INFO - Verarbeite Uplink für Gerät: AABBCC01020307
2026-03-21 09:42:20,327 - uplink - INFO - Daten erfolgreich in DB gespeichert für AABBCC01020307: {'Type': 1, 'Battery': 3.85, 'Temperature': 18.4, 'T_min': 17.4, 'T_max': 18.9, 'Humidity': 39.4, 'Pressure': 1015.1, 'Irradiation': 0, 'Irr_max': 32, 'Rain': 0.0, 'Rain_min_time': 0.0}
2026-03-21 09:42:27,804 - uplink - INFO - Verarbeite Uplink für Gerät: AABBCC01020316
2026-03-21 09:42:27,812 - uplink - INFO - Daten erfolgreich in DB gespeichert für AABBCC01020316: {'Type': 1, 'Battery': 4.2, 'Temperature': 24.4, 'T_min': 23.0, 'T_max': 25.7, 'Humidity': 54.0, 'Pressure': 1017.25, 'Irradiation': 0, 'Irr_max': 44, 'Rain': 3.0, 'Rain_min_time': 0.0}
2026-03-21 09:42:29,906 - uplink - INFO - Verarbeite Uplink für Gerät: AABBCC01020412
2026-03-21 09:42:29,913 - uplink - INFO - Daten erfolgreich in DB gespeichert für AABBCC01020412: {'Type': 1, 'Battery': 3.85, 'Temperature': 16.9, 'T_min': 15.7, 'T_max': 17.1, 'Humidity': 42.8, 'Pressure': 1012.0, 'Irradiation': 4, 'Irr_max': 22, 'Rain': 0.0, 'Rain_min_time': 0.0}
2026-03-21 09:42:30,341 - uplink - INFO - Verarbeite Uplink für Gerät: AABBCC01020307
2026-03-21 09:42:30,348 - uplink - INFO - Daten erfolgreich in DB gespeichert für AABBCC01020307: {'Type': 1, 'Battery': 3.85, 'Temperature': 18.4, 'T_min': 17.6, 'T_max': 18.6, 'Humidity': 39.4, 'Pressure': 1015.1, 'Irradiation': 0, 'Irr_max': 6, 'Rain': 0.0, 'Rain_min_time': 0.0}
2026-03-21 09:42:37,829 - uplink - INFO - Verarbeite Uplink für Gerät: AABBCC01020316
2026-03-21 09:42:37,836 - uplink - INFO - Daten erfolgreich in DB gespeichert für AABBCC01020316: {'Type': 1, 'Battery': 4.2, 'Temperature': 24.4, 'T_min': 24.2, 'T_max': 24.8, 'Humidity': 54.0, 'Pressure': 1017.25, 'Irradiation': 0, 'Irr_max': 20, 'Rain': 0.0, 'Rain_min_time': 0.0}
2026-03-21 09:42:39,937 - uplink - INFO - Verarbeite Uplink für Gerät: AABBCC01020412
2026-03-21 09:42:39,945 - uplink - INFO - Daten erfolgreich in DB gespeichert für AABBCC01020412: {'Type': 1, 'Battery': 3.85, 'Temperature': 16.9, 'T_min': 16.3, 'T_max': 16.9, 'Humidity': 42.8, 'Pressure': 1012.0, 'Irradiation': 4, 'Irr_max': 16, 'Rain': 0.0, 'Rain_min_time': 0.0}
2026-03-21 09:42:40,372 - uplink - INFO - Verarbeite Uplink für Gerät: AABBCC01020307
2026-03-21 09:42:40,379 - uplink - INFO - Daten erfolgreich in DB gespeichert für AABBCC01020307: {'Type': 1, 'Battery': 3.85, 'Temperature': 18.4, 'T_min': 16.9, 'T_max': 19.1, 'Humidity': 39.4, 'Pressure': 1015.1, 'Irradiation': 0, 'Irr_max': 42, 'Rain': 0.0, 'Rain_min_time': 0.0}
2026-03-21 09:42:47,863 - uplink - INFO - Verarbeite Uplink für Gerät: AABBCC01020316
2026-03-21 09:42:47,872 - uplink - INFO - Daten erfolgreich in DB gespeichert für AABBCC01020316: {'Type': 1, 'Battery': 4.2, 'Temperature': 24.4, 'T_min': 23.7, 'T_max': 25.6, 'Humidity': 54.0, 'Pressure': 1017.25, 'Irradiation': 2, 'Irr_max': 46, 'Rain': 0.0, 'Rain_min_time': 0.0}
2026-03-21 09:42:49,959 - uplink - INFO - Verarbeite Uplink für Gerät: AABBCC01020412
2026-03-21 09:42:49,966 - uplink - INFO - Daten erfolgreich in DB gespeichert für AABBCC01020412: {'Type': 1, 'Battery': 3.85, 'Temperature': 16.9, 'T_min': 15.7, 'T_max': 17.5, 'Humidity': 42.8, 'Pressure': 1012.0, 'Irradiation': 6, 'Irr_max': 38, 'Rain': 0.0, 'Rain_min_time': 0.0}
2026-03-21 09:42:50,384 - uplink - INFO - Verarbeite Uplink für Gerät: AABBCC01020307
2026-03-21 09:42:50,391 - uplink - INFO - Daten erfolgreich in DB gespeichert für AABBCC01020307: {'Type': 1, 'Battery': 3.85, 'Temperature': 18.4, 'T_min': 17.7, 'T_max': 19.8, 'Humidity': 39.4, 'Pressure': 1015.1, 'Irradiation': 0, 'Irr_max': 6, 'Rain': 0.0, 'Rain_min_time': 0.0}
2026-03-21 09:42:57,894 - uplink - INFO - Verarbeite Uplink für Gerät: AABBCC01020316
2026-03-21 09:42:57,901 - uplink - INFO - Daten erfolgreich in DB gespeichert für AABBCC01020316: {'Type': 1, 'Battery': 4.2, 'Temperature': 24.4, 'T_min': 24.1, 'T_max': 25.7, 'Humidity': 54.0, 'Pressure': 1017.25, 'Irradiation': 0, 'Irr_max': 16, 'Rain': 1.0, 'Rain_min_time': 0.0}
2026-03-21 09:42:59,991 - uplink - INFO - Verarbeite Uplink für Gerät: AABBCC01020412
2026-03-21 09:42:59,999 - uplink - INFO - Daten erfolgreich in DB gespeichert für AABBCC01020412: {'Type': 1, 'Battery': 3.85, 'Temperature': 16.9, 'T_min': 16.2, 'T_max': 17.0, 'Humidity': 42.8, 'Pressure': 1012.0, 'Irradiation': 4, 'Irr_max': 12, 'Rain': 0.0, 'Rain_min_time': 0.0}
2026-03-21 09:43:00,407 - uplink - INFO - Verarbeite Uplink für Gerät: AABBCC01020307
2026-03-21 09:43:00,416 - uplink - INFO - Daten erfolgreich in DB gespeichert für AABBCC01020307: {'Type': 1, 'Battery': 3.85, 'Temperature': 18.4, 'T_min': 17.4, 'T_max': 19.0, 'Humidity': 39.4, 'Pressure': 1015.1, 'Irradiation': 0, 'Irr_max': 20, 'Rain': 0.0, 'Rain_min_time': 0.0}
2026-03-21 09:43:07,919 - uplink - INFO - Verarbeite Uplink für Gerät: AABBCC01020316
2026-03-21 09:43:07,926 - uplink - INFO - Daten erfolgreich in DB gespeichert für AABBCC01020316: {'Type': 1, 'Battery': 4.2, 'Temperature': 24.4, 'T_min': 23.2, 'T_max': 24.7, 'Humidity': 54.0, 'Pressure': 1017.25, 'Irradiation': 2, 'Irr_max': 26, 'Rain': 0.0, 'Rain_min_time': 0.0}
2026-03-21 09:43:10,023 - uplink - INFO - Verarbeite Uplink für Gerät: AABBCC01020412
2026-03-21 09:43:10,030 - uplink - INFO - Daten erfolgreich in DB gespeichert für AABBCC01020412: {'Type': 1, 'Battery': 3.85, 'Temperature': 16.9, 'T_min': 16.0, 'T_max': 17.6, 'Humidity': 42.8, 'Pressure': 1012.0, 'Irradiation': 0, 'Irr_max': 44, 'Rain': 0.0, 'Rain_min_time': 0.0}
2026-03-21 09:43:10,441 - uplink - INFO - Verarbeite Uplink für Gerät: AABBCC01020307
2026-03-21 09:43:10,448 - uplink - INFO - Daten erfolgreich in DB gespeichert für AABBCC01020307: {'Type': 1, 'Battery': 3.85, 'Temperature': 18.4, 'T_min': 18.2, 'T_max': 18.8, 'Humidity': 39.4, 'Pressure': 1015.1, 'Irradiation': 2, 'Irr_max': 24, 'Rain': 0.0, 'Rain_min_time': 0.0}
2026-03-21 09:43:17,946 - uplink - INFO - Verarbeite Uplink für Gerät: AABBCC01020316
2026-03-21 09:43:17,954 - uplink - INFO - Daten erfolgreich in DB gespeichert für AABBCC01020316: {'Type': 1, 'Battery': 4.2, 'Temperature': 24.4, 'T_min': 24.3, 'T_max': 25.7, 'Humidity': 54.0, 'Pressure': 1017.25, 'Irradiation': 2, 'Irr_max': 48, 'Rain': 0.0, 'Rain_min_time': 0.0}
2026-03-21 09:43:20,055 - uplink - INFO - Verarbeite Uplink für Gerät: AABBCC01020412
2026-03-21 09:43:20,062 - uplink - INFO - Daten erfolgreich in DB gespeichert für AABBCC01020412: {'Type': 1, 'Battery': 3.85, 'Temperature': 16.9, 'T_min': 15.8, 'T_max': 17.0, 'Humidity': 42.8, 'Pressure': 1012.0, 'Irradiation': 0, 'Irr_max': 2, 'Rain': 0.0, 'Rain_min_time': 0.0}
2026-03-21 09:43:20,463 - uplink - INFO - Verarbeite Uplink für Gerät: AABBCC01020307
2026-03-21 09:43:20,471 - uplink - INFO - Daten erfolgreich in DB gespeichert für AABBCC01020307: {'Type': 1, 'Battery': 3.85, 'Temperature': 18.4, 'T_min': 17.7, 'T_max': 19.2, 'Humidity': 39.4, 'Pressure': 1015.1, 'Irradiation': 0, 'Irr_max': 20, 'Rain': 0.0, 'Rain_min_time': 0.0}
2026-03-21 09:43:27,978 - uplink - INFO - Verarbeite Uplink für Gerät: AABBCC01020316
2026-03-21 09:43:27,986 - uplink - INFO - Daten erfolgreich in DB gespeichert für AABBCC01020316: {'Type': 1, 'Battery': 4.2, 'Temperature': 24.4, 'T_min': 23.0, 'T_max': 24.9, 'Humidity': 54.0, 'Pressure': 1017.25, 'Irradiation': 2, 'Irr_max': 40, 'Rain': 0.0, 'Rain_min_time': 0.0}
2026-03-21 09:43:30,067 - uplink - INFO - Verarbeite Uplink für Gerät: AABBCC01020412
2026-03-21 09:43:30,074 - uplink - INFO - Daten erfolgreich in DB gespeichert für AABBCC01020412: {'Type': 1, 'Battery': 3.85, 'Temperature': 16.9, 'T_min': 16.3, 'T_max': 17.3, 'Humidity': 42.8, 'Pressure': 1012.0, 'Irradiation': 0, 'Irr_max': 46, 'Rain': 0.0, 'Rain_min_time': 0.0}
2026-03-21 09:43:30,498 - uplink - INFO - Verarbeite Uplink für Gerät: AABBCC01020307
2026-03-21 09:43:30,506 - uplink - INFO - Daten erfolgreich in DB gespeichert für AABBCC01020307: {'Type': 1, 'Battery': 3.85, 'Temperature': 18.4, 'T_min': 17.4, 'T_max': 18.8, 'Humidity': 39.4, 'Pressure': 1015.1, 'Irradiation': 0, 'Irr_max': 36, 'Rain': 0.0, 'Rain_min_time': 0.0}
2026-03-21 09:43:38,002 - uplink - INFO - Verarbeite Uplink für Gerät: AABBCC01020316
2026-03-21 09:43:38,010 - uplink - INFO - Daten erfolgreich in DB gespeichert für AABBCC01020316: {'Type': 1, 'Battery': 4.2, 'Temperature': 24.4, 'T_min': 23.2, 'T_max': 25.5, 'Humidity': 54.0, 'Pressure': 1017.25, 'Irradiation': 0, 'Irr_max': 42, 'Rain': 2.0, 'Rain_min_time': 0.0}
2026-03-21 09:43:40,096 - uplink - INFO - Verarbeite Uplink für Gerät: AABBCC01020412
2026-03-21 09:43:40,104 - uplink - INFO - Daten erfolgreich in DB gespeichert für AABBCC01020412: {'Type': 1, 'Battery': 3.85, 'Temperature': 16.9, 'T_min': 16.4, 'T_max': 17.2, 'Humidity': 42.8, 'Pressure': 1012.0, 'Irradiation': 0, 'Irr_max': 42, 'Rain': 0.0, 'Rain_min_time': 0.0}
2026-03-21 09:43:40,528 - uplink - INFO - Verarbeite Uplink für Gerät: AABBCC01020307
2026-03-21 09:43:40,536 - uplink - INFO - Daten erfolgreich in DB gespeichert für AABBCC01020307: {'Type': 1, 'Battery': 3.85, 'Temperature': 18.4, 'T_min': 17.2, 'T_max': 19.1, 'Humidity': 39.4, 'Pressure': 1015.1, 'Irradiation': 2, 'Irr_max': 4, 'Rain': 0.0, 'Rain_min_time': 0.0}
2026-03-21 09:43:48,027 - uplink - INFO - Verarbeite Uplink für Gerät: AABBCC01020316
2026-03-21 09:43:48,034 - uplink - INFO - Daten erfolgreich in DB gespeichert für AABBCC01020316: {'Type': 1, 'Battery': 4.2, 'Temperature': 24.4, 'T_min': 23.4, 'T_max': 25.0, 'Humidity': 54.0, 'Pressure': 1017.25, 'Irradiation': 2, 'Irr_max': 28, 'Rain': 0.0, 'Rain_min_time': 0.0}
2026-03-21 09:43:50,119 - uplink - INFO - Verarbeite Uplink für Gerät: AABBCC01020412
2026-03-21 09:43:50,126 - uplink - INFO - Daten erfolgreich in DB gespeichert für AABBCC01020412: {'Type': 1, 'Battery': 3.85, 'Temperature': 16.9, 'T_min': 16.8, 'T_max': 18.2, 'Humidity': 42.8, 'Pressure': 1012.0, 'Irradiation': 0, 'Irr_max': 46, 'Rain': 0.0, 'Rain_min_time': 0.0}
2026-03-21 09:43:50,553 - uplink - INFO - Verarbeite Uplink für Gerät: AABBCC01020307
2026-03-21 09:43:50,560 - uplink - INFO - Daten erfolgreich in DB gespeichert für AABBCC01020307: {'Type': 1, 'Battery': 3.85, 'Temperature': 18.4, 'T_min': 17.7, 'T_max': 18.9, 'Humidity': 39.4, 'Pressure': 1015.1, 'Irradiation': 2, 'Irr_max': 22, 'Rain': 0.0, 'Rain_min_time': 0.0}
2026-03-21 09:43:58,054 - uplink - INFO - Verarbeite Uplink für Gerät: AABBCC01020316
2026-03-21 09:43:58,062 - uplink - INFO - Daten erfolgreich in DB gespeichert für AABBCC01020316: {'Type': 1, 'Battery': 4.2, 'Temperature': 24.4, 'T_min': 23.8, 'T_max': 25.5, 'Humidity': 54.0, 'Pressure': 1017.25, 'Irradiation': 2, 'Irr_max': 6, 'Rain': 0.0, 'Rain_min_time': 0.0}
2026-03-21 09:44:00,148 - uplink - INFO - Verarbeite Uplink für Gerät: AABBCC01020412
2026-03-21 09:44:00,156 - uplink - INFO - Daten erfolgreich in DB gespeichert für AABBCC01020412: {'Type': 1, 'Battery': 3.85, 'Temperature': 16.9, 'T_min': 16.9, 'T_max': 17.9, 'Humidity': 42.8, 'Pressure': 1012.0, 'Irradiation': 0, 'Irr_max': 8, 'Rain': 0.0, 'Rain_min_time': 0.0}
2026-03-21 09:44:00,586 - uplink - INFO - Verarbeite Uplink für Gerät: AABBCC01020307
2026-03-21 09:44:00,593 - uplink - INFO - Daten erfolgreich in DB gespeichert für AABBCC01020307: {'Type': 1, 'Battery': 3.85, 'Temperature': 18.4, 'T_min': 17.7, 'T_max': 19.6, 'Humidity': 39.4, 'Pressure': 1015.1, 'Irradiation': 2, 'Irr_max': 48, 'Rain': 0.0, 'Rain_min_time': 0.0}
2026-03-21 09:44:08,088 - uplink - INFO - Verarbeite Uplink für Gerät: AABBCC01020316
2026-03-21 09:44:08,095 - uplink - INFO - Daten erfolgreich in DB gespeichert für AABBCC01020316: {'Type': 1, 'Battery': 4.2, 'Temperature': 24.4, 'T_min': 23.8, 'T_max': 24.9, 'Humidity': 54.2, 'Pressure': 1017.25, 'Irradiation': 2, 'Irr_max': 42, 'Rain': 0.0, 'Rain_min_time': 0.0}
2026-03-21 09:44:10,178 - uplink - INFO - Verarbeite Uplink für Gerät: AABBCC01020412
2026-03-21 09:44:10,186 - uplink - INFO - Daten erfolgreich in DB gespeichert für AABBCC01020412: {'Type': 1, 'Battery': 3.85, 'Temperature': 16.9, 'T_min': 16.0, 'T_max': 18.1, 'Humidity': 43.0, 'Pressure': 1012.0, 'Irradiation': 0, 'Irr_max': 28, 'Rain': 0.0, 'Rain_min_time': 0.0}
2026-03-21 09:44:10,597 - uplink - INFO - Verarbeite Uplink für Gerät: AABBCC01020307
2026-03-21 09:44:10,605 - uplink - INFO - Daten erfolgreich in DB gespeichert für AABBCC01020307: {'Type': 1, 'Battery': 3.85, 'Temperature': 18.4, 'T_min': 17.9, 'T_max': 19.3, 'Humidity': 39.4, 'Pressure': 1015.1, 'Irradiation': 2, 'Irr_max': 36, 'Rain': 0.0, 'Rain_min_time': 0.0}
2026-03-21 09:44:18,116 - uplink - INFO - Verarbeite Uplink für Gerät: AABBCC01020316
2026-03-21 09:44:18,124 - uplink - INFO - Daten erfolgreich in DB gespeichert für AABBCC01020316: {'Type': 1, 'Battery': 4.2, 'Temperature': 24.4, 'T_min': 24.1, 'T_max': 24.9, 'Humidity': 54.0, 'Pressure': 1017.25, 'Irradiation': 2, 'Irr_max': 42, 'Rain': 0.0, 'Rain_min_time': 0.0}
2026-03-21 09:44:20,209 - uplink - INFO - Verarbeite Uplink für Gerät: AABBCC01020412
2026-03-21 09:44:20,216 - uplink - INFO - Daten erfolgreich in DB gespeichert für AABBCC01020412: {'Type': 1, 'Battery': 3.85, 'Temperature': 16.9, 'T_min': 16.6, 'T_max': 17.1, 'Humidity': 43.0, 'Pressure': 1012.0, 'Irradiation': 0, 'Irr_max': 2, 'Rain': 0.0, 'Rain_min_time': 0.0}
2026-03-21 09:44:20,628 - uplink - INFO - Verarbeite Uplink für Gerät: AABBCC01020307
2026-03-21 09:44:20,635 - uplink - INFO - Daten erfolgreich in DB gespeichert für AABBCC01020307: {'Type': 1, 'Battery': 3.85, 'Temperature': 18.5, 'T_min': 17.0, 'T_max': 19.8, 'Humidity': 39.4, 'Pressure': 1015.1, 'Irradiation': 0, 'Irr_max': 26, 'Rain': 0.0, 'Rain_min_time': 0.0}
2026-03-21 09:44:28,144 - uplink - INFO - Verarbeite Uplink für Gerät: AABBCC01020316
2026-03-21 09:44:28,151 - uplink - INFO - Daten erfolgreich in DB gespeichert für AABBCC01020316: {'Type': 1, 'Battery': 4.2, 'Temperature': 24.4, 'T_min': 24.0, 'T_max': 25.2, 'Humidity': 54.0, 'Pressure': 1017.25, 'Irradiation': 2, 'Irr_max': 16, 'Rain': 0.0, 'Rain_min_time': 0.0}
2026-03-21 09:44:30,221 - uplink - INFO - Verarbeite Uplink für Gerät: AABBCC01020412
2026-03-21 09:44:30,229 - uplink - INFO - Daten erfolgreich in DB gespeichert für AABBCC01020412: {'Type': 1, 'Battery': 3.85, 'Temperature': 16.9, 'T_min': 15.8, 'T_max': 17.0, 'Humidity': 43.0, 'Pressure': 1012.0, 'Irradiation': 0, 'Irr_max': 24, 'Rain': 0.0, 'Rain_min_time': 0.0}
2026-03-21 09:44:30,654 - uplink - INFO - Verarbeite Uplink für Gerät: AABBCC01020307
2026-03-21 09:44:30,663 - uplink - INFO - Daten erfolgreich in DB gespeichert für AABBCC01020307: {'Type': 1, 'Battery': 3.85, 'Temperature': 18.5, 'T_min': 17.0, 'T_max': 19.1, 'Humidity': 39.4, 'Pressure': 1015.1, 'Irradiation': 0, 'Irr_max': 38, 'Rain': 0.0, 'Rain_min_time': 0.0}
2026-03-21 09:44:38,170 - uplink - INFO - Verarbeite Uplink für Gerät: AABBCC01020316
2026-03-21 09:44:38,178 - uplink - INFO - Daten erfolgreich in DB gespeichert für AABBCC01020316: {'Type': 1, 'Battery': 4.2, 'Temperature': 24.4, 'T_min': 23.3, 'T_max': 25.0, 'Humidity': 54.0, 'Pressure': 1017.25, 'Irradiation': 2, 'Irr_max': 46, 'Rain': 0.0, 'Rain_min_time': 0.0}
2026-03-21 09:44:40,250 - uplink - INFO - Verarbeite Uplink für Gerät: AABBCC01020412
2026-03-21 09:44:40,258 - uplink - INFO - Daten erfolgreich in DB gespeichert für AABBCC01020412: {'Type': 1, 'Battery': 3.85, 'Temperature': 16.9, 'T_min': 16.8, 'T_max': 18.2, 'Humidity': 43.0, 'Pressure': 1012.0, 'Irradiation': 2, 'Irr_max': 36, 'Rain': 0.0, 'Rain_min_time': 0.0}
2026-03-21 09:44:40,685 - uplink - INFO - Verarbeite Uplink für Gerät: AABBCC01020307
2026-03-21 09:44:40,695 - uplink - INFO - Daten erfolgreich in DB gespeichert für AABBCC01020307: {'Type': 1, 'Battery': 3.85, 'Temperature': 18.5, 'T_min': 17.9, 'T_max': 19.7, 'Humidity': 39.4, 'Pressure': 1015.1, 'Irradiation': 0, 'Irr_max': 32, 'Rain': 4.0, 'Rain_min_time': 0.0}
2026-03-21 09:44:48,183 - uplink - INFO - Verarbeite Uplink für Gerät: AABBCC01020316
2026-03-21 09:44:48,191 - uplink - INFO - Daten erfolgreich in DB gespeichert für AABBCC01020316: {'Type': 1, 'Battery': 4.2, 'Temperature': 24.4, 'T_min': 23.4, 'T_max': 25.0, 'Humidity': 54.0, 'Pressure': 1017.25, 'Irradiation': 0, 'Irr_max': 6, 'Rain': 0.0, 'Rain_min_time': 0.0}
2026-03-21 09:44:50,279 - uplink - INFO - Verarbeite Uplink für Gerät: AABBCC01020412
2026-03-21 09:44:50,286 - uplink - INFO - Daten erfolgreich in DB gespeichert für AABBCC01020412: {'Type': 1, 'Battery': 3.85, 'Temperature': 16.9, 'T_min': 15.8, 'T_max': 17.7, 'Humidity': 43.0, 'Pressure': 1012.0, 'Irradiation': 4, 'Irr_max': 16, 'Rain': 0.0, 'Rain_min_time': 0.0}
2026-03-21 09:44:50,710 - uplink - INFO - Verarbeite Uplink für Gerät: AABBCC01020307
2026-03-21 09:44:50,717 - uplink - INFO - Daten erfolgreich in DB gespeichert für AABBCC01020307: {'Type': 1, 'Battery': 3.85, 'Temperature': 18.5, 'T_min': 17.3, 'T_max': 19.9, 'Humidity': 39.4, 'Pressure': 1015.1, 'Irradiation': 0, 'Irr_max': 18, 'Rain': 0.0, 'Rain_min_time': 0.0}
2026-03-21 09:44:58,216 - uplink - INFO - Verarbeite Uplink für Gerät: AABBCC01020316
2026-03-21 09:44:58,224 - uplink - INFO - Daten erfolgreich in DB gespeichert für AABBCC01020316: {'Type': 1, 'Battery': 4.2, 'Temperature': 24.4, 'T_min': 23.6, 'T_max': 24.9, 'Humidity': 54.0, 'Pressure': 1017.25, 'Irradiation': 0, 'Irr_max': 30, 'Rain': 0.0, 'Rain_min_time': 0.0}
2026-03-21 09:45:00,309 - uplink - INFO - Verarbeite Uplink für Gerät: AABBCC01020412
2026-03-21 09:45:00,316 - uplink - INFO - Daten erfolgreich in DB gespeichert für AABBCC01020412: {'Type': 1, 'Battery': 3.85, 'Temperature': 16.9, 'T_min': 15.5, 'T_max': 18.1, 'Humidity': 43.0, 'Pressure': 1012.0, 'Irradiation': 0, 'Irr_max': 36, 'Rain': 0.0, 'Rain_min_time': 0.0}
2026-03-21 09:45:00,722 - uplink - INFO - Verarbeite Uplink für Gerät: AABBCC01020307
2026-03-21 09:45:00,730 - uplink - INFO - Daten erfolgreich in DB gespeichert für AABBCC01020307: {'Type': 1, 'Battery': 3.85, 'Temperature': 18.5, 'T_min': 17.1, 'T_max': 19.9, 'Humidity': 39.4, 'Pressure': 1015.1, 'Irradiation': 0, 'Irr_max': 44, 'Rain': 0.0, 'Rain_min_time': 0.0}
2026-03-21 09:45:08,244 - uplink - INFO - Verarbeite Uplink für Gerät: AABBCC01020316
2026-03-21 09:45:08,252 - uplink - INFO - Daten erfolgreich in DB gespeichert für AABBCC01020316: {'Type': 1, 'Battery': 4.2, 'Temperature': 24.4, 'T_min': 24.0, 'T_max': 25.9, 'Humidity': 54.0, 'Pressure': 1017.25, 'Irradiation': 0, 'Irr_max': 30, 'Rain': 0.0, 'Rain_min_time': 0.0}
2026-03-21 09:45:10,735 - uplink - INFO - Verarbeite Uplink für Gerät: AABBCC01020307
2026-03-21 09:45:10,742 - uplink - INFO - Daten erfolgreich in DB gespeichert für AABBCC01020307: {'Type': 1, 'Battery': 3.85, 'Temperature': 18.5, 'T_min': 17.1, 'T_max': 19.3, 'Humidity': 39.4, 'Pressure': 1015.05, 'Irradiation': 0, 'Irr_max': 36, 'Rain': 0.0, 'Rain_min_time': 0.0}
2026-03-21 09:45:18,273 - uplink - INFO - Verarbeite Uplink für Gerät: AABBCC01020316
2026-03-21 09:45:18,281 - uplink - INFO - Daten erfolgreich in DB gespeichert für AABBCC01020316: {'Type': 1, 'Battery': 4.2, 'Temperature': 24.4, 'T_min': 23.8, 'T_max': 25.5, 'Humidity': 54.0, 'Pressure': 1017.25, 'Irradiation': 2, 'Irr_max': 48, 'Rain': 0.0, 'Rain_min_time': 0.0}
2026-03-21 09:45:20,769 - uplink - INFO - Verarbeite Uplink für Gerät: AABBCC01020307
2026-03-21 09:45:20,776 - uplink - INFO - Daten erfolgreich in DB gespeichert für AABBCC01020307: {'Type': 1, 'Battery': 3.85, 'Temperature': 18.5, 'T_min': 17.0, 'T_max': 19.2, 'Humidity': 39.4, 'Pressure': 1015.05, 'Irradiation': 0, 'Irr_max': 10, 'Rain': 0.0, 'Rain_min_time': 0.0}
2026-03-21 09:45:28,286 - uplink - INFO - Verarbeite Uplink für Gerät: AABBCC01020316
2026-03-21 09:45:28,294 - uplink - INFO - Daten erfolgreich in DB gespeichert für AABBCC01020316: {'Type': 1, 'Battery': 4.2, 'Temperature': 24.4, 'T_min': 23.9, 'T_max': 24.5, 'Humidity': 54.0, 'Pressure': 1017.25, 'Irradiation': 2, 'Irr_max': 28, 'Rain': 0.0, 'Rain_min_time': 0.0}
2026-03-21 09:45:30,803 - uplink - INFO - Verarbeite Uplink für Gerät: AABBCC01020307
2026-03-21 09:45:30,811 - uplink - INFO - Daten erfolgreich in DB gespeichert für AABBCC01020307: {'Type': 1, 'Battery': 3.85, 'Temperature': 18.5, 'T_min': 18.2, 'T_max': 19.0, 'Humidity': 39.4, 'Pressure': 1015.05, 'Irradiation': 0, 'Irr_max': 6, 'Rain': 0.0, 'Rain_min_time': 0.0}
2026-03-21 09:45:38,298 - uplink - INFO - Verarbeite Uplink für Gerät: AABBCC01020316
2026-03-21 09:45:38,305 - uplink - INFO - Daten erfolgreich in DB gespeichert für AABBCC01020316: {'Type': 1, 'Battery': 4.2, 'Temperature': 24.4, 'T_min': 23.0, 'T_max': 24.5, 'Humidity': 54.0, 'Pressure': 1017.25, 'Irradiation': 2, 'Irr_max': 10, 'Rain': 2.0, 'Rain_min_time': 0.0}
2026-03-21 09:45:40,829 - uplink - INFO - Verarbeite Uplink für Gerät: AABBCC01020307
2026-03-21 09:45:40,838 - uplink - INFO - Daten erfolgreich in DB gespeichert für AABBCC01020307: {'Type': 1, 'Battery': 3.85, 'Temperature': 18.5, 'T_min': 17.3, 'T_max': 19.4, 'Humidity': 39.4, 'Pressure': 1015.1, 'Irradiation': 2, 'Irr_max': 46, 'Rain': 0.0, 'Rain_min_time': 0.0}
2026-03-21 09:45:48,329 - uplink - INFO - Verarbeite Uplink für Gerät: AABBCC01020316
2026-03-21 09:45:48,337 - uplink - INFO - Daten erfolgreich in DB gespeichert für AABBCC01020316: {'Type': 1, 'Battery': 4.2, 'Temperature': 24.4, 'T_min': 23.1, 'T_max': 25.6, 'Humidity': 54.2, 'Pressure': 1017.25, 'Irradiation': 2, 'Irr_max': 46, 'Rain': 0.0, 'Rain_min_time': 0.0}
2026-03-21 09:45:50,860 - uplink - INFO - Verarbeite Uplink für Gerät: AABBCC01020307
2026-03-21 09:45:50,869 - uplink - INFO - Daten erfolgreich in DB gespeichert für AABBCC01020307: {'Type': 1, 'Battery': 3.85, 'Temperature': 18.5, 'T_min': 17.2, 'T_max': 18.6, 'Humidity': 39.4, 'Pressure': 1015.05, 'Irradiation': 0, 'Irr_max': 32, 'Rain': 0.0, 'Rain_min_time': 0.0}
2026-03-21 09:45:58,342 - uplink - INFO - Verarbeite Uplink für Gerät: AABBCC01020316
2026-03-21 09:45:58,352 - uplink - INFO - Daten erfolgreich in DB gespeichert für AABBCC01020316: {'Type': 1, 'Battery': 4.2, 'Temperature': 24.4, 'T_min': 23.9, 'T_max': 25.3, 'Humidity': 54.0, 'Pressure': 1017.25, 'Irradiation': 2, 'Irr_max': 46, 'Rain': 0.0, 'Rain_min_time': 0.0}
2026-03-21 09:46:00,889 - uplink - INFO - Verarbeite Uplink für Gerät: AABBCC01020307
2026-03-21 09:46:00,897 - uplink - INFO - Daten erfolgreich in DB gespeichert für AABBCC01020307: {'Type': 1, 'Battery': 3.85, 'Temperature': 18.5, 'T_min': 18.0, 'T_max': 19.5, 'Humidity': 39.4, 'Pressure': 1015.05, 'Irradiation': 0, 'Irr_max': 36, 'Rain': 0.0, 'Rain_min_time': 0.0}
2026-03-21 09:46:08,370 - uplink - INFO - Verarbeite Uplink für Gerät: AABBCC01020316
2026-03-21 09:46:08,377 - uplink - INFO - Daten erfolgreich in DB gespeichert für AABBCC01020316: {'Type': 1, 'Battery': 4.2, 'Temperature': 24.4, 'T_min': 23.2, 'T_max': 24.5, 'Humidity': 54.0, 'Pressure': 1017.25, 'Irradiation': 4, 'Irr_max': 52, 'Rain': 0.0, 'Rain_min_time': 0.0}
2026-03-21 09:46:10,918 - uplink - INFO - Verarbeite Uplink für Gerät: AABBCC01020307
2026-03-21 09:46:10,925 - uplink - INFO - Daten erfolgreich in DB gespeichert für AABBCC01020307: {'Type': 1, 'Battery': 3.85, 'Temperature': 18.5, 'T_min': 17.8, 'T_max': 19.8, 'Humidity': 39.4, 'Pressure': 1015.05, 'Irradiation': 0, 'Irr_max': 18, 'Rain': 0.0, 'Rain_min_time': 0.0}
2026-03-21 09:46:18,399 - uplink - INFO - Verarbeite Uplink für Gerät: AABBCC01020316
2026-03-21 09:46:18,408 - uplink - INFO - Daten erfolgreich in DB gespeichert für AABBCC01020316: {'Type': 1, 'Battery': 4.2, 'Temperature': 24.4, 'T_min': 23.2, 'T_max': 25.1, 'Humidity': 54.0, 'Pressure': 1017.25, 'Irradiation': 2, 'Irr_max': 26, 'Rain': 0.0, 'Rain_min_time': 0.0}
2026-03-21 09:46:20,931 - uplink - INFO - Verarbeite Uplink für Gerät: AABBCC01020307
2026-03-21 09:46:20,939 - uplink - INFO - Daten erfolgreich in DB gespeichert für AABBCC01020307: {'Type': 1, 'Battery': 3.85, 'Temperature': 18.5, 'T_min': 17.1, 'T_max': 19.1, 'Humidity': 39.4, 'Pressure': 1015.1, 'Irradiation': 2, 'Irr_max': 42, 'Rain': 0.0, 'Rain_min_time': 0.0}
2026-03-21 09:46:28,431 - uplink - INFO - Verarbeite Uplink für Gerät: AABBCC01020316
2026-03-21 09:46:28,439 - uplink - INFO - Daten erfolgreich in DB gespeichert für AABBCC01020316: {'Type': 1, 'Battery': 4.2, 'Temperature': 24.4, 'T_min': 23.4, 'T_max': 25.6, 'Humidity': 54.0, 'Pressure': 1017.25, 'Irradiation': 2, 'Irr_max': 20, 'Rain': 0.0, 'Rain_min_time': 0.0}
2026-03-21 09:46:30,963 - uplink - INFO - Verarbeite Uplink für Gerät: AABBCC01020307
2026-03-21 09:46:30,971 - uplink - INFO - Daten erfolgreich in DB gespeichert für AABBCC01020307: {'Type': 1, 'Battery': 3.85, 'Temperature': 18.5, 'T_min': 17.8, 'T_max': 19.2, 'Humidity': 39.4, 'Pressure': 1015.05, 'Irradiation': 2, 'Irr_max': 28, 'Rain': 0.0, 'Rain_min_time': 0.0}
2026-03-21 09:46:38,454 - uplink - INFO - Verarbeite Uplink für Gerät: AABBCC01020316
2026-03-21 09:46:38,462 - uplink - INFO - Daten erfolgreich in DB gespeichert für AABBCC01020316: {'Type': 1, 'Battery': 4.2, 'Temperature': 24.4, 'T_min': 23.9, 'T_max': 25.5, 'Humidity': 54.0, 'Pressure': 1017.25, 'Irradiation': 4, 'Irr_max': 28, 'Rain': 0.0, 'Rain_min_time': 0.0}
2026-03-21 09:46:40,974 - uplink - INFO - Verarbeite Uplink für Gerät: AABBCC01020307
2026-03-21 09:46:40,984 - uplink - INFO - Daten erfolgreich in DB gespeichert für AABBCC01020307: {'Type': 1, 'Battery': 3.85, 'Temperature': 18.5, 'T_min': 17.9, 'T_max': 18.9, 'Humidity': 39.4, 'Pressure': 1015.05, 'Irradiation': 2, 'Irr_max': 28, 'Rain': 0.0, 'Rain_min_time': 0.0}
2026-03-21 09:46:48,479 - uplink - INFO - Verarbeite Uplink für Gerät: AABBCC01020316
2026-03-21 09:46:48,488 - uplink - INFO - Daten erfolgreich in DB gespeichert für AABBCC01020316: {'Type': 1, 'Battery': 4.2, 'Temperature': 24.4, 'T_min': 22.9, 'T_max': 25.2, 'Humidity': 54.0, 'Pressure': 1017.25, 'Irradiation': 0, 'Irr_max': 36, 'Rain': 0.0, 'Rain_min_time': 0.0}
2026-03-21 09:46:50,989 - uplink - INFO - Verarbeite Uplink für Gerät: AABBCC01020307
2026-03-21 09:46:50,997 - uplink - INFO - Daten erfolgreich in DB gespeichert für AABBCC01020307: {'Type': 1, 'Battery': 3.85, 'Temperature': 18.5, 'T_min': 18.3, 'T_max': 19.9, 'Humidity': 39.4, 'Pressure': 1015.05, 'Irradiation': 2, 'Irr_max': 30, 'Rain': 4.0, 'Rain_min_time': 0.0}
2026-03-21 09:46:58,512 - uplink - INFO - Verarbeite Uplink für Gerät: AABBCC01020316
2026-03-21 09:46:58,520 - uplink - INFO - Daten erfolgreich in DB gespeichert für AABBCC01020316: {'Type': 1, 'Battery': 4.2, 'Temperature': 24.4, 'T_min': 23.3, 'T_max': 25.4, 'Humidity': 54.0, 'Pressure': 1017.25, 'Irradiation': 2, 'Irr_max': 18, 'Rain': 3.0, 'Rain_min_time': 0.0}
2026-03-21 09:47:01,026 - uplink - INFO - Verarbeite Uplink für Gerät: AABBCC01020307
2026-03-21 09:47:01,033 - uplink - INFO - Daten erfolgreich in DB gespeichert für AABBCC01020307: {'Type': 1, 'Battery': 3.85, 'Temperature': 18.5, 'T_min': 17.2, 'T_max': 18.7, 'Humidity': 39.4, 'Pressure': 1015.05, 'Irradiation': 2, 'Irr_max': 40, 'Rain': 0.0, 'Rain_min_time': 0.0}
2026-03-21 09:47:08,534 - uplink - INFO - Verarbeite Uplink für Gerät: AABBCC01020316
2026-03-21 09:47:08,542 - uplink - INFO - Daten erfolgreich in DB gespeichert für AABBCC01020316: {'Type': 1, 'Battery': 4.2, 'Temperature': 24.4, 'T_min': 23.5, 'T_max': 24.7, 'Humidity': 54.0, 'Pressure': 1017.25, 'Irradiation': 2, 'Irr_max': 44, 'Rain': 0.0, 'Rain_min_time': 0.0}
2026-03-21 09:47:11,059 - uplink - INFO - Verarbeite Uplink für Gerät: AABBCC01020307
2026-03-21 09:47:11,067 - uplink - INFO - Daten erfolgreich in DB gespeichert für AABBCC01020307: {'Type': 1, 'Battery': 3.85, 'Temperature': 18.5, 'T_min': 17.1, 'T_max': 18.7, 'Humidity': 39.4, 'Pressure': 1015.05, 'Irradiation': 0, 'Irr_max': 30, 'Rain': 0.0, 'Rain_min_time': 0.0}
2026-03-21 09:47:18,564 - uplink - INFO - Verarbeite Uplink für Gerät: AABBCC01020316
2026-03-21 09:47:18,572 - uplink - INFO - Daten erfolgreich in DB gespeichert für AABBCC01020316: {'Type': 1, 'Battery': 4.2, 'Temperature': 24.4, 'T_min': 23.9, 'T_max': 25.3, 'Humidity': 54.0, 'Pressure': 1017.25, 'Irradiation': 0, 'Irr_max': 40, 'Rain': 0.0, 'Rain_min_time': 0.0}
2026-03-21 09:47:21,095 - uplink - INFO - Verarbeite Uplink für Gerät: AABBCC01020307
2026-03-21 09:47:21,103 - uplink - INFO - Daten erfolgreich in DB gespeichert für AABBCC01020307: {'Type': 1, 'Battery': 3.85, 'Temperature': 18.5, 'T_min': 17.6, 'T_max': 19.8, 'Humidity': 39.4, 'Pressure': 1015.05, 'Irradiation': 0, 'Irr_max': 30, 'Rain': 0.0, 'Rain_min_time': 0.0}
2026-03-21 09:47:28,597 - uplink - INFO - Verarbeite Uplink für Gerät: AABBCC01020316
2026-03-21 09:47:28,605 - uplink - INFO - Daten erfolgreich in DB gespeichert für AABBCC01020316: {'Type': 1, 'Battery': 4.2, 'Temperature': 24.4, 'T_min': 23.7, 'T_max': 25.9, 'Humidity': 54.0, 'Pressure': 1017.25, 'Irradiation': 0, 'Irr_max': 40, 'Rain': 0.0, 'Rain_min_time': 0.0}
2026-03-21 09:47:31,125 - uplink - INFO - Verarbeite Uplink für Gerät: AABBCC01020307
2026-03-21 09:47:31,134 - uplink - INFO - Daten erfolgreich in DB gespeichert für AABBCC01020307: {'Type': 1, 'Battery': 3.85, 'Temperature': 18.5, 'T_min': 17.2, 'T_max': 19.1, 'Humidity': 39.4, 'Pressure': 1015.1, 'Irradiation': 0, 'Irr_max': 26, 'Rain': 0.0, 'Rain_min_time': 0.0}
2026-03-21 09:47:38,609 - uplink - INFO - Verarbeite Uplink für Gerät: AABBCC01020316
2026-03-21 09:47:38,617 - uplink - INFO - Daten erfolgreich in DB gespeichert für AABBCC01020316: {'Type': 1, 'Battery': 4.2, 'Temperature': 24.4, 'T_min': 24.4, 'T_max': 24.4, 'Humidity': 54.0, 'Pressure': 1017.25, 'Irradiation': 0, 'Irr_max': 16, 'Rain': 0.0, 'Rain_min_time': 0.0}
2026-03-21 09:47:41,148 - uplink - INFO - Verarbeite Uplink für Gerät: AABBCC01020307
2026-03-21 09:47:41,155 - uplink - INFO - Daten erfolgreich in DB gespeichert für AABBCC01020307: {'Type': 1, 'Battery': 3.85, 'Temperature': 18.5, 'T_min': 18.3, 'T_max': 18.6, 'Humidity': 39.4, 'Pressure': 1015.1, 'Irradiation': 2, 'Irr_max': 22, 'Rain': 0.0, 'Rain_min_time': 0.0}
2026-03-21 09:47:48,636 - uplink - INFO - Verarbeite Uplink für Gerät: AABBCC01020316
2026-03-21 09:47:48,645 - uplink - INFO - Daten erfolgreich in DB gespeichert für AABBCC01020316: {'Type': 1, 'Battery': 4.2, 'Temperature': 24.4, 'T_min': 23.3, 'T_max': 25.2, 'Humidity': 54.0, 'Pressure': 1017.25, 'Irradiation': 0, 'Irr_max': 22, 'Rain': 0.0, 'Rain_min_time': 0.0}
2026-03-21 09:47:51,169 - uplink - INFO - Verarbeite Uplink für Gerät: AABBCC01020307
2026-03-21 09:47:51,176 - uplink - INFO - Daten erfolgreich in DB gespeichert für AABBCC01020307: {'Type': 1, 'Battery': 3.85, 'Temperature': 18.5, 'T_min': 18.0, 'T_max': 18.8, 'Humidity': 39.4, 'Pressure': 1015.1, 'Irradiation': 0, 'Irr_max': 26, 'Rain': 0.0, 'Rain_min_time': 0.0}
2026-03-21 09:47:58,650 - uplink - INFO - Verarbeite Uplink für Gerät: AABBCC01020316
2026-03-21 09:47:58,661 - uplink - INFO - Daten erfolgreich in DB gespeichert für AABBCC01020316: {'Type': 1, 'Battery': 4.2, 'Temperature': 24.4, 'T_min': 23.6, 'T_max': 25.0, 'Humidity': 54.0, 'Pressure': 1017.25, 'Irradiation': 0, 'Irr_max': 2, 'Rain': 0.0, 'Rain_min_time': 0.0}
2026-03-21 09:48:01,199 - uplink - INFO - Verarbeite Uplink für Gerät: AABBCC01020307
2026-03-21 09:48:01,207 - uplink - INFO - Daten erfolgreich in DB gespeichert für AABBCC01020307: {'Type': 1, 'Battery': 3.85, 'Temperature': 18.5, 'T_min': 18.1, 'T_max': 19.2, 'Humidity': 39.4, 'Pressure': 1015.1, 'Irradiation': 0, 'Irr_max': 22, 'Rain': 0.0, 'Rain_min_time': 0.0}
2026-03-21 09:48:08,678 - uplink - INFO - Verarbeite Uplink für Gerät: AABBCC01020316
2026-03-21 09:48:08,686 - uplink - INFO - Daten erfolgreich in DB gespeichert für AABBCC01020316: {'Type': 1, 'Battery': 4.2, 'Temperature': 24.4, 'T_min': 23.5, 'T_max': 25.4, 'Humidity': 54.0, 'Pressure': 1017.25, 'Irradiation': 0, 'Irr_max': 8, 'Rain': 0.0, 'Rain_min_time': 0.0}
2026-03-21 09:48:11,210 - uplink - INFO - Verarbeite Uplink für Gerät: AABBCC01020307
2026-03-21 09:48:11,218 - uplink - INFO - Daten erfolgreich in DB gespeichert für AABBCC01020307: {'Type': 1, 'Battery': 3.85, 'Temperature': 18.5, 'T_min': 18.4, 'T_max': 19.9, 'Humidity': 39.4, 'Pressure': 1015.1, 'Irradiation': 0, 'Irr_max': 34, 'Rain': 0.0, 'Rain_min_time': 0.0}
2026-03-21 09:48:18,704 - uplink - INFO - Verarbeite Uplink für Gerät: AABBCC01020316
2026-03-21 09:48:18,719 - uplink - INFO - Daten erfolgreich in DB gespeichert für AABBCC01020316: {'Type': 1, 'Battery': 4.2, 'Temperature': 24.4, 'T_min': 23.2, 'T_max': 25.3, 'Humidity': 54.0, 'Pressure': 1017.25, 'Irradiation': 0, 'Irr_max': 6, 'Rain': 0.0, 'Rain_min_time': 0.0}
2026-03-21 09:48:21,231 - uplink - INFO - Verarbeite Uplink für Gerät: AABBCC01020307
2026-03-21 09:48:21,240 - uplink - INFO - Daten erfolgreich in DB gespeichert für AABBCC01020307: {'Type': 1, 'Battery': 3.85, 'Temperature': 18.5, 'T_min': 17.2, 'T_max': 19.2, 'Humidity': 39.4, 'Pressure': 1015.1, 'Irradiation': 2, 'Irr_max': 40, 'Rain': 0.0, 'Rain_min_time': 0.0}
2026-03-21 09:48:28,734 - uplink - INFO - Verarbeite Uplink für Gerät: AABBCC01020316
2026-03-21 09:48:28,742 - uplink - INFO - Daten erfolgreich in DB gespeichert für AABBCC01020316: {'Type': 1, 'Battery': 4.2, 'Temperature': 24.4, 'T_min': 23.9, 'T_max': 24.5, 'Humidity': 54.0, 'Pressure': 1017.25, 'Irradiation': 0, 'Irr_max': 40, 'Rain': 0.0, 'Rain_min_time': 0.0}
2026-03-21 09:48:31,245 - uplink - INFO - Verarbeite Uplink für Gerät: AABBCC01020307
2026-03-21 09:48:31,253 - uplink - INFO - Daten erfolgreich in DB gespeichert für AABBCC01020307: {'Type': 1, 'Battery': 3.85, 'Temperature': 18.5, 'T_min': 18.1, 'T_max': 19.5, 'Humidity': 39.4, 'Pressure': 1015.1, 'Irradiation': 0, 'Irr_max': 44, 'Rain': 0.0, 'Rain_min_time': 0.0}
2026-03-21 09:48:38,757 - uplink - INFO - Verarbeite Uplink für Gerät: AABBCC01020316
2026-03-21 09:48:38,765 - uplink - INFO - Daten erfolgreich in DB gespeichert für AABBCC01020316: {'Type': 1, 'Battery': 4.2, 'Temperature': 24.4, 'T_min': 24.1, 'T_max': 24.7, 'Humidity': 54.0, 'Pressure': 1017.25, 'Irradiation': 0, 'Irr_max': 48, 'Rain': 0.0, 'Rain_min_time': 0.0}
2026-03-21 09:48:41,277 - uplink - INFO - Verarbeite Uplink für Gerät: AABBCC01020307
2026-03-21 09:48:41,284 - uplink - INFO - Daten erfolgreich in DB gespeichert für AABBCC01020307: {'Type': 1, 'Battery': 3.85, 'Temperature': 18.5, 'T_min': 17.1, 'T_max': 19.2, 'Humidity': 39.4, 'Pressure': 1015.1, 'Irradiation': 0, 'Irr_max': 48, 'Rain': 0.0, 'Rain_min_time': 0.0}
2026-03-21 09:48:48,770 - uplink - INFO - Verarbeite Uplink für Gerät: AABBCC01020316
2026-03-21 09:48:48,778 - uplink - INFO - Daten erfolgreich in DB gespeichert für AABBCC01020316: {'Type': 1, 'Battery': 4.2, 'Temperature': 24.4, 'T_min': 24.3, 'T_max': 25.9, 'Humidity': 54.0, 'Pressure': 1017.25, 'Irradiation': 2, 'Irr_max': 26, 'Rain': 0.0, 'Rain_min_time': 0.0}
2026-03-21 09:48:51,289 - uplink - INFO - Verarbeite Uplink für Gerät: AABBCC01020307
2026-03-21 09:48:51,297 - uplink - INFO - Daten erfolgreich in DB gespeichert für AABBCC01020307: {'Type': 1, 'Battery': 3.85, 'Temperature': 18.5, 'T_min': 18.3, 'T_max': 19.5, 'Humidity': 39.4, 'Pressure': 1015.05, 'Irradiation': 0, 'Irr_max': 46, 'Rain': 0.0, 'Rain_min_time': 0.0}
2026-03-21 09:48:58,807 - uplink - INFO - Verarbeite Uplink für Gerät: AABBCC01020316
2026-03-21 09:48:58,814 - uplink - INFO - Daten erfolgreich in DB gespeichert für AABBCC01020316: {'Type': 1, 'Battery': 4.2, 'Temperature': 24.4, 'T_min': 23.5, 'T_max': 24.8, 'Humidity': 54.0, 'Pressure': 1017.25, 'Irradiation': 0, 'Irr_max': 12, 'Rain': 2.0, 'Rain_min_time': 0.0}
2026-03-21 09:49:01,315 - uplink - INFO - Verarbeite Uplink für Gerät: AABBCC01020307
2026-03-21 09:49:01,324 - uplink - INFO - Daten erfolgreich in DB gespeichert für AABBCC01020307: {'Type': 1, 'Battery': 3.85, 'Temperature': 18.5, 'T_min': 17.7, 'T_max': 19.6, 'Humidity': 39.4, 'Pressure': 1015.1, 'Irradiation': 0, 'Irr_max': 16, 'Rain': 0.0, 'Rain_min_time': 0.0}
2026-03-21 09:49:08,828 - uplink - INFO - Verarbeite Uplink für Gerät: AABBCC01020316
2026-03-21 09:49:08,836 - uplink - INFO - Daten erfolgreich in DB gespeichert für AABBCC01020316: {'Type': 1, 'Battery': 4.2, 'Temperature': 24.4, 'T_min': 24.4, 'T_max': 25.7, 'Humidity': 54.0, 'Pressure': 1017.25, 'Irradiation': 2, 'Irr_max': 6, 'Rain': 0.0, 'Rain_min_time': 0.0}
2026-03-21 09:49:11,328 - uplink - INFO - Verarbeite Uplink für Gerät: AABBCC01020307
2026-03-21 09:49:11,337 - uplink - INFO - Daten erfolgreich in DB gespeichert für AABBCC01020307: {'Type': 1, 'Battery': 3.85, 'Temperature': 18.5, 'T_min': 17.8, 'T_max': 20.0, 'Humidity': 39.6, 'Pressure': 1015.05, 'Irradiation': 0, 'Irr_max': 28, 'Rain': 0.0, 'Rain_min_time': 0.0}
2026-03-21 09:49:18,855 - uplink - INFO - Verarbeite Uplink für Gerät: AABBCC01020316
2026-03-21 09:49:18,863 - uplink - INFO - Daten erfolgreich in DB gespeichert für AABBCC01020316: {'Type': 1, 'Battery': 4.2, 'Temperature': 24.4, 'T_min': 23.5, 'T_max': 24.4, 'Humidity': 54.0, 'Pressure': 1017.25, 'Irradiation': 0, 'Irr_max': 40, 'Rain': 0.0, 'Rain_min_time': 0.0}
2026-03-21 09:49:21,357 - uplink - INFO - Verarbeite Uplink für Gerät: AABBCC01020307
2026-03-21 09:49:21,365 - uplink - INFO - Daten erfolgreich in DB gespeichert für AABBCC01020307: {'Type': 1, 'Battery': 3.85, 'Temperature': 18.5, 'T_min': 17.5, 'T_max': 19.2, 'Humidity': 39.4, 'Pressure': 1015.1, 'Irradiation': 0, 'Irr_max': 22, 'Rain': 0.0, 'Rain_min_time': 0.0}
2026-03-21 09:49:28,879 - uplink - INFO - Verarbeite Uplink für Gerät: AABBCC01020316
2026-03-21 09:49:28,887 - uplink - INFO - Daten erfolgreich in DB gespeichert für AABBCC01020316: {'Type': 1, 'Battery': 4.2, 'Temperature': 24.4, 'T_min': 23.7, 'T_max': 24.9, 'Humidity': 54.0, 'Pressure': 1017.25, 'Irradiation': 0, 'Irr_max': 46, 'Rain': 0.0, 'Rain_min_time': 0.0}
2026-03-21 09:49:31,389 - uplink - INFO - Verarbeite Uplink für Gerät: AABBCC01020307
2026-03-21 09:49:31,397 - uplink - INFO - Daten erfolgreich in DB gespeichert für AABBCC01020307: {'Type': 1, 'Battery': 3.85, 'Temperature': 18.5, 'T_min': 17.8, 'T_max': 19.7, 'Humidity': 39.4, 'Pressure': 1015.1, 'Irradiation': 0, 'Irr_max': 12, 'Rain': 0.0, 'Rain_min_time': 0.0}
2026-03-21 09:49:38,902 - uplink - INFO - Verarbeite Uplink für Gerät: AABBCC01020316
2026-03-21 09:49:38,909 - uplink - INFO - Daten erfolgreich in DB gespeichert für AABBCC01020316: {'Type': 1, 'Battery': 4.2, 'Temperature': 24.4, 'T_min': 24.2, 'T_max': 25.7, 'Humidity': 54.0, 'Pressure': 1017.25, 'Irradiation': 0, 'Irr_max': 8, 'Rain': 0.0, 'Rain_min_time': 0.0}
2026-03-21 09:49:41,424 - uplink - INFO - Verarbeite Uplink für Gerät: AABBCC01020307
2026-03-21 09:49:41,432 - uplink - INFO - Daten erfolgreich in DB gespeichert für AABBCC01020307: {'Type': 1, 'Battery': 3.85, 'Temperature': 18.5, 'T_min': 17.8, 'T_max': 19.5, 'Humidity': 39.4, 'Pressure': 1015.1, 'Irradiation': 0, 'Irr_max': 32, 'Rain': 0.0, 'Rain_min_time': 0.0}
2026-03-21 09:49:48,934 - uplink - INFO - Verarbeite Uplink für Gerät: AABBCC01020316
2026-03-21 09:49:48,942 - uplink - INFO - Daten erfolgreich in DB gespeichert für AABBCC01020316: {'Type': 1, 'Battery': 4.2, 'Temperature': 24.4, 'T_min': 23.8, 'T_max': 24.6, 'Humidity': 54.0, 'Pressure': 1017.25, 'Irradiation': 2, 'Irr_max': 6, 'Rain': 0.0, 'Rain_min_time': 0.0}
2026-03-21 09:49:51,452 - uplink - INFO - Verarbeite Uplink für Gerät: AABBCC01020307
2026-03-21 09:49:51,460 - uplink - INFO - Daten erfolgreich in DB gespeichert für AABBCC01020307: {'Type': 1, 'Battery': 3.85, 'Temperature': 18.5, 'T_min': 18.4, 'T_max': 19.8, 'Humidity': 39.4, 'Pressure': 1015.1, 'Irradiation': 0, 'Irr_max': 34, 'Rain': 0.0, 'Rain_min_time': 0.0}
2026-03-21 09:49:58,960 - uplink - INFO - Verarbeite Uplink für Gerät: AABBCC01020316
2026-03-21 09:49:58,968 - uplink - INFO - Daten erfolgreich in DB gespeichert für AABBCC01020316: {'Type': 1, 'Battery': 4.2, 'Temperature': 24.4, 'T_min': 24.1, 'T_max': 25.7, 'Humidity': 54.0, 'Pressure': 1017.25, 'Irradiation': 0, 'Irr_max': 18, 'Rain': 0.0, 'Rain_min_time': 0.0}
2026-03-21 09:50:01,465 - uplink - INFO - Verarbeite Uplink für Gerät: AABBCC01020307
2026-03-21 09:50:01,474 - uplink - INFO - Daten erfolgreich in DB gespeichert für AABBCC01020307: {'Type': 1, 'Battery': 3.85, 'Temperature': 18.5, 'T_min': 17.5, 'T_max': 18.7, 'Humidity': 39.4, 'Pressure': 1015.1, 'Irradiation': 0, 'Irr_max': 48, 'Rain': 0.0, 'Rain_min_time': 0.0}
2026-03-21 09:50:08,971 - uplink - INFO - Verarbeite Uplink für Gerät: AABBCC01020316
2026-03-21 09:50:08,979 - uplink - INFO - Daten erfolgreich in DB gespeichert für AABBCC01020316: {'Type': 1, 'Battery': 4.2, 'Temperature': 24.4, 'T_min': 24.3, 'T_max': 24.5, 'Humidity': 54.0, 'Pressure': 1017.25, 'Irradiation': 0, 'Irr_max': 30, 'Rain': 0.0, 'Rain_min_time': 0.0}
2026-03-21 09:50:11,486 - uplink - INFO - Verarbeite Uplink für Gerät: AABBCC01020307
2026-03-21 09:50:11,494 - uplink - INFO - Daten erfolgreich in DB gespeichert für AABBCC01020307: {'Type': 1, 'Battery': 3.85, 'Temperature': 18.5, 'T_min': 18.2, 'T_max': 19.1, 'Humidity': 39.4, 'Pressure': 1015.1, 'Irradiation': 0, 'Irr_max': 14, 'Rain': 0.0, 'Rain_min_time': 0.0}
2026-03-21 09:50:18,996 - uplink - INFO - Verarbeite Uplink für Gerät: AABBCC01020316
2026-03-21 09:50:19,003 - uplink - INFO - Daten erfolgreich in DB gespeichert für AABBCC01020316: {'Type': 1, 'Battery': 4.2, 'Temperature': 24.4, 'T_min': 22.9, 'T_max': 25.7, 'Humidity': 54.0, 'Pressure': 1017.25, 'Irradiation': 2, 'Irr_max': 34, 'Rain': 0.0, 'Rain_min_time': 0.0}
2026-03-21 09:50:21,509 - uplink - INFO - Verarbeite Uplink für Gerät: AABBCC01020307
2026-03-21 09:50:21,517 - uplink - INFO - Daten erfolgreich in DB gespeichert für AABBCC01020307: {'Type': 1, 'Battery': 3.85, 'Temperature': 18.5, 'T_min': 17.9, 'T_max': 19.5, 'Humidity': 39.4, 'Pressure': 1015.1, 'Irradiation': 0, 'Irr_max': 0, 'Rain': 0.0, 'Rain_min_time': 0.0}
2026-03-21 09:50:29,032 - uplink - INFO - Verarbeite Uplink für Gerät: AABBCC01020316
2026-03-21 09:50:29,040 - uplink - INFO - Daten erfolgreich in DB gespeichert für AABBCC01020316: {'Type': 1, 'Battery': 4.2, 'Temperature': 24.4, 'T_min': 24.2, 'T_max': 25.2, 'Humidity': 54.0, 'Pressure': 1017.25, 'Irradiation': 2, 'Irr_max': 36, 'Rain': 0.0, 'Rain_min_time': 0.0}
2026-03-21 09:50:31,523 - uplink - INFO - Verarbeite Uplink für Gerät: AABBCC01020307
2026-03-21 09:50:31,531 - uplink - INFO - Daten erfolgreich in DB gespeichert für AABBCC01020307: {'Type': 1, 'Battery': 3.85, 'Temperature': 18.5, 'T_min': 17.9, 'T_max': 19.0, 'Humidity': 39.4, 'Pressure': 1015.1, 'Irradiation': 0, 'Irr_max': 18, 'Rain': 0.0, 'Rain_min_time': 0.0}
2026-03-21 09:50:39,065 - uplink - INFO - Verarbeite Uplink für Gerät: AABBCC01020316
2026-03-21 09:50:39,072 - uplink - INFO - Daten erfolgreich in DB gespeichert für AABBCC01020316: {'Type': 1, 'Battery': 4.2, 'Temperature': 24.4, 'T_min': 23.9, 'T_max': 25.6, 'Humidity': 54.0, 'Pressure': 1017.25, 'Irradiation': 4, 'Irr_max': 14, 'Rain': 0.0, 'Rain_min_time': 0.0}
2026-03-21 09:50:41,548 - uplink - INFO - Verarbeite Uplink für Gerät: AABBCC01020307
2026-03-21 09:50:41,555 - uplink - INFO - Daten erfolgreich in DB gespeichert für AABBCC01020307: {'Type': 1, 'Battery': 3.85, 'Temperature': 18.5, 'T_min': 17.7, 'T_max': 19.5, 'Humidity': 39.4, 'Pressure': 1015.1, 'Irradiation': 2, 'Irr_max': 30, 'Rain': 0.0, 'Rain_min_time': 0.0}
2026-03-21 09:50:49,092 - uplink - INFO - Verarbeite Uplink für Gerät: AABBCC01020316
2026-03-21 09:50:49,100 - uplink - INFO - Daten erfolgreich in DB gespeichert für AABBCC01020316: {'Type': 1, 'Battery': 4.2, 'Temperature': 24.4, 'T_min': 23.0, 'T_max': 25.4, 'Humidity': 54.0, 'Pressure': 1017.25, 'Irradiation': 4, 'Irr_max': 50, 'Rain': 0.0, 'Rain_min_time': 0.0}
2026-03-21 09:50:51,571 - uplink - INFO - Verarbeite Uplink für Gerät: AABBCC01020307
2026-03-21 09:50:51,578 - uplink - INFO - Daten erfolgreich in DB gespeichert für AABBCC01020307: {'Type': 1, 'Battery': 3.85, 'Temperature': 18.5, 'T_min': 17.5, 'T_max': 19.5, 'Humidity': 39.4, 'Pressure': 1015.1, 'Irradiation': 2, 'Irr_max': 18, 'Rain': 0.0, 'Rain_min_time': 0.0}
2026-03-21 09:50:59,113 - uplink - INFO - Verarbeite Uplink für Gerät: AABBCC01020316
2026-03-21 09:50:59,121 - uplink - INFO - Daten erfolgreich in DB gespeichert für AABBCC01020316: {'Type': 1, 'Battery': 4.2, 'Temperature': 24.4, 'T_min': 23.4, 'T_max': 25.8, 'Humidity': 54.0, 'Pressure': 1017.25, 'Irradiation': 0, 'Irr_max': 26, 'Rain': 5.0, 'Rain_min_time': 0.0}
2026-03-21 09:51:01,593 - uplink - INFO - Verarbeite Uplink für Gerät: AABBCC01020307
2026-03-21 09:51:01,600 - uplink - INFO - Daten erfolgreich in DB gespeichert für AABBCC01020307: {'Type': 1, 'Battery': 3.85, 'Temperature': 18.5, 'T_min': 18.1, 'T_max': 19.5, 'Humidity': 39.4, 'Pressure': 1015.1, 'Irradiation': 0, 'Irr_max': 28, 'Rain': 0.0, 'Rain_min_time': 0.0}
2026-03-21 09:51:09,134 - uplink - INFO - Verarbeite Uplink für Gerät: AABBCC01020316
2026-03-21 09:51:09,142 - uplink - INFO - Daten erfolgreich in DB gespeichert für AABBCC01020316: {'Type': 1, 'Battery': 4.2, 'Temperature': 24.4, 'T_min': 24.3, 'T_max': 25.1, 'Humidity': 54.0, 'Pressure': 1017.25, 'Irradiation': 0, 'Irr_max': 42, 'Rain': 0.0, 'Rain_min_time': 0.0}
2026-03-21 09:51:11,604 - uplink - INFO - Verarbeite Uplink für Gerät: AABBCC01020307
2026-03-21 09:51:11,612 - uplink - INFO - Daten erfolgreich in DB gespeichert für AABBCC01020307: {'Type': 1, 'Battery': 3.85, 'Temperature': 18.5, 'T_min': 17.9, 'T_max': 19.7, 'Humidity': 39.4, 'Pressure': 1015.1, 'Irradiation': 0, 'Irr_max': 46, 'Rain': 0.0, 'Rain_min_time': 0.0}
2026-03-21 09:51:19,167 - uplink - INFO - Verarbeite Uplink für Gerät: AABBCC01020316
2026-03-21 09:51:19,178 - uplink - INFO - Daten erfolgreich in DB gespeichert für AABBCC01020316: {'Type': 1, 'Battery': 4.2, 'Temperature': 24.4, 'T_min': 24.1, 'T_max': 25.5, 'Humidity': 54.0, 'Pressure': 1017.3, 'Irradiation': 0, 'Irr_max': 50, 'Rain': 0.0, 'Rain_min_time': 0.0}
2026-03-21 09:51:21,636 - uplink - INFO - Verarbeite Uplink für Gerät: AABBCC01020307
2026-03-21 09:51:21,643 - uplink - INFO - Daten erfolgreich in DB gespeichert für AABBCC01020307: {'Type': 1, 'Battery': 3.85, 'Temperature': 18.5, 'T_min': 17.6, 'T_max': 18.8, 'Humidity': 39.4, 'Pressure': 1015.1, 'Irradiation': 0, 'Irr_max': 34, 'Rain': 0.0, 'Rain_min_time': 0.0}
2026-03-21 09:51:29,206 - uplink - INFO - Verarbeite Uplink für Gerät: AABBCC01020316
2026-03-21 09:51:29,214 - uplink - INFO - Daten erfolgreich in DB gespeichert für AABBCC01020316: {'Type': 1, 'Battery': 4.2, 'Temperature': 24.4, 'T_min': 23.1, 'T_max': 24.8, 'Humidity': 54.0, 'Pressure': 1017.3, 'Irradiation': 0, 'Irr_max': 34, 'Rain': 0.0, 'Rain_min_time': 0.0}
2026-03-21 09:51:31,648 - uplink - INFO - Verarbeite Uplink für Gerät: AABBCC01020307
2026-03-21 09:51:31,656 - uplink - INFO - Daten erfolgreich in DB gespeichert für AABBCC01020307: {'Type': 1, 'Battery': 3.85, 'Temperature': 18.5, 'T_min': 17.9, 'T_max': 19.5, 'Humidity': 39.4, 'Pressure': 1015.1, 'Irradiation': 0, 'Irr_max': 26, 'Rain': 0.0, 'Rain_min_time': 0.0}
2026-03-21 09:51:39,232 - uplink - INFO - Verarbeite Uplink für Gerät: AABBCC01020316
2026-03-21 09:51:39,241 - uplink - INFO - Daten erfolgreich in DB gespeichert für AABBCC01020316: {'Type': 1, 'Battery': 4.2, 'Temperature': 24.4, 'T_min': 24.1, 'T_max': 24.7, 'Humidity': 54.0, 'Pressure': 1017.3, 'Irradiation': 0, 'Irr_max': 24, 'Rain': 0.0, 'Rain_min_time': 0.0}
2026-03-21 09:51:41,679 - uplink - INFO - Verarbeite Uplink für Gerät: AABBCC01020307
2026-03-21 09:51:41,687 - uplink - INFO - Daten erfolgreich in DB gespeichert für AABBCC01020307: {'Type': 1, 'Battery': 3.85, 'Temperature': 18.5, 'T_min': 17.5, 'T_max': 19.8, 'Humidity': 39.4, 'Pressure': 1015.1, 'Irradiation': 0, 'Irr_max': 22, 'Rain': 0.0, 'Rain_min_time': 0.0}
2026-03-21 09:51:49,255 - uplink - INFO - Verarbeite Uplink für Gerät: AABBCC01020316
2026-03-21 09:51:49,262 - uplink - INFO - Daten erfolgreich in DB gespeichert für AABBCC01020316: {'Type': 1, 'Battery': 4.2, 'Temperature': 24.4, 'T_min': 23.5, 'T_max': 25.0, 'Humidity': 54.0, 'Pressure': 1017.3, 'Irradiation': 0, 'Irr_max': 2, 'Rain': 0.0, 'Rain_min_time': 0.0}
2026-03-21 09:51:51,714 - uplink - INFO - Verarbeite Uplink für Gerät: AABBCC01020307
2026-03-21 09:51:51,722 - uplink - INFO - Daten erfolgreich in DB gespeichert für AABBCC01020307: {'Type': 1, 'Battery': 3.85, 'Temperature': 18.5, 'T_min': 18.4, 'T_max': 19.9, 'Humidity': 39.4, 'Pressure': 1015.1, 'Irradiation': 0, 'Irr_max': 6, 'Rain': 0.0, 'Rain_min_time': 0.0}
2026-03-21 09:51:59,289 - uplink - INFO - Verarbeite Uplink für Gerät: AABBCC01020316
2026-03-21 09:51:59,297 - uplink - INFO - Daten erfolgreich in DB gespeichert für AABBCC01020316: {'Type': 1, 'Battery': 4.2, 'Temperature': 24.4, 'T_min': 24.1, 'T_max': 24.6, 'Humidity': 54.0, 'Pressure': 1017.3, 'Irradiation': 0, 'Irr_max': 26, 'Rain': 0.0, 'Rain_min_time': 0.0}
2026-03-21 09:52:01,747 - uplink - INFO - Verarbeite Uplink für Gerät: AABBCC01020307
2026-03-21 09:52:01,755 - uplink - INFO - Daten erfolgreich in DB gespeichert für AABBCC01020307: {'Type': 1, 'Battery': 3.85, 'Temperature': 18.5, 'T_min': 17.0, 'T_max': 19.1, 'Humidity': 39.4, 'Pressure': 1015.1, 'Irradiation': 0, 'Irr_max': 40, 'Rain': 0.0, 'Rain_min_time': 0.0}
2026-03-21 09:52:09,301 - uplink - INFO - Verarbeite Uplink für Gerät: AABBCC01020316
2026-03-21 09:52:09,311 - uplink - INFO - Daten erfolgreich in DB gespeichert für AABBCC01020316: {'Type': 1, 'Battery': 4.2, 'Temperature': 24.4, 'T_min': 23.3, 'T_max': 24.5, 'Humidity': 54.0, 'Pressure': 1017.3, 'Irradiation': 0, 'Irr_max': 6, 'Rain': 5.0, 'Rain_min_time': 0.0}
2026-03-21 09:52:11,773 - uplink - INFO - Verarbeite Uplink für Gerät: AABBCC01020307
2026-03-21 09:52:11,781 - uplink - INFO - Daten erfolgreich in DB gespeichert für AABBCC01020307: {'Type': 1, 'Battery': 3.85, 'Temperature': 18.5, 'T_min': 18.1, 'T_max': 19.6, 'Humidity': 39.4, 'Pressure': 1015.1, 'Irradiation': 0, 'Irr_max': 4, 'Rain': 0.0, 'Rain_min_time': 0.0}
2026-03-21 09:52:19,330 - uplink - INFO - Verarbeite Uplink für Gerät: AABBCC01020316
2026-03-21 09:52:19,338 - uplink - INFO - Daten erfolgreich in DB gespeichert für AABBCC01020316: {'Type': 1, 'Battery': 4.2, 'Temperature': 24.4, 'T_min': 23.0, 'T_max': 24.6, 'Humidity': 54.0, 'Pressure': 1017.3, 'Irradiation': 2, 'Irr_max': 38, 'Rain': 2.0, 'Rain_min_time': 0.0}
2026-03-21 09:52:21,801 - uplink - INFO - Verarbeite Uplink für Gerät: AABBCC01020307
2026-03-21 09:52:21,809 - uplink - INFO - Daten erfolgreich in DB gespeichert für AABBCC01020307: {'Type': 1, 'Battery': 3.85, 'Temperature': 18.5, 'T_min': 18.4, 'T_max': 20.0, 'Humidity': 39.4, 'Pressure': 1015.1, 'Irradiation': 2, 'Irr_max': 32, 'Rain': 0.0, 'Rain_min_time': 0.0}
2026-03-21 09:52:29,361 - uplink - INFO - Verarbeite Uplink für Gerät: AABBCC01020316
2026-03-21 09:52:29,368 - uplink - INFO - Daten erfolgreich in DB gespeichert für AABBCC01020316: {'Type': 1, 'Battery': 4.2, 'Temperature': 24.4, 'T_min': 23.4, 'T_max': 24.4, 'Humidity': 54.0, 'Pressure': 1017.25, 'Irradiation': 0, 'Irr_max': 22, 'Rain': 0.0, 'Rain_min_time': 0.0}
2026-03-21 09:52:31,833 - uplink - INFO - Verarbeite Uplink für Gerät: AABBCC01020307
2026-03-21 09:52:31,841 - uplink - INFO - Daten erfolgreich in DB gespeichert für AABBCC01020307: {'Type': 1, 'Battery': 3.85, 'Temperature': 18.5, 'T_min': 17.7, 'T_max': 19.1, 'Humidity': 39.4, 'Pressure': 1015.1, 'Irradiation': 2, 'Irr_max': 6, 'Rain': 0.0, 'Rain_min_time': 0.0}
2026-03-21 09:52:39,383 - uplink - INFO - Verarbeite Uplink für Gerät: AABBCC01020316
2026-03-21 09:52:39,390 - uplink - INFO - Daten erfolgreich in DB gespeichert für AABBCC01020316: {'Type': 1, 'Battery': 4.2, 'Temperature': 24.4, 'T_min': 23.2, 'T_max': 24.5, 'Humidity': 54.0, 'Pressure': 1017.3, 'Irradiation': 0, 'Irr_max': 6, 'Rain': 0.0, 'Rain_min_time': 0.0}
2026-03-21 09:52:41,864 - uplink - INFO - Verarbeite Uplink für Gerät: AABBCC01020307
2026-03-21 09:52:41,872 - uplink - INFO - Daten erfolgreich in DB gespeichert für AABBCC01020307: {'Type': 1, 'Battery': 3.85, 'Temperature': 18.5, 'T_min': 18.2, 'T_max': 19.2, 'Humidity': 39.4, 'Pressure': 1015.1, 'Irradiation': 4, 'Irr_max': 36, 'Rain': 0.0, 'Rain_min_time': 0.0}
2026-03-21 09:52:49,408 - uplink - INFO - Verarbeite Uplink für Gerät: AABBCC01020316
2026-03-21 09:52:49,416 - uplink - INFO - Daten erfolgreich in DB gespeichert für AABBCC01020316: {'Type': 1, 'Battery': 4.2, 'Temperature': 24.4, 'T_min': 23.2, 'T_max': 25.1, 'Humidity': 54.0, 'Pressure': 1017.25, 'Irradiation': 0, 'Irr_max': 16, 'Rain': 0.0, 'Rain_min_time': 0.0}
2026-03-21 09:52:51,894 - uplink - INFO - Verarbeite Uplink für Gerät: AABBCC01020307
2026-03-21 09:52:51,902 - uplink - INFO - Daten erfolgreich in DB gespeichert für AABBCC01020307: {'Type': 1, 'Battery': 3.85, 'Temperature': 18.5, 'T_min': 17.8, 'T_max': 18.6, 'Humidity': 39.4, 'Pressure': 1015.1, 'Irradiation': 2, 'Irr_max': 18, 'Rain': 0.0, 'Rain_min_time': 0.0}
2026-03-21 09:52:59,445 - uplink - INFO - Verarbeite Uplink für Gerät: AABBCC01020316
2026-03-21 09:52:59,454 - uplink - INFO - Daten erfolgreich in DB gespeichert für AABBCC01020316: {'Type': 1, 'Battery': 4.2, 'Temperature': 24.4, 'T_min': 23.6, 'T_max': 25.0, 'Humidity': 54.0, 'Pressure': 1017.3, 'Irradiation': 0, 'Irr_max': 44, 'Rain': 0.0, 'Rain_min_time': 0.0}
2026-03-21 09:53:01,923 - uplink - INFO - Verarbeite Uplink für Gerät: AABBCC01020307
2026-03-21 09:53:01,931 - uplink - INFO - Daten erfolgreich in DB gespeichert für AABBCC01020307: {'Type': 1, 'Battery': 3.85, 'Temperature': 18.5, 'T_min': 18.0, 'T_max': 19.7, 'Humidity': 39.4, 'Pressure': 1015.1, 'Irradiation': 4, 'Irr_max': 20, 'Rain': 0.0, 'Rain_min_time': 0.0}
2026-03-21 09:53:09,481 - uplink - INFO - Verarbeite Uplink für Gerät: AABBCC01020316
2026-03-21 09:53:09,489 - uplink - INFO - Daten erfolgreich in DB gespeichert für AABBCC01020316: {'Type': 1, 'Battery': 4.2, 'Temperature': 24.4, 'T_min': 24.1, 'T_max': 25.4, 'Humidity': 54.0, 'Pressure': 1017.3, 'Irradiation': 0, 'Irr_max': 20, 'Rain': 0.0, 'Rain_min_time': 0.0}
2026-03-21 09:53:11,949 - uplink - INFO - Verarbeite Uplink für Gerät: AABBCC01020307
2026-03-21 09:53:11,956 - uplink - INFO - Daten erfolgreich in DB gespeichert für AABBCC01020307: {'Type': 1, 'Battery': 3.85, 'Temperature': 18.5, 'T_min': 18.4, 'T_max': 19.3, 'Humidity': 39.6, 'Pressure': 1015.1, 'Irradiation': 4, 'Irr_max': 12, 'Rain': 0.0, 'Rain_min_time': 0.0}
2026-03-21 09:53:19,494 - uplink - INFO - Verarbeite Uplink für Gerät: AABBCC01020316
2026-03-21 09:53:19,501 - uplink - INFO - Daten erfolgreich in DB gespeichert für AABBCC01020316: {'Type': 1, 'Battery': 4.2, 'Temperature': 24.4, 'T_min': 24.4, 'T_max': 24.8, 'Humidity': 54.0, 'Pressure': 1017.25, 'Irradiation': 2, 'Irr_max': 50, 'Rain': 0.0, 'Rain_min_time': 0.0}
2026-03-21 09:53:21,961 - uplink - INFO - Verarbeite Uplink für Gerät: AABBCC01020307
2026-03-21 09:53:21,969 - uplink - INFO - Daten erfolgreich in DB gespeichert für AABBCC01020307: {'Type': 1, 'Battery': 3.85, 'Temperature': 18.5, 'T_min': 18.3, 'T_max': 18.7, 'Humidity': 39.6, 'Pressure': 1015.1, 'Irradiation': 4, 'Irr_max': 42, 'Rain': 0.0, 'Rain_min_time': 0.0}
2026-03-21 09:53:29,516 - uplink - INFO - Verarbeite Uplink für Gerät: AABBCC01020316
2026-03-21 09:53:29,524 - uplink - INFO - Daten erfolgreich in DB gespeichert für AABBCC01020316: {'Type': 1, 'Battery': 4.2, 'Temperature': 24.4, 'T_min': 24.1, 'T_max': 25.4, 'Humidity': 54.0, 'Pressure': 1017.25, 'Irradiation': 0, 'Irr_max': 42, 'Rain': 0.0, 'Rain_min_time': 0.0}
2026-03-21 09:53:31,993 - uplink - INFO - Verarbeite Uplink für Gerät: AABBCC01020307
2026-03-21 09:53:32,001 - uplink - INFO - Daten erfolgreich in DB gespeichert für AABBCC01020307: {'Type': 1, 'Battery': 3.85, 'Temperature': 18.5, 'T_min': 17.1, 'T_max': 18.7, 'Humidity': 39.6, 'Pressure': 1015.1, 'Irradiation': 6, 'Irr_max': 30, 'Rain': 0.0, 'Rain_min_time': 0.0}
2026-03-21 09:53:39,545 - uplink - INFO - Verarbeite Uplink für Gerät: AABBCC01020316
2026-03-21 09:53:39,553 - uplink - INFO - Daten erfolgreich in DB gespeichert für AABBCC01020316: {'Type': 1, 'Battery': 4.2, 'Temperature': 24.4, 'T_min': 24.2, 'T_max': 24.8, 'Humidity': 54.0, 'Pressure': 1017.25, 'Irradiation': 2, 'Irr_max': 30, 'Rain': 0.0, 'Rain_min_time': 0.0}
2026-03-21 09:53:42,014 - uplink - INFO - Verarbeite Uplink für Gerät: AABBCC01020307
2026-03-21 09:53:42,022 - uplink - INFO - Daten erfolgreich in DB gespeichert für AABBCC01020307: {'Type': 1, 'Battery': 3.85, 'Temperature': 18.5, 'T_min': 17.4, 'T_max': 19.5, 'Humidity': 39.6, 'Pressure': 1015.1, 'Irradiation': 6, 'Irr_max': 54, 'Rain': 0.0, 'Rain_min_time': 0.0}
2026-03-21 09:53:49,568 - uplink - INFO - Verarbeite Uplink für Gerät: AABBCC01020316
2026-03-21 09:53:49,576 - uplink - INFO - Daten erfolgreich in DB gespeichert für AABBCC01020316: {'Type': 1, 'Battery': 4.2, 'Temperature': 24.4, 'T_min': 23.8, 'T_max': 25.6, 'Humidity': 54.0, 'Pressure': 1017.3, 'Irradiation': 0, 'Irr_max': 12, 'Rain': 0.0, 'Rain_min_time': 0.0}
2026-03-21 09:53:52,044 - uplink - INFO - Verarbeite Uplink für Gerät: AABBCC01020307
2026-03-21 09:53:52,052 - uplink - INFO - Daten erfolgreich in DB gespeichert für AABBCC01020307: {'Type': 1, 'Battery': 3.85, 'Temperature': 18.5, 'T_min': 18.1, 'T_max': 18.7, 'Humidity': 39.4, 'Pressure': 1015.1, 'Irradiation': 0, 'Irr_max': 12, 'Rain': 0.0, 'Rain_min_time': 0.0}
2026-03-21 09:53:59,582 - uplink - INFO - Verarbeite Uplink für Gerät: AABBCC01020316
2026-03-21 09:53:59,589 - uplink - INFO - Daten erfolgreich in DB gespeichert für AABBCC01020316: {'Type': 1, 'Battery': 4.2, 'Temperature': 24.4, 'T_min': 22.9, 'T_max': 24.6, 'Humidity': 54.0, 'Pressure': 1017.25, 'Irradiation': 0, 'Irr_max': 50, 'Rain': 0.0, 'Rain_min_time': 0.0}
2026-03-21 09:54:02,057 - uplink - INFO - Verarbeite Uplink für Gerät: AABBCC01020307
2026-03-21 09:54:02,065 - uplink - INFO - Daten erfolgreich in DB gespeichert für AABBCC01020307: {'Type': 1, 'Battery': 3.85, 'Temperature': 18.5, 'T_min': 18.4, 'T_max': 19.8, 'Humidity': 39.6, 'Pressure': 1015.05, 'Irradiation': 0, 'Irr_max': 48, 'Rain': 0.0, 'Rain_min_time': 0.0}
2026-03-21 09:54:09,616 - uplink - INFO - Verarbeite Uplink für Gerät: AABBCC01020316
2026-03-21 09:54:09,624 - uplink - INFO - Daten erfolgreich in DB gespeichert für AABBCC01020316: {'Type': 1, 'Battery': 4.2, 'Temperature': 24.4, 'T_min': 24.2, 'T_max': 24.8, 'Humidity': 54.2, 'Pressure': 1017.3, 'Irradiation': 0, 'Irr_max': 14, 'Rain': 0.0, 'Rain_min_time': 0.0}
2026-03-21 09:54:12,091 - uplink - INFO - Verarbeite Uplink für Gerät: AABBCC01020307
2026-03-21 09:54:12,099 - uplink - INFO - Daten erfolgreich in DB gespeichert für AABBCC01020307: {'Type': 1, 'Battery': 3.85, 'Temperature': 18.5, 'T_min': 18.1, 'T_max': 19.8, 'Humidity': 39.6, 'Pressure': 1015.1, 'Irradiation': 0, 'Irr_max': 36, 'Rain': 0.0, 'Rain_min_time': 0.0}
2026-03-21 09:54:19,629 - uplink - INFO - Verarbeite Uplink für Gerät: AABBCC01020316
2026-03-21 09:54:19,637 - uplink - INFO - Daten erfolgreich in DB gespeichert für AABBCC01020316: {'Type': 1, 'Battery': 4.2, 'Temperature': 24.4, 'T_min': 23.4, 'T_max': 24.9, 'Humidity': 54.2, 'Pressure': 1017.3, 'Irradiation': 0, 'Irr_max': 26, 'Rain': 0.0, 'Rain_min_time': 0.0}
2026-03-21 09:54:22,124 - uplink - INFO - Verarbeite Uplink für Gerät: AABBCC01020307
2026-03-21 09:54:22,131 - uplink - INFO - Daten erfolgreich in DB gespeichert für AABBCC01020307: {'Type': 1, 'Battery': 3.85, 'Temperature': 18.5, 'T_min': 17.3, 'T_max': 19.1, 'Humidity': 39.4, 'Pressure': 1015.05, 'Irradiation': 0, 'Irr_max': 42, 'Rain': 0.0, 'Rain_min_time': 0.0}
2026-03-21 09:54:29,656 - uplink - INFO - Verarbeite Uplink für Gerät: AABBCC01020316
2026-03-21 09:54:29,664 - uplink - INFO - Daten erfolgreich in DB gespeichert für AABBCC01020316: {'Type': 1, 'Battery': 4.2, 'Temperature': 24.4, 'T_min': 23.2, 'T_max': 25.8, 'Humidity': 54.0, 'Pressure': 1017.3, 'Irradiation': 2, 'Irr_max': 18, 'Rain': 0.0, 'Rain_min_time': 0.0}
2026-03-21 09:54:32,154 - uplink - INFO - Verarbeite Uplink für Gerät: AABBCC01020307
2026-03-21 09:54:32,161 - uplink - INFO - Daten erfolgreich in DB gespeichert für AABBCC01020307: {'Type': 1, 'Battery': 3.85, 'Temperature': 18.5, 'T_min': 17.1, 'T_max': 19.2, 'Humidity': 39.4, 'Pressure': 1015.05, 'Irradiation': 0, 'Irr_max': 28, 'Rain': 0.0, 'Rain_min_time': 0.0}
2026-03-21 09:54:39,690 - uplink - INFO - Verarbeite Uplink für Gerät: AABBCC01020316
2026-03-21 09:54:39,699 - uplink - INFO - Daten erfolgreich in DB gespeichert für AABBCC01020316: {'Type': 1, 'Battery': 4.2, 'Temperature': 24.4, 'T_min': 24.2, 'T_max': 25.0, 'Humidity': 54.0, 'Pressure': 1017.3, 'Irradiation': 2, 'Irr_max': 18, 'Rain': 0.0, 'Rain_min_time': 0.0}
2026-03-21 09:54:42,165 - uplink - INFO - Verarbeite Uplink für Gerät: AABBCC01020307
2026-03-21 09:54:42,173 - uplink - INFO - Daten erfolgreich in DB gespeichert für AABBCC01020307: {'Type': 1, 'Battery': 3.85, 'Temperature': 18.5, 'T_min': 18.1, 'T_max': 18.9, 'Humidity': 39.4, 'Pressure': 1015.05, 'Irradiation': 0, 'Irr_max': 8, 'Rain': 0.0, 'Rain_min_time': 0.0}
2026-03-21 09:54:49,723 - uplink - INFO - Verarbeite Uplink für Gerät: AABBCC01020316
2026-03-21 09:54:49,731 - uplink - INFO - Daten erfolgreich in DB gespeichert für AABBCC01020316: {'Type': 1, 'Battery': 4.2, 'Temperature': 24.4, 'T_min': 22.9, 'T_max': 25.8, 'Humidity': 54.0, 'Pressure': 1017.3, 'Irradiation': 2, 'Irr_max': 10, 'Rain': 0.0, 'Rain_min_time': 0.0}
2026-03-21 09:54:52,199 - uplink - INFO - Verarbeite Uplink für Gerät: AABBCC01020307
2026-03-21 09:54:52,207 - uplink - INFO - Daten erfolgreich in DB gespeichert für AABBCC01020307: {'Type': 1, 'Battery': 3.85, 'Temperature': 18.5, 'T_min': 17.4, 'T_max': 19.4, 'Humidity': 39.4, 'Pressure': 1015.05, 'Irradiation': 0, 'Irr_max': 6, 'Rain': 0.0, 'Rain_min_time': 0.0}
2026-03-21 09:54:59,759 - uplink - INFO - Verarbeite Uplink für Gerät: AABBCC01020316
2026-03-21 09:54:59,767 - uplink - INFO - Daten erfolgreich in DB gespeichert für AABBCC01020316: {'Type': 1, 'Battery': 4.2, 'Temperature': 24.4, 'T_min': 23.4, 'T_max': 25.7, 'Humidity': 54.0, 'Pressure': 1017.3, 'Irradiation': 2, 'Irr_max': 16, 'Rain': 0.0, 'Rain_min_time': 0.0}
2026-03-21 09:55:02,226 - uplink - INFO - Verarbeite Uplink für Gerät: AABBCC01020307
2026-03-21 09:55:02,234 - uplink - INFO - Daten erfolgreich in DB gespeichert für AABBCC01020307: {'Type': 1, 'Battery': 3.85, 'Temperature': 18.5, 'T_min': 17.8, 'T_max': 18.8, 'Humidity': 39.4, 'Pressure': 1015.05, 'Irradiation': 0, 'Irr_max': 10, 'Rain': 0.0, 'Rain_min_time': 0.0}
2026-03-21 09:55:09,771 - uplink - INFO - Verarbeite Uplink für Gerät: AABBCC01020316
2026-03-21 09:55:09,778 - uplink - INFO - Daten erfolgreich in DB gespeichert für AABBCC01020316: {'Type': 1, 'Battery': 4.2, 'Temperature': 24.4, 'T_min': 24.0, 'T_max': 25.8, 'Humidity': 54.0, 'Pressure': 1017.3, 'Irradiation': 2, 'Irr_max': 34, 'Rain': 0.0, 'Rain_min_time': 0.0}
2026-03-21 09:55:12,238 - uplink - INFO - Verarbeite Uplink für Gerät: AABBCC01020307
2026-03-21 09:55:12,246 - uplink - INFO - Daten erfolgreich in DB gespeichert für AABBCC01020307: {'Type': 1, 'Battery': 3.85, 'Temperature': 18.5, 'T_min': 17.7, 'T_max': 18.9, 'Humidity': 39.6, 'Pressure': 1015.05, 'Irradiation': 2, 'Irr_max': 26, 'Rain': 0.0, 'Rain_min_time': 0.0}
2026-03-21 09:55:19,794 - uplink - INFO - Verarbeite Uplink für Gerät: AABBCC01020316
2026-03-21 09:55:19,802 - uplink - INFO - Daten erfolgreich in DB gespeichert für AABBCC01020316: {'Type': 1, 'Battery': 4.2, 'Temperature': 24.4, 'T_min': 24.3, 'T_max': 24.9, 'Humidity': 54.0, 'Pressure': 1017.3, 'Irradiation': 4, 'Irr_max': 34, 'Rain': 0.0, 'Rain_min_time': 0.0}
2026-03-21 09:55:22,251 - uplink - INFO - Verarbeite Uplink für Gerät: AABBCC01020307
2026-03-21 09:55:22,258 - uplink - INFO - Daten erfolgreich in DB gespeichert für AABBCC01020307: {'Type': 1, 'Battery': 3.85, 'Temperature': 18.5, 'T_min': 18.0, 'T_max': 19.8, 'Humidity': 39.4, 'Pressure': 1015.05, 'Irradiation': 0, 'Irr_max': 6, 'Rain': 0.0, 'Rain_min_time': 0.0}
2026-03-21 09:55:29,830 - uplink - INFO - Verarbeite Uplink für Gerät: AABBCC01020316
2026-03-21 09:55:29,838 - uplink - INFO - Daten erfolgreich in DB gespeichert für AABBCC01020316: {'Type': 1, 'Battery': 4.2, 'Temperature': 24.4, 'T_min': 24.2, 'T_max': 25.7, 'Humidity': 54.0, 'Pressure': 1017.3, 'Irradiation': 4, 'Irr_max': 10, 'Rain': 0.0, 'Rain_min_time': 0.0}
2026-03-21 09:55:32,287 - uplink - INFO - Verarbeite Uplink für Gerät: AABBCC01020307
2026-03-21 09:55:32,295 - uplink - INFO - Daten erfolgreich in DB gespeichert für AABBCC01020307: {'Type': 1, 'Battery': 3.85, 'Temperature': 18.5, 'T_min': 17.6, 'T_max': 20.0, 'Humidity': 39.6, 'Pressure': 1015.05, 'Irradiation': 0, 'Irr_max': 2, 'Rain': 0.0, 'Rain_min_time': 0.0}
2026-03-21 09:55:39,854 - uplink - INFO - Verarbeite Uplink für Gerät: AABBCC01020316
2026-03-21 09:55:39,862 - uplink - INFO - Daten erfolgreich in DB gespeichert für AABBCC01020316: {'Type': 1, 'Battery': 4.2, 'Temperature': 24.4, 'T_min': 24.4, 'T_max': 24.6, 'Humidity': 54.0, 'Pressure': 1017.3, 'Irradiation': 4, 'Irr_max': 46, 'Rain': 0.0, 'Rain_min_time': 0.0}
2026-03-21 09:55:42,311 - uplink - INFO - Verarbeite Uplink für Gerät: AABBCC01020307
2026-03-21 09:55:42,318 - uplink - INFO - Daten erfolgreich in DB gespeichert für AABBCC01020307: {'Type': 1, 'Battery': 3.85, 'Temperature': 18.5, 'T_min': 17.5, 'T_max': 19.0, 'Humidity': 39.6, 'Pressure': 1015.05, 'Irradiation': 0, 'Irr_max': 12, 'Rain': 0.0, 'Rain_min_time': 0.0}
2026-03-21 09:55:49,876 - uplink - INFO - Verarbeite Uplink für Gerät: AABBCC01020316
2026-03-21 09:55:49,883 - uplink - INFO - Daten erfolgreich in DB gespeichert für AABBCC01020316: {'Type': 1, 'Battery': 4.2, 'Temperature': 24.5, 'T_min': 23.3, 'T_max': 25.1, 'Humidity': 54.0, 'Pressure': 1017.3, 'Irradiation': 4, 'Irr_max': 36, 'Rain': 0.0, 'Rain_min_time': 0.0}
2026-03-21 09:55:52,323 - uplink - INFO - Verarbeite Uplink für Gerät: AABBCC01020307
2026-03-21 09:55:52,331 - uplink - INFO - Daten erfolgreich in DB gespeichert für AABBCC01020307: {'Type': 1, 'Battery': 3.85, 'Temperature': 18.5, 'T_min': 17.4, 'T_max': 19.3, 'Humidity': 39.6, 'Pressure': 1015.05, 'Irradiation': 0, 'Irr_max': 22, 'Rain': 4.0, 'Rain_min_time': 0.0}
2026-03-21 09:55:59,897 - uplink - INFO - Verarbeite Uplink für Gerät: AABBCC01020316
2026-03-21 09:55:59,905 - uplink - INFO - Daten erfolgreich in DB gespeichert für AABBCC01020316: {'Type': 1, 'Battery': 4.2, 'Temperature': 24.5, 'T_min': 23.9, 'T_max': 25.9, 'Humidity': 54.0, 'Pressure': 1017.3, 'Irradiation': 4, 'Irr_max': 36, 'Rain': 0.0, 'Rain_min_time': 0.0}
2026-03-21 09:56:02,336 - uplink - INFO - Verarbeite Uplink für Gerät: AABBCC01020307
2026-03-21 09:56:02,343 - uplink - INFO - Daten erfolgreich in DB gespeichert für AABBCC01020307: {'Type': 1, 'Battery': 3.85, 'Temperature': 18.5, 'T_min': 17.3, 'T_max': 18.6, 'Humidity': 39.6, 'Pressure': 1015.05, 'Irradiation': 0, 'Irr_max': 34, 'Rain': 0.0, 'Rain_min_time': 0.0}
2026-03-21 09:56:09,929 - uplink - INFO - Verarbeite Uplink für Gerät: AABBCC01020316
2026-03-21 09:56:09,936 - uplink - INFO - Daten erfolgreich in DB gespeichert für AABBCC01020316: {'Type': 1, 'Battery': 4.2, 'Temperature': 24.5, 'T_min': 23.7, 'T_max': 25.6, 'Humidity': 54.0, 'Pressure': 1017.3, 'Irradiation': 4, 'Irr_max': 42, 'Rain': 0.0, 'Rain_min_time': 0.0}
2026-03-21 09:56:12,365 - uplink - INFO - Verarbeite Uplink für Gerät: AABBCC01020307
2026-03-21 09:56:12,372 - uplink - INFO - Daten erfolgreich in DB gespeichert für AABBCC01020307: {'Type': 1, 'Battery': 3.85, 'Temperature': 18.5, 'T_min': 17.7, 'T_max': 19.8, 'Humidity': 39.6, 'Pressure': 1015.05, 'Irradiation': 0, 'Irr_max': 44, 'Rain': 0.0, 'Rain_min_time': 0.0}
2026-03-21 09:56:19,942 - uplink - INFO - Verarbeite Uplink für Gerät: AABBCC01020316
2026-03-21 09:56:19,950 - uplink - INFO - Daten erfolgreich in DB gespeichert für AABBCC01020316: {'Type': 1, 'Battery': 4.2, 'Temperature': 24.5, 'T_min': 23.5, 'T_max': 24.8, 'Humidity': 53.8, 'Pressure': 1017.3, 'Irradiation': 4, 'Irr_max': 36, 'Rain': 0.0, 'Rain_min_time': 0.0}
2026-03-21 09:56:22,395 - uplink - INFO - Verarbeite Uplink für Gerät: AABBCC01020307
2026-03-21 09:56:22,403 - uplink - INFO - Daten erfolgreich in DB gespeichert für AABBCC01020307: {'Type': 1, 'Battery': 3.85, 'Temperature': 18.5, 'T_min': 17.1, 'T_max': 18.8, 'Humidity': 39.6, 'Pressure': 1015.05, 'Irradiation': 0, 'Irr_max': 46, 'Rain': 0.0, 'Rain_min_time': 0.0}
2026-03-21 09:56:29,969 - uplink - INFO - Verarbeite Uplink für Gerät: AABBCC01020316
2026-03-21 09:56:29,977 - uplink - INFO - Daten erfolgreich in DB gespeichert für AABBCC01020316: {'Type': 1, 'Battery': 4.2, 'Temperature': 24.5, 'T_min': 24.2, 'T_max': 25.8, 'Humidity': 53.8, 'Pressure': 1017.3, 'Irradiation': 6, 'Irr_max': 38, 'Rain': 0.0, 'Rain_min_time': 0.0}
2026-03-21 09:56:32,420 - uplink - INFO - Verarbeite Uplink für Gerät: AABBCC01020307
2026-03-21 09:56:32,427 - uplink - INFO - Daten erfolgreich in DB gespeichert für AABBCC01020307: {'Type': 1, 'Battery': 3.85, 'Temperature': 18.5, 'T_min': 17.9, 'T_max': 19.3, 'Humidity': 39.6, 'Pressure': 1015.05, 'Irradiation': 0, 'Irr_max': 22, 'Rain': 0.0, 'Rain_min_time': 0.0}
2026-03-21 09:56:39,991 - uplink - INFO - Verarbeite Uplink für Gerät: AABBCC01020316
2026-03-21 09:56:40,002 - uplink - INFO - Daten erfolgreich in DB gespeichert für AABBCC01020316: {'Type': 1, 'Battery': 4.2, 'Temperature': 24.5, 'T_min': 24.2, 'T_max': 25.0, 'Humidity': 53.8, 'Pressure': 1017.3, 'Irradiation': 0, 'Irr_max': 24, 'Rain': 0.0, 'Rain_min_time': 0.0}
2026-03-21 09:56:42,450 - uplink - INFO - Verarbeite Uplink für Gerät: AABBCC01020307
2026-03-21 09:56:42,458 - uplink - INFO - Daten erfolgreich in DB gespeichert für AABBCC01020307: {'Type': 1, 'Battery': 3.85, 'Temperature': 18.5, 'T_min': 17.3, 'T_max': 19.5, 'Humidity': 39.6, 'Pressure': 1015.05, 'Irradiation': 0, 'Irr_max': 42, 'Rain': 0.0, 'Rain_min_time': 0.0}
2026-03-21 09:56:50,007 - uplink - INFO - Verarbeite Uplink für Gerät: AABBCC01020316
2026-03-21 09:56:50,015 - uplink - INFO - Daten erfolgreich in DB gespeichert für AABBCC01020316: {'Type': 1, 'Battery': 4.2, 'Temperature': 24.5, 'T_min': 24.3, 'T_max': 24.7, 'Humidity': 53.8, 'Pressure': 1017.3, 'Irradiation': 0, 'Irr_max': 32, 'Rain': 0.0, 'Rain_min_time': 0.0}
2026-03-21 09:56:52,464 - uplink - INFO - Verarbeite Uplink für Gerät: AABBCC01020307
2026-03-21 09:56:52,473 - uplink - INFO - Daten erfolgreich in DB gespeichert für AABBCC01020307: {'Type': 1, 'Battery': 3.85, 'Temperature': 18.5, 'T_min': 17.5, 'T_max': 19.1, 'Humidity': 39.6, 'Pressure': 1015.05, 'Irradiation': 0, 'Irr_max': 22, 'Rain': 0.0, 'Rain_min_time': 0.0}
2026-03-21 09:57:00,032 - uplink - INFO - Verarbeite Uplink für Gerät: AABBCC01020316
2026-03-21 09:57:00,039 - uplink - INFO - Daten erfolgreich in DB gespeichert für AABBCC01020316: {'Type': 1, 'Battery': 4.2, 'Temperature': 24.5, 'T_min': 24.2, 'T_max': 25.4, 'Humidity': 53.8, 'Pressure': 1017.25, 'Irradiation': 2, 'Irr_max': 50, 'Rain': 0.0, 'Rain_min_time': 0.0}
2026-03-21 09:57:02,478 - uplink - INFO - Verarbeite Uplink für Gerät: AABBCC01020307
2026-03-21 09:57:02,485 - uplink - INFO - Daten erfolgreich in DB gespeichert für AABBCC01020307: {'Type': 1, 'Battery': 3.85, 'Temperature': 18.5, 'T_min': 18.5, 'T_max': 19.9, 'Humidity': 39.6, 'Pressure': 1015.05, 'Irradiation': 0, 'Irr_max': 26, 'Rain': 0.0, 'Rain_min_time': 0.0}
2026-03-21 09:57:10,064 - uplink - INFO - Verarbeite Uplink für Gerät: AABBCC01020316
2026-03-21 09:57:10,073 - uplink - INFO - Daten erfolgreich in DB gespeichert für AABBCC01020316: {'Type': 1, 'Battery': 4.2, 'Temperature': 24.5, 'T_min': 23.4, 'T_max': 25.8, 'Humidity': 53.8, 'Pressure': 1017.25, 'Irradiation': 2, 'Irr_max': 48, 'Rain': 0.0, 'Rain_min_time': 0.0}
2026-03-21 09:57:12,502 - uplink - INFO - Verarbeite Uplink für Gerät: AABBCC01020307
2026-03-21 09:57:12,510 - uplink - INFO - Daten erfolgreich in DB gespeichert für AABBCC01020307: {'Type': 1, 'Battery': 3.85, 'Temperature': 18.5, 'T_min': 18.1, 'T_max': 19.3, 'Humidity': 39.6, 'Pressure': 1015.05, 'Irradiation': 0, 'Irr_max': 40, 'Rain': 0.0, 'Rain_min_time': 0.0}
2026-03-21 09:57:20,093 - uplink - INFO - Verarbeite Uplink für Gerät: AABBCC01020316
2026-03-21 09:57:20,101 - uplink - INFO - Daten erfolgreich in DB gespeichert für AABBCC01020316: {'Type': 1, 'Battery': 4.2, 'Temperature': 24.5, 'T_min': 23.3, 'T_max': 25.3, 'Humidity': 53.8, 'Pressure': 1017.3, 'Irradiation': 0, 'Irr_max': 6, 'Rain': 0.0, 'Rain_min_time': 0.0}
2026-03-21 09:57:22,526 - uplink - INFO - Verarbeite Uplink für Gerät: AABBCC01020307
2026-03-21 09:57:22,534 - uplink - INFO - Daten erfolgreich in DB gespeichert für AABBCC01020307: {'Type': 1, 'Battery': 3.85, 'Temperature': 18.5, 'T_min': 18.5, 'T_max': 19.4, 'Humidity': 39.6, 'Pressure': 1015.05, 'Irradiation': 0, 'Irr_max': 0, 'Rain': 0.0, 'Rain_min_time': 0.0}
2026-03-21 09:57:30,118 - uplink - INFO - Verarbeite Uplink für Gerät: AABBCC01020316
2026-03-21 09:57:30,126 - uplink - INFO - Daten erfolgreich in DB gespeichert für AABBCC01020316: {'Type': 1, 'Battery': 4.2, 'Temperature': 24.5, 'T_min': 24.1, 'T_max': 24.8, 'Humidity': 53.8, 'Pressure': 1017.3, 'Irradiation': 0, 'Irr_max': 10, 'Rain': 0.0, 'Rain_min_time': 0.0}
2026-03-21 09:57:32,548 - uplink - INFO - Verarbeite Uplink für Gerät: AABBCC01020307
2026-03-21 09:57:32,556 - uplink - INFO - Daten erfolgreich in DB gespeichert für AABBCC01020307: {'Type': 1, 'Battery': 3.85, 'Temperature': 18.5, 'T_min': 17.7, 'T_max': 19.7, 'Humidity': 39.6, 'Pressure': 1015.05, 'Irradiation': 0, 'Irr_max': 24, 'Rain': 0.0, 'Rain_min_time': 0.0}
2026-03-21 09:57:40,145 - uplink - INFO - Verarbeite Uplink für Gerät: AABBCC01020316
2026-03-21 09:57:40,153 - uplink - INFO - Daten erfolgreich in DB gespeichert für AABBCC01020316: {'Type': 1, 'Battery': 4.2, 'Temperature': 24.5, 'T_min': 24.5, 'T_max': 25.7, 'Humidity': 53.8, 'Pressure': 1017.3, 'Irradiation': 0, 'Irr_max': 42, 'Rain': 0.0, 'Rain_min_time': 0.0}
2026-03-21 09:57:42,571 - uplink - INFO - Verarbeite Uplink für Gerät: AABBCC01020307
2026-03-21 09:57:42,579 - uplink - INFO - Daten erfolgreich in DB gespeichert für AABBCC01020307: {'Type': 1, 'Battery': 3.85, 'Temperature': 18.5, 'T_min': 17.1, 'T_max': 18.9, 'Humidity': 39.4, 'Pressure': 1015.05, 'Irradiation': 2, 'Irr_max': 16, 'Rain': 0.0, 'Rain_min_time': 0.0}
2026-03-21 09:57:50,159 - uplink - INFO - Verarbeite Uplink für Gerät: AABBCC01020316
2026-03-21 09:57:50,166 - uplink - INFO - Daten erfolgreich in DB gespeichert für AABBCC01020316: {'Type': 1, 'Battery': 4.2, 'Temperature': 24.5, 'T_min': 24.2, 'T_max': 25.3, 'Humidity': 53.8, 'Pressure': 1017.3, 'Irradiation': 0, 'Irr_max': 24, 'Rain': 0.0, 'Rain_min_time': 0.0}
2026-03-21 09:57:52,602 - uplink - INFO - Verarbeite Uplink für Gerät: AABBCC01020307
2026-03-21 09:57:52,610 - uplink - INFO - Daten erfolgreich in DB gespeichert für AABBCC01020307: {'Type': 1, 'Battery': 3.85, 'Temperature': 18.5, 'T_min': 17.8, 'T_max': 19.2, 'Humidity': 39.4, 'Pressure': 1015.05, 'Irradiation': 0, 'Irr_max': 16, 'Rain': 0.0, 'Rain_min_time': 0.0}
2026-03-21 09:58:00,171 - uplink - INFO - Verarbeite Uplink für Gerät: AABBCC01020316
2026-03-21 09:58:00,181 - uplink - INFO - Daten erfolgreich in DB gespeichert für AABBCC01020316: {'Type': 1, 'Battery': 4.2, 'Temperature': 24.5, 'T_min': 23.3, 'T_max': 24.7, 'Humidity': 53.8, 'Pressure': 1017.3, 'Irradiation': 0, 'Irr_max': 6, 'Rain': 0.0, 'Rain_min_time': 0.0}
2026-03-21 09:58:02,635 - uplink - INFO - Verarbeite Uplink für Gerät: AABBCC01020307
2026-03-21 09:58:02,643 - uplink - INFO - Daten erfolgreich in DB gespeichert für AABBCC01020307: {'Type': 1, 'Battery': 3.85, 'Temperature': 18.5, 'T_min': 17.8, 'T_max': 19.3, 'Humidity': 39.4, 'Pressure': 1015.05, 'Irradiation': 0, 'Irr_max': 26, 'Rain': 0.0, 'Rain_min_time': 0.0}
2026-03-21 09:58:10,207 - uplink - INFO - Verarbeite Uplink für Gerät: AABBCC01020316
2026-03-21 09:58:10,215 - uplink - INFO - Daten erfolgreich in DB gespeichert für AABBCC01020316: {'Type': 1, 'Battery': 4.2, 'Temperature': 24.5, 'T_min': 23.4, 'T_max': 25.8, 'Humidity': 53.8, 'Pressure': 1017.3, 'Irradiation': 0, 'Irr_max': 50, 'Rain': 0.0, 'Rain_min_time': 0.0}
2026-03-21 09:58:12,661 - uplink - INFO - Verarbeite Uplink für Gerät: AABBCC01020307
2026-03-21 09:58:12,794 - uplink - INFO - Daten erfolgreich in DB gespeichert für AABBCC01020307: {'Type': 1, 'Battery': 3.85, 'Temperature': 18.5, 'T_min': 18.1, 'T_max': 19.4, 'Humidity': 39.4, 'Pressure': 1015.05, 'Irradiation': 0, 'Irr_max': 44, 'Rain': 0.0, 'Rain_min_time': 0.0}
2026-03-21 09:58:20,240 - uplink - INFO - Verarbeite Uplink für Gerät: AABBCC01020316
2026-03-21 09:58:20,248 - uplink - INFO - Daten erfolgreich in DB gespeichert für AABBCC01020316: {'Type': 1, 'Battery': 4.2, 'Temperature': 24.5, 'T_min': 23.3, 'T_max': 24.7, 'Humidity': 53.8, 'Pressure': 1017.3, 'Irradiation': 0, 'Irr_max': 42, 'Rain': 0.0, 'Rain_min_time': 0.0}
2026-03-21 09:58:22,799 - uplink - INFO - Verarbeite Uplink für Gerät: AABBCC01020307
2026-03-21 09:58:22,807 - uplink - INFO - Daten erfolgreich in DB gespeichert für AABBCC01020307: {'Type': 1, 'Battery': 3.85, 'Temperature': 18.5, 'T_min': 17.8, 'T_max': 18.9, 'Humidity': 39.4, 'Pressure': 1015.05, 'Irradiation': 0, 'Irr_max': 28, 'Rain': 0.0, 'Rain_min_time': 0.0}
2026-03-21 09:58:30,269 - uplink - INFO - Verarbeite Uplink für Gerät: AABBCC01020316
2026-03-21 09:58:30,277 - uplink - INFO - Daten erfolgreich in DB gespeichert für AABBCC01020316: {'Type': 1, 'Battery': 4.2, 'Temperature': 24.5, 'T_min': 23.6, 'T_max': 25.0, 'Humidity': 53.8, 'Pressure': 1017.25, 'Irradiation': 0, 'Irr_max': 32, 'Rain': 5.0, 'Rain_min_time': 0.0}
2026-03-21 09:58:32,832 - uplink - INFO - Verarbeite Uplink für Gerät: AABBCC01020307
2026-03-21 09:58:32,840 - uplink - INFO - Daten erfolgreich in DB gespeichert für AABBCC01020307: {'Type': 1, 'Battery': 3.85, 'Temperature': 18.5, 'T_min': 17.1, 'T_max': 19.3, 'Humidity': 39.4, 'Pressure': 1015.05, 'Irradiation': 2, 'Irr_max': 48, 'Rain': 0.0, 'Rain_min_time': 0.0}
2026-03-21 09:58:40,300 - uplink - INFO - Verarbeite Uplink für Gerät: AABBCC01020316
2026-03-21 09:58:40,308 - uplink - INFO - Daten erfolgreich in DB gespeichert für AABBCC01020316: {'Type': 1, 'Battery': 4.2, 'Temperature': 24.5, 'T_min': 24.0, 'T_max': 25.9, 'Humidity': 53.8, 'Pressure': 1017.25, 'Irradiation': 0, 'Irr_max': 4, 'Rain': 0.0, 'Rain_min_time': 0.0}
2026-03-21 09:58:42,862 - uplink - INFO - Verarbeite Uplink für Gerät: AABBCC01020307
2026-03-21 09:58:42,870 - uplink - INFO - Daten erfolgreich in DB gespeichert für AABBCC01020307: {'Type': 1, 'Battery': 3.85, 'Temperature': 18.5, 'T_min': 18.5, 'T_max': 19.6, 'Humidity': 39.4, 'Pressure': 1015.05, 'Irradiation': 0, 'Irr_max': 14, 'Rain': 0.0, 'Rain_min_time': 0.0}
2026-03-21 09:58:50,314 - uplink - INFO - Verarbeite Uplink für Gerät: AABBCC01020316
2026-03-21 09:58:50,323 - uplink - INFO - Daten erfolgreich in DB gespeichert für AABBCC01020316: {'Type': 1, 'Battery': 4.2, 'Temperature': 24.5, 'T_min': 24.3, 'T_max': 24.6, 'Humidity': 53.8, 'Pressure': 1017.3, 'Irradiation': 0, 'Irr_max': 2, 'Rain': 0.0, 'Rain_min_time': 0.0}
2026-03-21 09:58:52,889 - uplink - INFO - Verarbeite Uplink für Gerät: AABBCC01020307
2026-03-21 09:58:52,896 - uplink - INFO - Daten erfolgreich in DB gespeichert für AABBCC01020307: {'Type': 1, 'Battery': 3.85, 'Temperature': 18.5, 'T_min': 17.9, 'T_max': 20.0, 'Humidity': 39.4, 'Pressure': 1015.05, 'Irradiation': 0, 'Irr_max': 20, 'Rain': 0.0, 'Rain_min_time': 0.0}
2026-03-21 09:59:00,338 - uplink - INFO - Verarbeite Uplink für Gerät: AABBCC01020316
2026-03-21 09:59:00,345 - uplink - INFO - Daten erfolgreich in DB gespeichert für AABBCC01020316: {'Type': 1, 'Battery': 4.2, 'Temperature': 24.5, 'T_min': 23.3, 'T_max': 25.3, 'Humidity': 53.8, 'Pressure': 1017.25, 'Irradiation': 2, 'Irr_max': 24, 'Rain': 0.0, 'Rain_min_time': 0.0}
2026-03-21 09:59:02,911 - uplink - INFO - Verarbeite Uplink für Gerät: AABBCC01020307
2026-03-21 09:59:02,919 - uplink - INFO - Daten erfolgreich in DB gespeichert für AABBCC01020307: {'Type': 1, 'Battery': 3.85, 'Temperature': 18.5, 'T_min': 17.9, 'T_max': 19.1, 'Humidity': 39.4, 'Pressure': 1015.05, 'Irradiation': 0, 'Irr_max': 14, 'Rain': 0.0, 'Rain_min_time': 0.0}
2026-03-21 09:59:10,366 - uplink - INFO - Verarbeite Uplink für Gerät: AABBCC01020316
2026-03-21 09:59:10,374 - uplink - INFO - Daten erfolgreich in DB gespeichert für AABBCC01020316: {'Type': 1, 'Battery': 4.2, 'Temperature': 24.5, 'T_min': 23.3, 'T_max': 25.8, 'Humidity': 53.8, 'Pressure': 1017.25, 'Irradiation': 0, 'Irr_max': 38, 'Rain': 0.0, 'Rain_min_time': 0.0}
2026-03-21 09:59:12,945 - uplink - INFO - Verarbeite Uplink für Gerät: AABBCC01020307
2026-03-21 09:59:12,952 - uplink - INFO - Daten erfolgreich in DB gespeichert für AABBCC01020307: {'Type': 1, 'Battery': 3.85, 'Temperature': 18.5, 'T_min': 17.4, 'T_max': 19.8, 'Humidity': 39.4, 'Pressure': 1015.05, 'Irradiation': 0, 'Irr_max': 38, 'Rain': 0.0, 'Rain_min_time': 0.0}
2026-03-21 09:59:20,403 - uplink - INFO - Verarbeite Uplink für Gerät: AABBCC01020316
2026-03-21 09:59:20,411 - uplink - INFO - Daten erfolgreich in DB gespeichert für AABBCC01020316: {'Type': 1, 'Battery': 4.2, 'Temperature': 24.5, 'T_min': 23.8, 'T_max': 25.2, 'Humidity': 53.8, 'Pressure': 1017.25, 'Irradiation': 0, 'Irr_max': 16, 'Rain': 0.0, 'Rain_min_time': 0.0}
2026-03-21 09:59:22,970 - uplink - INFO - Verarbeite Uplink für Gerät: AABBCC01020307
2026-03-21 09:59:22,977 - uplink - INFO - Daten erfolgreich in DB gespeichert für AABBCC01020307: {'Type': 1, 'Battery': 3.85, 'Temperature': 18.5, 'T_min': 18.2, 'T_max': 19.5, 'Humidity': 39.4, 'Pressure': 1015.05, 'Irradiation': 0, 'Irr_max': 8, 'Rain': 0.0, 'Rain_min_time': 0.0}
2026-03-21 09:59:30,427 - uplink - INFO - Verarbeite Uplink für Gerät: AABBCC01020316
2026-03-21 09:59:30,435 - uplink - INFO - Daten erfolgreich in DB gespeichert für AABBCC01020316: {'Type': 1, 'Battery': 4.2, 'Temperature': 24.5, 'T_min': 23.5, 'T_max': 25.2, 'Humidity': 53.8, 'Pressure': 1017.25, 'Irradiation': 0, 'Irr_max': 26, 'Rain': 0.0, 'Rain_min_time': 0.0}
2026-03-21 09:59:33,000 - uplink - INFO - Verarbeite Uplink für Gerät: AABBCC01020307
2026-03-21 09:59:33,007 - uplink - INFO - Daten erfolgreich in DB gespeichert für AABBCC01020307: {'Type': 1, 'Battery': 3.85, 'Temperature': 18.5, 'T_min': 17.6, 'T_max': 18.6, 'Humidity': 39.4, 'Pressure': 1015.05, 'Irradiation': 0, 'Irr_max': 34, 'Rain': 0.0, 'Rain_min_time': 0.0}
2026-03-21 09:59:40,439 - uplink - INFO - Verarbeite Uplink für Gerät: AABBCC01020316
2026-03-21 09:59:40,446 - uplink - INFO - Daten erfolgreich in DB gespeichert für AABBCC01020316: {'Type': 1, 'Battery': 4.2, 'Temperature': 24.5, 'T_min': 23.7, 'T_max': 25.6, 'Humidity': 53.8, 'Pressure': 1017.25, 'Irradiation': 0, 'Irr_max': 38, 'Rain': 0.0, 'Rain_min_time': 0.0}
2026-03-21 09:59:43,026 - uplink - INFO - Verarbeite Uplink für Gerät: AABBCC01020307
2026-03-21 09:59:43,033 - uplink - INFO - Daten erfolgreich in DB gespeichert für AABBCC01020307: {'Type': 1, 'Battery': 3.85, 'Temperature': 18.5, 'T_min': 18.0, 'T_max': 19.2, 'Humidity': 39.4, 'Pressure': 1015.05, 'Irradiation': 2, 'Irr_max': 50, 'Rain': 0.0, 'Rain_min_time': 0.0}
2026-03-21 09:59:50,462 - uplink - INFO - Verarbeite Uplink für Gerät: AABBCC01020316
2026-03-21 09:59:50,470 - uplink - INFO - Daten erfolgreich in DB gespeichert für AABBCC01020316: {'Type': 1, 'Battery': 4.2, 'Temperature': 24.5, 'T_min': 23.5, 'T_max': 24.6, 'Humidity': 53.8, 'Pressure': 1017.25, 'Irradiation': 0, 'Irr_max': 46, 'Rain': 0.0, 'Rain_min_time': 0.0}
2026-03-21 09:59:53,056 - uplink - INFO - Verarbeite Uplink für Gerät: AABBCC01020307
2026-03-21 09:59:53,063 - uplink - INFO - Daten erfolgreich in DB gespeichert für AABBCC01020307: {'Type': 1, 'Battery': 3.85, 'Temperature': 18.5, 'T_min': 18.0, 'T_max': 19.4, 'Humidity': 39.4, 'Pressure': 1015.05, 'Irradiation': 0, 'Irr_max': 36, 'Rain': 0.0, 'Rain_min_time': 0.0}
2026-03-21 10:00:00,488 - uplink - INFO - Verarbeite Uplink für Gerät: AABBCC01020316
2026-03-21 10:00:00,498 - uplink - INFO - Daten erfolgreich in DB gespeichert für AABBCC01020316: {'Type': 1, 'Battery': 4.2, 'Temperature': 24.5, 'T_min': 24.4, 'T_max': 24.7, 'Humidity': 53.8, 'Pressure': 1017.25, 'Irradiation': 0, 'Irr_max': 10, 'Rain': 0.0, 'Rain_min_time': 0.0}
2026-03-21 10:00:03,092 - uplink - INFO - Verarbeite Uplink für Gerät: AABBCC01020307
2026-03-21 10:00:03,101 - uplink - INFO - Daten erfolgreich in DB gespeichert für AABBCC01020307: {'Type': 1, 'Battery': 3.85, 'Temperature': 18.5, 'T_min': 18.2, 'T_max': 18.7, 'Humidity': 39.4, 'Pressure': 1015.05, 'Irradiation': 0, 'Irr_max': 22, 'Rain': 0.0, 'Rain_min_time': 0.0}
2026-03-21 10:00:10,502 - uplink - INFO - Verarbeite Uplink für Gerät: AABBCC01020316
2026-03-21 10:00:10,509 - uplink - INFO - Daten erfolgreich in DB gespeichert für AABBCC01020316: {'Type': 1, 'Battery': 4.2, 'Temperature': 24.5, 'T_min': 23.2, 'T_max': 25.5, 'Humidity': 53.8, 'Pressure': 1017.25, 'Irradiation': 0, 'Irr_max': 0, 'Rain': 0.0, 'Rain_min_time': 0.0}
2026-03-21 10:00:13,123 - uplink - INFO - Verarbeite Uplink für Gerät: AABBCC01020307
2026-03-21 10:00:13,130 - uplink - INFO - Daten erfolgreich in DB gespeichert für AABBCC01020307: {'Type': 1, 'Battery': 3.85, 'Temperature': 18.5, 'T_min': 18.5, 'T_max': 19.2, 'Humidity': 39.4, 'Pressure': 1015.05, 'Irradiation': 0, 'Irr_max': 44, 'Rain': 0.0, 'Rain_min_time': 0.0}
2026-03-21 10:00:20,525 - uplink - INFO - Verarbeite Uplink für Gerät: AABBCC01020316
2026-03-21 10:00:20,533 - uplink - INFO - Daten erfolgreich in DB gespeichert für AABBCC01020316: {'Type': 1, 'Battery': 4.2, 'Temperature': 24.5, 'T_min': 23.1, 'T_max': 24.5, 'Humidity': 53.8, 'Pressure': 1017.25, 'Irradiation': 0, 'Irr_max': 40, 'Rain': 0.0, 'Rain_min_time': 0.0}
2026-03-21 10:00:23,152 - uplink - INFO - Verarbeite Uplink für Gerät: AABBCC01020307
2026-03-21 10:00:23,161 - uplink - INFO - Daten erfolgreich in DB gespeichert für AABBCC01020307: {'Type': 1, 'Battery': 3.85, 'Temperature': 18.5, 'T_min': 17.3, 'T_max': 19.5, 'Humidity': 39.6, 'Pressure': 1015.05, 'Irradiation': 0, 'Irr_max': 2, 'Rain': 0.0, 'Rain_min_time': 0.0}
